{"ts": "2025-11-13T16:44:33.028416Z", "level": "INFO", "event": "API.CLIENT.INIT", "event_code": "EVT-PM-001", "trace_id": "TRC-20251113164433-8da4f1354e41", "service": "polymarket_api", "msg": "Polymarket Gamma API 客户端初始化完成", "extra": {"base_url": "https://gamma-api.polymarket.com", "timeout": 10, "proxy_enabled": false}}
{"ts": "2025-11-13T16:44:33.029721Z", "level": "INFO", "event": "API.REQUEST.START", "event_code": "EVT-PM-002", "trace_id": "TRC-20251113164433-8da4f1354e41", "service": "polymarket_api", "msg": "开始 API 请求", "extra": {"url": "https://gamma-api.polymarket.com/tags", "params": {"limit": 1}}}
{"ts": "2025-11-13T16:44:33.720826Z", "level": "INFO", "event": "API.REQUEST.SUCCESS", "event_code": "EVT-PM-003", "trace_id": "TRC-20251113164433-8da4f1354e41", "service": "polymarket_api", "msg": "API 请求成功", "extra": {"url": "https://gamma-api.polymarket.com/tags", "status_code": 200, "response_size": 169}}
{"ts": "2025-11-13T16:44:33.726959Z", "level": "INFO", "event": "API.HEALTH.OK", "event_code": "API.HEALTH.OK", "trace_id": "TRC-20251113164433-8da4f1354e41", "service": "polymarket_api", "msg": "API 服务健康检查通过"}
{"ts": "2025-11-13T16:44:33.728182Z", "level": "INFO", "event": "API.TAG.FETCH", "event_code": "EVT-PM-007", "trace_id": "TRC-20251113164433-8da4f1354e41", "service": "polymarket_api", "msg": "获取标签列表"}
{"ts": "2025-11-13T16:44:33.728854Z", "level": "INFO", "event": "API.REQUEST.START", "event_code": "EVT-PM-002", "trace_id": "TRC-20251113164433-8da4f1354e41", "service": "polymarket_api", "msg": "开始 API 请求", "extra": {"url": "https://gamma-api.polymarket.com/tags", "params": {}}}
{"ts": "2025-11-13T16:44:34.281357Z", "level": "INFO", "event": "API.REQUEST.SUCCESS", "event_code": "EVT-PM-003", "trace_id": "TRC-20251113164433-8da4f1354e41", "service": "polymarket_api", "msg": "API 请求成功", "extra": {"url": "https://gamma-api.polymarket.com/tags", "status_code": 200, "response_size": 16588}}
{"ts": "2025-11-13T16:44:34.282260Z", "level": "INFO", "event": "API.TAG.FETCH", "event_code": "EVT-PM-007", "trace_id": "TRC-20251113164433-8da4f1354e41", "service": "polymarket_api", "msg": "标签列表获取完成", "extra": {"count": 100}}
{"ts": "2025-11-13T16:44:34.283214Z", "level": "INFO", "event": "API.MARKET.ACTIVE", "event_code": "API.MARKET.ACTIVE", "trace_id": "TRC-20251113164433-8da4f1354e41", "service": "polymarket_api", "msg": "获取活跃市场"}
{"ts": "2025-11-13T16:44:34.283634Z", "level": "INFO", "event": "API.MARKET.FETCH", "event_code": "EVT-PM-005", "trace_id": "TRC-20251113164433-8da4f1354e41", "service": "polymarket_api", "msg": "获取市场列表", "extra": {"params": {"limit": 5, "closed": "false"}}}
{"ts": "2025-11-13T16:44:34.284009Z", "level": "INFO", "event": "API.REQUEST.START", "event_code": "EVT-PM-002", "trace_id": "TRC-20251113164433-8da4f1354e41", "service": "polymarket_api", "msg": "开始 API 请求", "extra": {"url": "https://gamma-api.polymarket.com/markets", "params": {"limit": 5, "closed": "false"}}}
{"ts": "2025-11-13T16:44:34.589596Z", "level": "INFO", "event": "API.REQUEST.SUCCESS", "event_code": "EVT-PM-003", "trace_id": "TRC-20251113164433-8da4f1354e41", "service": "polymarket_api", "msg": "API 请求成功", "extra": {"url": "https://gamma-api.polymarket.com/markets", "status_code": 200, "response_size": 24539}}
{"ts": "2025-11-13T16:44:34.590933Z", "level": "INFO", "event": "API.MARKET.FETCH", "event_code": "EVT-PM-005", "trace_id": "TRC-20251113164433-8da4f1354e41", "service": "polymarket_api", "msg": "市场列表获取完成", "extra": {"count": 5}}
{"ts": "2025-11-13T16:44:34.592393Z", "level": "INFO", "event": "API.REQUEST.START", "event_code": "EVT-PM-002", "trace_id": "TRC-20251113164433-8da4f1354e41", "service": "polymarket_api", "msg": "开始 API 请求", "extra": {"url": "https://gamma-api.polymarket.com/markets/502517", "params": {}}}
{"ts": "2025-11-13T16:44:34.906337Z", "level": "INFO", "event": "API.REQUEST.SUCCESS", "event_code": "EVT-PM-003", "trace_id": "TRC-20251113164433-8da4f1354e41", "service": "polymarket_api", "msg": "API 请求成功", "extra": {"url": "https://gamma-api.polymarket.com/markets/502517", "status_code": 200, "response_size": 1966}}
{"ts": "2025-11-13T16:44:34.908361Z", "level": "INFO", "event": "API.REQUEST.START", "event_code": "EVT-PM-002", "trace_id": "TRC-20251113164433-8da4f1354e41", "service": "polymarket_api", "msg": "开始 API 请求", "extra": {"url": "https://gamma-api.polymarket.com/markets/502517", "params": {}}}
{"ts": "2025-11-13T16:44:35.214258Z", "level": "INFO", "event": "API.REQUEST.SUCCESS", "event_code": "EVT-PM-003", "trace_id": "TRC-20251113164433-8da4f1354e41", "service": "polymarket_api", "msg": "API 请求成功", "extra": {"url": "https://gamma-api.polymarket.com/markets/502517", "status_code": 200, "response_size": 1966}}
{"ts": "2025-11-13T16:44:35.215081Z", "level": "INFO", "event": "API.MARKET.OUTCOMES", "event_code": "API.MARKET.OUTCOMES", "trace_id": "TRC-20251113164433-8da4f1354e41", "service": "polymarket_api", "msg": "获取市场选项和价格完成", "extra": {"market_id": "502517", "has_outcomes": true, "has_prices": false}}
{"ts": "2025-11-13T16:44:35.216654Z", "level": "INFO", "event": "API.EVENT.FETCH", "event_code": "EVT-PM-006", "trace_id": "TRC-20251113164433-8da4f1354e41", "service": "polymarket_api", "msg": "获取事件列表", "extra": {"params": {"limit": 3}}}
{"ts": "2025-11-13T16:44:35.217108Z", "level": "INFO", "event": "API.REQUEST.START", "event_code": "EVT-PM-002", "trace_id": "TRC-20251113164433-8da4f1354e41", "service": "polymarket_api", "msg": "开始 API 请求", "extra": {"url": "https://gamma-api.polymarket.com/events", "params": {"limit": 3}}}
{"ts": "2025-11-13T16:44:36.006777Z", "level": "INFO", "event": "API.REQUEST.SUCCESS", "event_code": "EVT-PM-003", "trace_id": "TRC-20251113164433-8da4f1354e41", "service": "polymarket_api", "msg": "API 请求成功", "extra": {"url": "https://gamma-api.polymarket.com/events", "status_code": 200, "response_size": 17365}}
{"ts": "2025-11-13T16:44:36.008096Z", "level": "INFO", "event": "API.EVENT.FETCH", "event_code": "EVT-PM-006", "trace_id": "TRC-20251113164433-8da4f1354e41", "service": "polymarket_api", "msg": "事件列表获取完成", "extra": {"count": 3}}
{"ts": "2025-11-13T16:44:36.009217Z", "level": "INFO", "event": "API.REQUEST.START", "event_code": "EVT-PM-002", "trace_id": "TRC-20251113164433-8da4f1354e41", "service": "polymarket_api", "msg": "开始 API 请求", "extra": {"url": "https://gamma-api.polymarket.com/events/2890", "params": {}}}
{"ts": "2025-11-13T16:44:36.596937Z", "level": "INFO", "event": "API.REQUEST.SUCCESS", "event_code": "EVT-PM-003", "trace_id": "TRC-20251113164433-8da4f1354e41", "service": "polymarket_api", "msg": "API 请求成功", "extra": {"url": "https://gamma-api.polymarket.com/events/2890", "status_code": 200, "response_size": 5841}}
{"ts": "2025-11-13T16:44:36.597757Z", "level": "INFO", "event": "API.EVENT.MARKETS", "event_code": "API.EVENT.MARKETS", "trace_id": "TRC-20251113164433-8da4f1354e41", "service": "polymarket_api", "msg": "获取事件市场完成", "extra": {"event_id": "2890", "market_count": 1}}
{"ts": "2025-11-13T16:44:36.598654Z", "level": "INFO", "event": "API.SEARCH.START", "event_code": "API.SEARCH.START", "trace_id": "TRC-20251113164433-8da4f1354e41", "service": "polymarket_api", "msg": "开始搜索", "extra": {"query": "election", "params": {"query": "election", "limit": 3}}}
{"ts": "2025-11-13T16:44:36.599083Z", "level": "INFO", "event": "API.REQUEST.START", "event_code": "EVT-PM-002", "trace_id": "TRC-20251113164433-8da4f1354e41", "service": "polymarket_api", "msg": "开始 API 请求", "extra": {"url": "https://gamma-api.polymarket.com/public-search", "params": {"query": "election", "limit": 3}}}
{"ts": "2025-11-13T16:44:36.892681Z", "level": "ERROR", "event": "API.REQUEST.ERROR", "event_code": "EVT-PM-004", "trace_id": "TRC-20251113164433-8da4f1354e41", "service": "polymarket_api", "msg": "HTTP 错误: 422 - https://gamma-api.polymarket.com/public-search", "error_code": "E-PM-001", "error_name": "HTTP_ERROR", "extra": {"url": "https://gamma-api.polymarket.com/public-search", "status_code": 422, "response_text": "{\"type\":\"validation error\",\"error\":\"query argument \\\"q\\\": empty\"}\n"}}
{"ts": "2025-11-13T16:44:36.899637Z", "level": "INFO", "event": "API.CLIENT.INIT", "event_code": "EVT-PM-001", "trace_id": "TRC-20251113164433-8da4f1354e41", "service": "polymarket_api", "msg": "Polymarket Gamma API 客户端初始化完成", "extra": {"base_url": "https://gamma-api.polymarket.com", "timeout": 30, "proxy_enabled": false}}
{"ts": "2025-11-13T16:44:36.900020Z", "level": "INFO", "event": "API.MARKET.ACTIVE", "event_code": "API.MARKET.ACTIVE", "trace_id": "TRC-20251113164433-8da4f1354e41", "service": "polymarket_api", "msg": "获取活跃市场"}
{"ts": "2025-11-13T16:44:36.900288Z", "level": "INFO", "event": "API.MARKET.FETCH", "event_code": "EVT-PM-005", "trace_id": "TRC-20251113164433-8da4f1354e41", "service": "polymarket_api", "msg": "获取市场列表", "extra": {"params": {"limit": 3, "closed": "false"}}}
{"ts": "2025-11-13T16:44:36.900606Z", "level": "INFO", "event": "API.REQUEST.START", "event_code": "EVT-PM-002", "trace_id": "TRC-20251113164433-8da4f1354e41", "service": "polymarket_api", "msg": "开始 API 请求", "extra": {"url": "https://gamma-api.polymarket.com/markets", "params": {"limit": 3, "closed": "false"}}}
{"ts": "2025-11-13T16:44:38.741994Z", "level": "INFO", "event": "API.REQUEST.SUCCESS", "event_code": "EVT-PM-003", "trace_id": "TRC-20251113164433-8da4f1354e41", "service": "polymarket_api", "msg": "API 请求成功", "extra": {"url": "https://gamma-api.polymarket.com/markets", "status_code": 200, "response_size": 14472}}
{"ts": "2025-11-13T16:44:38.742638Z", "level": "INFO", "event": "API.MARKET.FETCH", "event_code": "EVT-PM-005", "trace_id": "TRC-20251113164433-8da4f1354e41", "service": "polymarket_api", "msg": "市场列表获取完成", "extra": {"count": 3}}
{"ts": "2025-11-13T16:44:38.743974Z", "level": "INFO", "event": "API.CLIENT.INIT", "event_code": "EVT-PM-001", "trace_id": "TRC-20251113164433-8da4f1354e41", "service": "polymarket_api", "msg": "Polymarket Gamma API 客户端初始化完成", "extra": {"base_url": "https://gamma-api.polymarket.com", "timeout": 30, "proxy_enabled": false}}
{"ts": "2025-11-13T16:44:38.744456Z", "level": "INFO", "event": "API.SEARCH.START", "event_code": "API.SEARCH.START", "trace_id": "TRC-20251113164433-8da4f1354e41", "service": "polymarket_api", "msg": "开始搜索", "extra": {"query": "crypto", "params": {"query": "crypto", "limit": 2}}}
{"ts": "2025-11-13T16:44:38.744807Z", "level": "INFO", "event": "API.REQUEST.START", "event_code": "EVT-PM-002", "trace_id": "TRC-20251113164433-8da4f1354e41", "service": "polymarket_api", "msg": "开始 API 请求", "extra": {"url": "https://gamma-api.polymarket.com/public-search", "params": {"query": "crypto", "limit": 2}}}
{"ts": "2025-11-13T16:44:39.523221Z", "level": "ERROR", "event": "API.REQUEST.ERROR", "event_code": "EVT-PM-004", "trace_id": "TRC-20251113164433-8da4f1354e41", "service": "polymarket_api", "msg": "HTTP 错误: 422 - https://gamma-api.polymarket.com/public-search", "error_code": "E-PM-001", "error_name": "HTTP_ERROR", "extra": {"url": "https://gamma-api.polymarket.com/public-search", "status_code": 422, "response_text": "{\"type\":\"validation error\",\"error\":\"query argument \\\"q\\\": empty\"}\n"}}
{"ts": "2025-11-13T16:44:58.456026Z", "level": "INFO", "event": "API.CLIENT.INIT", "event_code": "EVT-PM-001", "trace_id": "TRC-20251113164458-80e067f72950", "service": "polymarket_api", "msg": "Polymarket Gamma API 客户端初始化完成", "extra": {"base_url": "https://gamma-api.polymarket.com", "timeout": 10, "proxy_enabled": false}}
{"ts": "2025-11-13T16:44:58.457565Z", "level": "INFO", "event": "API.REQUEST.START", "event_code": "EVT-PM-002", "trace_id": "TRC-20251113164458-80e067f72950", "service": "polymarket_api", "msg": "开始 API 请求", "extra": {"url": "https://gamma-api.polymarket.com/tags", "params": {"limit": 1}}}
{"ts": "2025-11-13T16:44:59.204574Z", "level": "INFO", "event": "API.REQUEST.SUCCESS", "event_code": "EVT-PM-003", "trace_id": "TRC-20251113164458-80e067f72950", "service": "polymarket_api", "msg": "API 请求成功", "extra": {"url": "https://gamma-api.polymarket.com/tags", "status_code": 200, "response_size": 169}}
{"ts": "2025-11-13T16:44:59.205543Z", "level": "INFO", "event": "API.HEALTH.OK", "event_code": "API.HEALTH.OK", "trace_id": "TRC-20251113164458-80e067f72950", "service": "polymarket_api", "msg": "API 服务健康检查通过"}
{"ts": "2025-11-13T16:44:59.206204Z", "level": "INFO", "event": "API.TAG.FETCH", "event_code": "EVT-PM-007", "trace_id": "TRC-20251113164458-80e067f72950", "service": "polymarket_api", "msg": "获取标签列表"}
{"ts": "2025-11-13T16:44:59.206562Z", "level": "INFO", "event": "API.REQUEST.START", "event_code": "EVT-PM-002", "trace_id": "TRC-20251113164458-80e067f72950", "service": "polymarket_api", "msg": "开始 API 请求", "extra": {"url": "https://gamma-api.polymarket.com/tags", "params": {}}}
{"ts": "2025-11-13T16:44:59.509820Z", "level": "INFO", "event": "API.REQUEST.SUCCESS", "event_code": "EVT-PM-003", "trace_id": "TRC-20251113164458-80e067f72950", "service": "polymarket_api", "msg": "API 请求成功", "extra": {"url": "https://gamma-api.polymarket.com/tags", "status_code": 200, "response_size": 16588}}
{"ts": "2025-11-13T16:44:59.510926Z", "level": "INFO", "event": "API.TAG.FETCH", "event_code": "EVT-PM-007", "trace_id": "TRC-20251113164458-80e067f72950", "service": "polymarket_api", "msg": "标签列表获取完成", "extra": {"count": 100}}
{"ts": "2025-11-13T16:44:59.512121Z", "level": "INFO", "event": "API.MARKET.ACTIVE", "event_code": "API.MARKET.ACTIVE", "trace_id": "TRC-20251113164458-80e067f72950", "service": "polymarket_api", "msg": "获取活跃市场"}
{"ts": "2025-11-13T16:44:59.512695Z", "level": "INFO", "event": "API.MARKET.FETCH", "event_code": "EVT-PM-005", "trace_id": "TRC-20251113164458-80e067f72950", "service": "polymarket_api", "msg": "获取市场列表", "extra": {"params": {"limit": 5, "closed": "false"}}}
{"ts": "2025-11-13T16:44:59.513133Z", "level": "INFO", "event": "API.REQUEST.START", "event_code": "EVT-PM-002", "trace_id": "TRC-20251113164458-80e067f72950", "service": "polymarket_api", "msg": "开始 API 请求", "extra": {"url": "https://gamma-api.polymarket.com/markets", "params": {"limit": 5, "closed": "false"}}}
{"ts": "2025-11-13T16:44:59.842905Z", "level": "INFO", "event": "API.REQUEST.SUCCESS", "event_code": "EVT-PM-003", "trace_id": "TRC-20251113164458-80e067f72950", "service": "polymarket_api", "msg": "API 请求成功", "extra": {"url": "https://gamma-api.polymarket.com/markets", "status_code": 200, "response_size": 24539}}
{"ts": "2025-11-13T16:44:59.844209Z", "level": "INFO", "event": "API.MARKET.FETCH", "event_code": "EVT-PM-005", "trace_id": "TRC-20251113164458-80e067f72950", "service": "polymarket_api", "msg": "市场列表获取完成", "extra": {"count": 5}}
{"ts": "2025-11-13T16:44:59.845240Z", "level": "INFO", "event": "API.REQUEST.START", "event_code": "EVT-PM-002", "trace_id": "TRC-20251113164458-80e067f72950", "service": "polymarket_api", "msg": "开始 API 请求", "extra": {"url": "https://gamma-api.polymarket.com/markets/502517", "params": {}}}
{"ts": "2025-11-13T16:45:00.165222Z", "level": "INFO", "event": "API.REQUEST.SUCCESS", "event_code": "EVT-PM-003", "trace_id": "TRC-20251113164458-80e067f72950", "service": "polymarket_api", "msg": "API 请求成功", "extra": {"url": "https://gamma-api.polymarket.com/markets/502517", "status_code": 200, "response_size": 1966}}
{"ts": "2025-11-13T16:45:00.166505Z", "level": "INFO", "event": "API.REQUEST.START", "event_code": "EVT-PM-002", "trace_id": "TRC-20251113164458-80e067f72950", "service": "polymarket_api", "msg": "开始 API 请求", "extra": {"url": "https://gamma-api.polymarket.com/markets/502517", "params": {}}}
{"ts": "2025-11-13T16:45:00.469807Z", "level": "INFO", "event": "API.REQUEST.SUCCESS", "event_code": "EVT-PM-003", "trace_id": "TRC-20251113164458-80e067f72950", "service": "polymarket_api", "msg": "API 请求成功", "extra": {"url": "https://gamma-api.polymarket.com/markets/502517", "status_code": 200, "response_size": 1966}}
{"ts": "2025-11-13T16:45:00.470665Z", "level": "INFO", "event": "API.MARKET.OUTCOMES", "event_code": "API.MARKET.OUTCOMES", "trace_id": "TRC-20251113164458-80e067f72950", "service": "polymarket_api", "msg": "获取市场选项和价格完成", "extra": {"market_id": "502517", "has_outcomes": true, "has_prices": false}}
{"ts": "2025-11-13T16:45:00.471984Z", "level": "INFO", "event": "API.EVENT.FETCH", "event_code": "EVT-PM-006", "trace_id": "TRC-20251113164458-80e067f72950", "service": "polymarket_api", "msg": "获取事件列表", "extra": {"params": {"limit": 3}}}
{"ts": "2025-11-13T16:45:00.472552Z", "level": "INFO", "event": "API.REQUEST.START", "event_code": "EVT-PM-002", "trace_id": "TRC-20251113164458-80e067f72950", "service": "polymarket_api", "msg": "开始 API 请求", "extra": {"url": "https://gamma-api.polymarket.com/events", "params": {"limit": 3}}}
{"ts": "2025-11-13T16:45:01.029776Z", "level": "INFO", "event": "API.REQUEST.SUCCESS", "event_code": "EVT-PM-003", "trace_id": "TRC-20251113164458-80e067f72950", "service": "polymarket_api", "msg": "API 请求成功", "extra": {"url": "https://gamma-api.polymarket.com/events", "status_code": 200, "response_size": 17365}}
{"ts": "2025-11-13T16:45:01.030862Z", "level": "INFO", "event": "API.EVENT.FETCH", "event_code": "EVT-PM-006", "trace_id": "TRC-20251113164458-80e067f72950", "service": "polymarket_api", "msg": "事件列表获取完成", "extra": {"count": 3}}
{"ts": "2025-11-13T16:45:01.031943Z", "level": "INFO", "event": "API.REQUEST.START", "event_code": "EVT-PM-002", "trace_id": "TRC-20251113164458-80e067f72950", "service": "polymarket_api", "msg": "开始 API 请求", "extra": {"url": "https://gamma-api.polymarket.com/events/2890", "params": {}}}
{"ts": "2025-11-13T16:45:01.333241Z", "level": "INFO", "event": "API.REQUEST.SUCCESS", "event_code": "EVT-PM-003", "trace_id": "TRC-20251113164458-80e067f72950", "service": "polymarket_api", "msg": "API 请求成功", "extra": {"url": "https://gamma-api.polymarket.com/events/2890", "status_code": 200, "response_size": 5841}}
{"ts": "2025-11-13T16:45:01.333848Z", "level": "INFO", "event": "API.EVENT.MARKETS", "event_code": "API.EVENT.MARKETS", "trace_id": "TRC-20251113164458-80e067f72950", "service": "polymarket_api", "msg": "获取事件市场完成", "extra": {"event_id": "2890", "market_count": 1}}
{"ts": "2025-11-13T16:45:01.334466Z", "level": "INFO", "event": "API.SEARCH.START", "event_code": "API.SEARCH.START", "trace_id": "TRC-20251113164458-80e067f72950", "service": "polymarket_api", "msg": "开始搜索", "extra": {"query": "election", "params": {"q": "election", "limit": 3}}}
{"ts": "2025-11-13T16:45:01.334913Z", "level": "INFO", "event": "API.REQUEST.START", "event_code": "EVT-PM-002", "trace_id": "TRC-20251113164458-80e067f72950", "service": "polymarket_api", "msg": "开始 API 请求", "extra": {"url": "https://gamma-api.polymarket.com/public-search", "params": {"q": "election", "limit": 3}}}
{"ts": "2025-11-13T16:45:01.944159Z", "level": "INFO", "event": "API.REQUEST.SUCCESS", "event_code": "EVT-PM-003", "trace_id": "TRC-20251113164458-80e067f72950", "service": "polymarket_api", "msg": "API 请求成功", "extra": {"url": "https://gamma-api.polymarket.com/public-search", "status_code": 200, "response_size": 167995}}
{"ts": "2025-11-13T16:45:01.946642Z", "level": "INFO", "event": "API.SEARCH.COMPLETE", "event_code": "API.SEARCH.COMPLETE", "trace_id": "TRC-20251113164458-80e067f72950", "service": "polymarket_api", "msg": "搜索完成", "extra": {"query": "election", "result_keys": ["events", "pagination"]}}
{"ts": "2025-11-13T16:45:01.947509Z", "level": "INFO", "event": "API.REQUEST.START", "event_code": "EVT-PM-002", "trace_id": "TRC-20251113164458-80e067f72950", "service": "polymarket_api", "msg": "开始 API 请求", "extra": {"url": "https://gamma-api.polymarket.com/tags/slug/dating", "params": {}}}
{"ts": "2025-11-13T16:45:02.250033Z", "level": "INFO", "event": "API.REQUEST.SUCCESS", "event_code": "EVT-PM-003", "trace_id": "TRC-20251113164458-80e067f72950", "service": "polymarket_api", "msg": "API 请求成功", "extra": {"url": "https://gamma-api.polymarket.com/tags/slug/dating", "status_code": 200, "response_size": 167}}
{"ts": "2025-11-13T16:45:02.250737Z", "level": "INFO", "event": "API.MARKET.BY_TAG", "event_code": "API.MARKET.BY_TAG", "trace_id": "TRC-20251113164458-80e067f72950", "service": "polymarket_api", "msg": "根据标签获取市场", "extra": {"tag_slug": "dating", "tag_id": "207"}}
{"ts": "2025-11-13T16:45:02.251156Z", "level": "INFO", "event": "API.MARKET.FETCH", "event_code": "EVT-PM-005", "trace_id": "TRC-20251113164458-80e067f72950", "service": "polymarket_api", "msg": "获取市场列表", "extra": {"params": {"limit": 3, "tag_id": "207"}}}
{"ts": "2025-11-13T16:45:02.251459Z", "level": "INFO", "event": "API.REQUEST.START", "event_code": "EVT-PM-002", "trace_id": "TRC-20251113164458-80e067f72950", "service": "polymarket_api", "msg": "开始 API 请求", "extra": {"url": "https://gamma-api.polymarket.com/markets", "params": {"limit": 3, "tag_id": "207"}}}
{"ts": "2025-11-13T16:45:02.952938Z", "level": "INFO", "event": "API.REQUEST.SUCCESS", "event_code": "EVT-PM-003", "trace_id": "TRC-20251113164458-80e067f72950", "service": "polymarket_api", "msg": "API 请求成功", "extra": {"url": "https://gamma-api.polymarket.com/markets", "status_code": 200, "response_size": 4957}}
{"ts": "2025-11-13T16:45:02.953770Z", "level": "INFO", "event": "API.MARKET.FETCH", "event_code": "EVT-PM-005", "trace_id": "TRC-20251113164458-80e067f72950", "service": "polymarket_api", "msg": "市场列表获取完成", "extra": {"count": 1}}
{"ts": "2025-11-13T16:45:02.956803Z", "level": "INFO", "event": "API.CLIENT.INIT", "event_code": "EVT-PM-001", "trace_id": "TRC-20251113164458-80e067f72950", "service": "polymarket_api", "msg": "Polymarket Gamma API 客户端初始化完成", "extra": {"base_url": "https://gamma-api.polymarket.com", "timeout": 30, "proxy_enabled": false}}
{"ts": "2025-11-13T16:45:02.957195Z", "level": "INFO", "event": "API.MARKET.ACTIVE", "event_code": "API.MARKET.ACTIVE", "trace_id": "TRC-20251113164458-80e067f72950", "service": "polymarket_api", "msg": "获取活跃市场"}
{"ts": "2025-11-13T16:45:02.957620Z", "level": "INFO", "event": "API.MARKET.FETCH", "event_code": "EVT-PM-005", "trace_id": "TRC-20251113164458-80e067f72950", "service": "polymarket_api", "msg": "获取市场列表", "extra": {"params": {"limit": 3, "closed": "false"}}}
{"ts": "2025-11-13T16:45:02.958063Z", "level": "INFO", "event": "API.REQUEST.START", "event_code": "EVT-PM-002", "trace_id": "TRC-20251113164458-80e067f72950", "service": "polymarket_api", "msg": "开始 API 请求", "extra": {"url": "https://gamma-api.polymarket.com/markets", "params": {"limit": 3, "closed": "false"}}}
{"ts": "2025-11-13T16:45:03.440299Z", "level": "INFO", "event": "API.REQUEST.SUCCESS", "event_code": "EVT-PM-003", "trace_id": "TRC-20251113164458-80e067f72950", "service": "polymarket_api", "msg": "API 请求成功", "extra": {"url": "https://gamma-api.polymarket.com/markets", "status_code": 200, "response_size": 14472}}
{"ts": "2025-11-13T16:45:03.440871Z", "level": "INFO", "event": "API.MARKET.FETCH", "event_code": "EVT-PM-005", "trace_id": "TRC-20251113164458-80e067f72950", "service": "polymarket_api", "msg": "市场列表获取完成", "extra": {"count": 3}}
{"ts": "2025-11-13T16:45:03.442281Z", "level": "INFO", "event": "API.CLIENT.INIT", "event_code": "EVT-PM-001", "trace_id": "TRC-20251113164458-80e067f72950", "service": "polymarket_api", "msg": "Polymarket Gamma API 客户端初始化完成", "extra": {"base_url": "https://gamma-api.polymarket.com", "timeout": 30, "proxy_enabled": false}}
{"ts": "2025-11-13T16:45:03.442666Z", "level": "INFO", "event": "API.SEARCH.START", "event_code": "API.SEARCH.START", "trace_id": "TRC-20251113164458-80e067f72950", "service": "polymarket_api", "msg": "开始搜索", "extra": {"query": "crypto", "params": {"q": "crypto", "limit": 2}}}
{"ts": "2025-11-13T16:45:03.443022Z", "level": "INFO", "event": "API.REQUEST.START", "event_code": "EVT-PM-002", "trace_id": "TRC-20251113164458-80e067f72950", "service": "polymarket_api", "msg": "开始 API 请求", "extra": {"url": "https://gamma-api.polymarket.com/public-search", "params": {"q": "crypto", "limit": 2}}}
{"ts": "2025-11-13T16:45:04.448931Z", "level": "INFO", "event": "API.REQUEST.SUCCESS", "event_code": "EVT-PM-003", "trace_id": "TRC-20251113164458-80e067f72950", "service": "polymarket_api", "msg": "API 请求成功", "extra": {"url": "https://gamma-api.polymarket.com/public-search", "status_code": 200, "response_size": 72251}}
{"ts": "2025-11-13T16:45:04.450764Z", "level": "INFO", "event": "API.SEARCH.COMPLETE", "event_code": "API.SEARCH.COMPLETE", "trace_id": "TRC-20251113164458-80e067f72950", "service": "polymarket_api", "msg": "搜索完成", "extra": {"query": "crypto", "result_keys": ["events", "pagination"]}}
{"ts": "2025-11-13T16:45:04.452262Z", "level": "INFO", "event": "API.CLIENT.INIT", "event_code": "EVT-PM-001", "trace_id": "TRC-20251113164458-80e067f72950", "service": "polymarket_api", "msg": "Polymarket Gamma API 客户端初始化完成", "extra": {"base_url": "https://gamma-api.polymarket.com", "timeout": 30, "proxy_enabled": false}}
{"ts": "2025-11-13T16:45:04.452688Z", "level": "INFO", "event": "API.MARKET.FETCH", "event_code": "EVT-PM-005", "trace_id": "TRC-20251113164458-80e067f72950", "service": "polymarket_api", "msg": "获取市场列表", "extra": {"params": {"limit": 2, "closed": "false"}}}
{"ts": "2025-11-13T16:45:04.453066Z", "level": "INFO", "event": "API.REQUEST.START", "event_code": "EVT-PM-002", "trace_id": "TRC-20251113164458-80e067f72950", "service": "polymarket_api", "msg": "开始 API 请求", "extra": {"url": "https://gamma-api.polymarket.com/markets", "params": {"limit": 2, "closed": "false"}}}
{"ts": "2025-11-13T16:45:04.946626Z", "level": "INFO", "event": "API.REQUEST.SUCCESS", "event_code": "EVT-PM-003", "trace_id": "TRC-20251113164458-80e067f72950", "service": "polymarket_api", "msg": "API 请求成功", "extra": {"url": "https://gamma-api.polymarket.com/markets", "status_code": 200, "response_size": 7820}}
{"ts": "2025-11-13T16:45:04.947732Z", "level": "INFO", "event": "API.MARKET.FETCH", "event_code": "EVT-PM-005", "trace_id": "TRC-20251113164458-80e067f72950", "service": "polymarket_api", "msg": "市场列表获取完成", "extra": {"count": 2}}
{"ts": "2025-11-13T16:47:24.325748Z", "level": "INFO", "event": "API.CLIENT.INIT", "event_code": "EVT-PM-001", "trace_id": "TRC-20251113164724-ba37c046cca5", "service": "polymarket_api", "msg": "Polymarket Gamma API 客户端初始化完成", "extra": {"base_url": "https://gamma-api.polymarket.com", "timeout": 30, "proxy_enabled": false}}
{"ts": "2025-11-13T16:47:24.326526Z", "level": "INFO", "event": "API.REQUEST.START", "event_code": "EVT-PM-002", "trace_id": "TRC-20251113164724-ba37c046cca5", "service": "polymarket_api", "msg": "开始 API 请求", "extra": {"url": "https://gamma-api.polymarket.com/tags", "params": {"limit": 1}}}
{"ts": "2025-11-13T16:47:25.878727Z", "level": "INFO", "event": "API.REQUEST.SUCCESS", "event_code": "EVT-PM-003", "trace_id": "TRC-20251113164724-ba37c046cca5", "service": "polymarket_api", "msg": "API 请求成功", "extra": {"url": "https://gamma-api.polymarket.com/tags", "status_code": 200, "response_size": 169}}
{"ts": "2025-11-13T16:47:25.879380Z", "level": "INFO", "event": "API.HEALTH.OK", "event_code": "API.HEALTH.OK", "trace_id": "TRC-20251113164724-ba37c046cca5", "service": "polymarket_api", "msg": "API 服务健康检查通过"}
{"ts": "2025-11-13T16:47:25.879895Z", "level": "INFO", "event": "API.MARKET.ACTIVE", "event_code": "API.MARKET.ACTIVE", "trace_id": "TRC-20251113164724-ba37c046cca5", "service": "polymarket_api", "msg": "获取活跃市场"}
{"ts": "2025-11-13T16:47:25.880180Z", "level": "INFO", "event": "API.MARKET.FETCH", "event_code": "EVT-PM-005", "trace_id": "TRC-20251113164724-ba37c046cca5", "service": "polymarket_api", "msg": "获取市场列表", "extra": {"params": {"limit": 3, "closed": "false"}}}
{"ts": "2025-11-13T16:47:25.880726Z", "level": "INFO", "event": "API.REQUEST.START", "event_code": "EVT-PM-002", "trace_id": "TRC-20251113164724-ba37c046cca5", "service": "polymarket_api", "msg": "开始 API 请求", "extra": {"url": "https://gamma-api.polymarket.com/markets", "params": {"limit": 3, "closed": "false"}}}
{"ts": "2025-11-13T16:47:26.204709Z", "level": "INFO", "event": "API.REQUEST.SUCCESS", "event_code": "EVT-PM-003", "trace_id": "TRC-20251113164724-ba37c046cca5", "service": "polymarket_api", "msg": "API 请求成功", "extra": {"url": "https://gamma-api.polymarket.com/markets", "status_code": 200, "response_size": 14472}}
{"ts": "2025-11-13T16:47:26.205790Z", "level": "INFO", "event": "API.MARKET.FETCH", "event_code": "EVT-PM-005", "trace_id": "TRC-20251113164724-ba37c046cca5", "service": "polymarket_api", "msg": "市场列表获取完成", "extra": {"count": 3}}
{"ts": "2025-11-13T16:47:26.206855Z", "level": "INFO", "event": "API.TAG.FETCH", "event_code": "EVT-PM-007", "trace_id": "TRC-20251113164724-ba37c046cca5", "service": "polymarket_api", "msg": "获取标签列表"}
{"ts": "2025-11-13T16:47:26.207134Z", "level": "INFO", "event": "API.REQUEST.START", "event_code": "EVT-PM-002", "trace_id": "TRC-20251113164724-ba37c046cca5", "service": "polymarket_api", "msg": "开始 API 请求", "extra": {"url": "https://gamma-api.polymarket.com/tags", "params": {}}}
{"ts": "2025-11-13T16:47:26.540432Z", "level": "INFO", "event": "API.REQUEST.SUCCESS", "event_code": "EVT-PM-003", "trace_id": "TRC-20251113164724-ba37c046cca5", "service": "polymarket_api", "msg": "API 请求成功", "extra": {"url": "https://gamma-api.polymarket.com/tags", "status_code": 200, "response_size": 16588}}
{"ts": "2025-11-13T16:47:26.541127Z", "level": "INFO", "event": "API.TAG.FETCH", "event_code": "EVT-PM-007", "trace_id": "TRC-20251113164724-ba37c046cca5", "service": "polymarket_api", "msg": "标签列表获取完成", "extra": {"count": 100}}
{"ts": "2025-11-13T16:47:26.543895Z", "level": "INFO", "event": "API.CLIENT.INIT", "event_code": "EVT-PM-001", "trace_id": "TRC-20251113164724-ba37c046cca5", "service": "polymarket_api", "msg": "Polymarket Gamma API 客户端初始化完成", "extra": {"base_url": "https://gamma-api.polymarket.com", "timeout": 30, "proxy_enabled": false}}
{"ts": "2025-11-13T16:47:26.544552Z", "level": "INFO", "event": "API.MARKET.FETCH", "event_code": "EVT-PM-005", "trace_id": "TRC-20251113164724-ba37c046cca5", "service": "polymarket_api", "msg": "获取市场列表", "extra": {"params": {"limit": 5, "order": "volume", "ascending": "false", "closed": "false"}}}
{"ts": "2025-11-13T16:47:26.545061Z", "level": "INFO", "event": "API.REQUEST.START", "event_code": "EVT-PM-002", "trace_id": "TRC-20251113164724-ba37c046cca5", "service": "polymarket_api", "msg": "开始 API 请求", "extra": {"url": "https://gamma-api.polymarket.com/markets", "params": {"limit": 5, "order": "volume", "ascending": "false", "closed": "false"}}}
{"ts": "2025-11-13T16:47:27.098335Z", "level": "INFO", "event": "API.REQUEST.SUCCESS", "event_code": "EVT-PM-003", "trace_id": "TRC-20251113164724-ba37c046cca5", "service": "polymarket_api", "msg": "API 请求成功", "extra": {"url": "https://gamma-api.polymarket.com/markets", "status_code": 200, "response_size": 26519}}
{"ts": "2025-11-13T16:47:27.099818Z", "level": "INFO", "event": "API.MARKET.FETCH", "event_code": "EVT-PM-005", "trace_id": "TRC-20251113164724-ba37c046cca5", "service": "polymarket_api", "msg": "市场列表获取完成", "extra": {"count": 5}}
{"ts": "2025-11-13T16:47:27.101889Z", "level": "INFO", "event": "API.REQUEST.START", "event_code": "EVT-PM-002", "trace_id": "TRC-20251113164724-ba37c046cca5", "service": "polymarket_api", "msg": "开始 API 请求", "extra": {"url": "https://gamma-api.polymarket.com/markets/676892", "params": {}}}
{"ts": "2025-11-13T16:47:27.457433Z", "level": "INFO", "event": "API.REQUEST.SUCCESS", "event_code": "EVT-PM-003", "trace_id": "TRC-20251113164724-ba37c046cca5", "service": "polymarket_api", "msg": "API 请求成功", "extra": {"url": "https://gamma-api.polymarket.com/markets/676892", "status_code": 200, "response_size": 4112}}
{"ts": "2025-11-13T16:47:27.458428Z", "level": "INFO", "event": "API.MARKET.OUTCOMES", "event_code": "API.MARKET.OUTCOMES", "trace_id": "TRC-20251113164724-ba37c046cca5", "service": "polymarket_api", "msg": "获取市场选项和价格完成", "extra": {"market_id": "676892", "has_outcomes": true, "has_prices": true}}
{"ts": "2025-11-13T16:47:27.459574Z", "level": "INFO", "event": "API.REQUEST.START", "event_code": "EVT-PM-002", "trace_id": "TRC-20251113164724-ba37c046cca5", "service": "polymarket_api", "msg": "开始 API 请求", "extra": {"url": "https://gamma-api.polymarket.com/markets/676892/tags", "params": {}}}
{"ts": "2025-11-13T16:47:27.843388Z", "level": "INFO", "event": "API.REQUEST.SUCCESS", "event_code": "EVT-PM-003", "trace_id": "TRC-20251113164724-ba37c046cca5", "service": "polymarket_api", "msg": "API 请求成功", "extra": {"url": "https://gamma-api.polymarket.com/markets/676892/tags", "status_code": 200, "response_size": 516}}
{"ts": "2025-11-13T16:47:27.845888Z", "level": "INFO", "event": "API.CLIENT.INIT", "event_code": "EVT-PM-001", "trace_id": "TRC-20251113164724-ba37c046cca5", "service": "polymarket_api", "msg": "Polymarket Gamma API 客户端初始化完成", "extra": {"base_url": "https://gamma-api.polymarket.com", "timeout": 30, "proxy_enabled": false}}
{"ts": "2025-11-13T16:47:27.846434Z", "level": "INFO", "event": "API.EVENT.FETCH", "event_code": "EVT-PM-006", "trace_id": "TRC-20251113164724-ba37c046cca5", "service": "polymarket_api", "msg": "获取事件列表", "extra": {"params": {"limit": 3}}}
{"ts": "2025-11-13T16:47:27.846747Z", "level": "INFO", "event": "API.REQUEST.START", "event_code": "EVT-PM-002", "trace_id": "TRC-20251113164724-ba37c046cca5", "service": "polymarket_api", "msg": "开始 API 请求", "extra": {"url": "https://gamma-api.polymarket.com/events", "params": {"limit": 3}}}
{"ts": "2025-11-13T16:47:28.338044Z", "level": "INFO", "event": "API.REQUEST.SUCCESS", "event_code": "EVT-PM-003", "trace_id": "TRC-20251113164724-ba37c046cca5", "service": "polymarket_api", "msg": "API 请求成功", "extra": {"url": "https://gamma-api.polymarket.com/events", "status_code": 200, "response_size": 17365}}
{"ts": "2025-11-13T16:47:28.339089Z", "level": "INFO", "event": "API.EVENT.FETCH", "event_code": "EVT-PM-006", "trace_id": "TRC-20251113164724-ba37c046cca5", "service": "polymarket_api", "msg": "事件列表获取完成", "extra": {"count": 3}}
{"ts": "2025-11-13T16:47:28.340253Z", "level": "INFO", "event": "API.REQUEST.START", "event_code": "EVT-PM-002", "trace_id": "TRC-20251113164724-ba37c046cca5", "service": "polymarket_api", "msg": "开始 API 请求", "extra": {"url": "https://gamma-api.polymarket.com/events/2890", "params": {}}}
{"ts": "2025-11-13T16:47:28.639030Z", "level": "INFO", "event": "API.REQUEST.SUCCESS", "event_code": "EVT-PM-003", "trace_id": "TRC-20251113164724-ba37c046cca5", "service": "polymarket_api", "msg": "API 请求成功", "extra": {"url": "https://gamma-api.polymarket.com/events/2890", "status_code": 200, "response_size": 5841}}
{"ts": "2025-11-13T16:47:28.639556Z", "level": "INFO", "event": "API.EVENT.MARKETS", "event_code": "API.EVENT.MARKETS", "trace_id": "TRC-20251113164724-ba37c046cca5", "service": "polymarket_api", "msg": "获取事件市场完成", "extra": {"event_id": "2890", "market_count": 1}}
{"ts": "2025-11-13T16:47:28.640940Z", "level": "INFO", "event": "API.REQUEST.START", "event_code": "EVT-PM-002", "trace_id": "TRC-20251113164724-ba37c046cca5", "service": "polymarket_api", "msg": "开始 API 请求", "extra": {"url": "https://gamma-api.polymarket.com/events/2890", "params": {}}}
{"ts": "2025-11-13T16:47:28.942413Z", "level": "INFO", "event": "API.REQUEST.SUCCESS", "event_code": "EVT-PM-003", "trace_id": "TRC-20251113164724-ba37c046cca5", "service": "polymarket_api", "msg": "API 请求成功", "extra": {"url": "https://gamma-api.polymarket.com/events/2890", "status_code": 200, "response_size": 5841}}
{"ts": "2025-11-13T16:47:28.942955Z", "level": "INFO", "event": "API.REQUEST.START", "event_code": "EVT-PM-002", "trace_id": "TRC-20251113164724-ba37c046cca5", "service": "polymarket_api", "msg": "开始 API 请求", "extra": {"url": "https://gamma-api.polymarket.com/events/2890", "params": {}}}
{"ts": "2025-11-13T16:47:29.242822Z", "level": "INFO", "event": "API.REQUEST.SUCCESS", "event_code": "EVT-PM-003", "trace_id": "TRC-20251113164724-ba37c046cca5", "service": "polymarket_api", "msg": "API 请求成功", "extra": {"url": "https://gamma-api.polymarket.com/events/2890", "status_code": 200, "response_size": 5841}}
{"ts": "2025-11-13T16:47:29.243585Z", "level": "INFO", "event": "API.EVENT.MARKETS", "event_code": "API.EVENT.MARKETS", "trace_id": "TRC-20251113164724-ba37c046cca5", "service": "polymarket_api", "msg": "获取事件市场完成", "extra": {"event_id": "2890", "market_count": 1}}
{"ts": "2025-11-13T16:47:29.244129Z", "level": "INFO", "event": "API.REQUEST.START", "event_code": "EVT-PM-002", "trace_id": "TRC-20251113164724-ba37c046cca5", "service": "polymarket_api", "msg": "开始 API 请求", "extra": {"url": "https://gamma-api.polymarket.com/markets/239826", "params": {}}}
{"ts": "2025-11-13T16:47:29.546101Z", "level": "INFO", "event": "API.REQUEST.SUCCESS", "event_code": "EVT-PM-003", "trace_id": "TRC-20251113164724-ba37c046cca5", "service": "polymarket_api", "msg": "API 请求成功", "extra": {"url": "https://gamma-api.polymarket.com/markets/239826", "status_code": 200, "response_size": 3147}}
{"ts": "2025-11-13T16:47:29.546835Z", "level": "INFO", "event": "API.MARKET.OUTCOMES", "event_code": "API.MARKET.OUTCOMES", "trace_id": "TRC-20251113164724-ba37c046cca5", "service": "polymarket_api", "msg": "获取市场选项和价格完成", "extra": {"market_id": "239826", "has_outcomes": true, "has_prices": true}}
{"ts": "2025-11-13T16:47:29.547273Z", "level": "INFO", "event": "API.EVENT.COMPLETE", "event_code": "API.EVENT.COMPLETE", "trace_id": "TRC-20251113164724-ba37c046cca5", "service": "polymarket_api", "msg": "获取事件完整信息完成", "extra": {"event_id": "2890", "market_count": 1}}
{"ts": "2025-11-13T16:47:29.549585Z", "level": "INFO", "event": "API.CLIENT.INIT", "event_code": "EVT-PM-001", "trace_id": "TRC-20251113164724-ba37c046cca5", "service": "polymarket_api", "msg": "Polymarket Gamma API 客户端初始化完成", "extra": {"base_url": "https://gamma-api.polymarket.com", "timeout": 30, "proxy_enabled": false}}
{"ts": "2025-11-13T16:47:29.550087Z", "level": "INFO", "event": "API.SEARCH.START", "event_code": "API.SEARCH.START", "trace_id": "TRC-20251113164724-ba37c046cca5", "service": "polymarket_api", "msg": "开始搜索", "extra": {"query": "election", "params": {"q": "election", "limit": 3}}}
{"ts": "2025-11-13T16:47:29.550400Z", "level": "INFO", "event": "API.REQUEST.START", "event_code": "EVT-PM-002", "trace_id": "TRC-20251113164724-ba37c046cca5", "service": "polymarket_api", "msg": "开始 API 请求", "extra": {"url": "https://gamma-api.polymarket.com/public-search", "params": {"q": "election", "limit": 3}}}
{"ts": "2025-11-13T16:47:30.494274Z", "level": "INFO", "event": "API.REQUEST.SUCCESS", "event_code": "EVT-PM-003", "trace_id": "TRC-20251113164724-ba37c046cca5", "service": "polymarket_api", "msg": "API 请求成功", "extra": {"url": "https://gamma-api.polymarket.com/public-search", "status_code": 200, "response_size": 167985}}
{"ts": "2025-11-13T16:47:30.497494Z", "level": "INFO", "event": "API.SEARCH.COMPLETE", "event_code": "API.SEARCH.COMPLETE", "trace_id": "TRC-20251113164724-ba37c046cca5", "service": "polymarket_api", "msg": "搜索完成", "extra": {"query": "election", "result_keys": ["events", "pagination"]}}
{"ts": "2025-11-13T16:47:30.498787Z", "level": "INFO", "event": "API.TAG.FETCH", "event_code": "EVT-PM-007", "trace_id": "TRC-20251113164724-ba37c046cca5", "service": "polymarket_api", "msg": "获取标签列表"}
{"ts": "2025-11-13T16:47:30.499145Z", "level": "INFO", "event": "API.REQUEST.START", "event_code": "EVT-PM-002", "trace_id": "TRC-20251113164724-ba37c046cca5", "service": "polymarket_api", "msg": "开始 API 请求", "extra": {"url": "https://gamma-api.polymarket.com/tags", "params": {}}}
{"ts": "2025-11-13T16:47:30.830681Z", "level": "INFO", "event": "API.REQUEST.SUCCESS", "event_code": "EVT-PM-003", "trace_id": "TRC-20251113164724-ba37c046cca5", "service": "polymarket_api", "msg": "API 请求成功", "extra": {"url": "https://gamma-api.polymarket.com/tags", "status_code": 200, "response_size": 16588}}
{"ts": "2025-11-13T16:47:30.831358Z", "level": "INFO", "event": "API.TAG.FETCH", "event_code": "EVT-PM-007", "trace_id": "TRC-20251113164724-ba37c046cca5", "service": "polymarket_api", "msg": "标签列表获取完成", "extra": {"count": 100}}
{"ts": "2025-11-13T16:47:30.831884Z", "level": "INFO", "event": "API.REQUEST.START", "event_code": "EVT-PM-002", "trace_id": "TRC-20251113164724-ba37c046cca5", "service": "polymarket_api", "msg": "开始 API 请求", "extra": {"url": "https://gamma-api.polymarket.com/tags/slug/dating", "params": {}}}
{"ts": "2025-11-13T16:47:31.133918Z", "level": "INFO", "event": "API.REQUEST.SUCCESS", "event_code": "EVT-PM-003", "trace_id": "TRC-20251113164724-ba37c046cca5", "service": "polymarket_api", "msg": "API 请求成功", "extra": {"url": "https://gamma-api.polymarket.com/tags/slug/dating", "status_code": 200, "response_size": 167}}
{"ts": "2025-11-13T16:47:31.134498Z", "level": "INFO", "event": "API.MARKET.BY_TAG", "event_code": "API.MARKET.BY_TAG", "trace_id": "TRC-20251113164724-ba37c046cca5", "service": "polymarket_api", "msg": "根据标签获取市场", "extra": {"tag_slug": "dating", "tag_id": "207"}}
{"ts": "2025-11-13T16:47:31.135133Z", "level": "INFO", "event": "API.MARKET.FETCH", "event_code": "EVT-PM-005", "trace_id": "TRC-20251113164724-ba37c046cca5", "service": "polymarket_api", "msg": "获取市场列表", "extra": {"params": {"limit": 3, "tag_id": "207"}}}
{"ts": "2025-11-13T16:47:31.135580Z", "level": "INFO", "event": "API.REQUEST.START", "event_code": "EVT-PM-002", "trace_id": "TRC-20251113164724-ba37c046cca5", "service": "polymarket_api", "msg": "开始 API 请求", "extra": {"url": "https://gamma-api.polymarket.com/markets", "params": {"limit": 3, "tag_id": "207"}}}
{"ts": "2025-11-13T16:47:31.451783Z", "level": "INFO", "event": "API.REQUEST.SUCCESS", "event_code": "EVT-PM-003", "trace_id": "TRC-20251113164724-ba37c046cca5", "service": "polymarket_api", "msg": "API 请求成功", "extra": {"url": "https://gamma-api.polymarket.com/markets", "status_code": 200, "response_size": 4957}}
{"ts": "2025-11-13T16:47:31.452546Z", "level": "INFO", "event": "API.MARKET.FETCH", "event_code": "EVT-PM-005", "trace_id": "TRC-20251113164724-ba37c046cca5", "service": "polymarket_api", "msg": "市场列表获取完成", "extra": {"count": 1}}
{"ts": "2025-11-13T16:47:31.455485Z", "level": "INFO", "event": "API.CLIENT.INIT", "event_code": "EVT-PM-001", "trace_id": "TRC-20251113164724-ba37c046cca5", "service": "polymarket_api", "msg": "Polymarket Gamma API 客户端初始化完成", "extra": {"base_url": "https://gamma-api.polymarket.com", "timeout": 30, "proxy_enabled": false}}
{"ts": "2025-11-13T16:47:31.455884Z", "level": "INFO", "event": "API.MARKET.ACTIVE", "event_code": "API.MARKET.ACTIVE", "trace_id": "TRC-20251113164724-ba37c046cca5", "service": "polymarket_api", "msg": "获取活跃市场"}
{"ts": "2025-11-13T16:47:31.456159Z", "level": "INFO", "event": "API.MARKET.FETCH", "event_code": "EVT-PM-005", "trace_id": "TRC-20251113164724-ba37c046cca5", "service": "polymarket_api", "msg": "获取市场列表", "extra": {"params": {"limit": 3, "closed": "false"}}}
{"ts": "2025-11-13T16:47:31.456471Z", "level": "INFO", "event": "API.REQUEST.START", "event_code": "EVT-PM-002", "trace_id": "TRC-20251113164724-ba37c046cca5", "service": "polymarket_api", "msg": "开始 API 请求", "extra": {"url": "https://gamma-api.polymarket.com/markets", "params": {"limit": 3, "closed": "false"}}}
{"ts": "2025-11-13T16:47:33.676322Z", "level": "INFO", "event": "API.REQUEST.SUCCESS", "event_code": "EVT-PM-003", "trace_id": "TRC-20251113164724-ba37c046cca5", "service": "polymarket_api", "msg": "API 请求成功", "extra": {"url": "https://gamma-api.polymarket.com/markets", "status_code": 200, "response_size": 14472}}
{"ts": "2025-11-13T16:47:33.677267Z", "level": "INFO", "event": "API.MARKET.FETCH", "event_code": "EVT-PM-005", "trace_id": "TRC-20251113164724-ba37c046cca5", "service": "polymarket_api", "msg": "市场列表获取完成", "extra": {"count": 3}}
{"ts": "2025-11-13T16:47:33.678565Z", "level": "INFO", "event": "API.CLIENT.INIT", "event_code": "EVT-PM-001", "trace_id": "TRC-20251113164724-ba37c046cca5", "service": "polymarket_api", "msg": "Polymarket Gamma API 客户端初始化完成", "extra": {"base_url": "https://gamma-api.polymarket.com", "timeout": 30, "proxy_enabled": false}}
{"ts": "2025-11-13T16:47:33.678892Z", "level": "INFO", "event": "API.SEARCH.START", "event_code": "API.SEARCH.START", "trace_id": "TRC-20251113164724-ba37c046cca5", "service": "polymarket_api", "msg": "开始搜索", "extra": {"query": "crypto", "params": {"q": "crypto", "limit": 2}}}
{"ts": "2025-11-13T16:47:33.679171Z", "level": "INFO", "event": "API.REQUEST.START", "event_code": "EVT-PM-002", "trace_id": "TRC-20251113164724-ba37c046cca5", "service": "polymarket_api", "msg": "开始 API 请求", "extra": {"url": "https://gamma-api.polymarket.com/public-search", "params": {"q": "crypto", "limit": 2}}}
{"ts": "2025-11-13T16:47:34.458803Z", "level": "INFO", "event": "API.REQUEST.SUCCESS", "event_code": "EVT-PM-003", "trace_id": "TRC-20251113164724-ba37c046cca5", "service": "polymarket_api", "msg": "API 请求成功", "extra": {"url": "https://gamma-api.polymarket.com/public-search", "status_code": 200, "response_size": 72250}}
{"ts": "2025-11-13T16:47:34.460307Z", "level": "INFO", "event": "API.SEARCH.COMPLETE", "event_code": "API.SEARCH.COMPLETE", "trace_id": "TRC-20251113164724-ba37c046cca5", "service": "polymarket_api", "msg": "搜索完成", "extra": {"query": "crypto", "result_keys": ["events", "pagination"]}}
{"ts": "2025-11-13T16:47:34.461989Z", "level": "INFO", "event": "API.CLIENT.INIT", "event_code": "EVT-PM-001", "trace_id": "TRC-20251113164724-ba37c046cca5", "service": "polymarket_api", "msg": "Polymarket Gamma API 客户端初始化完成", "extra": {"base_url": "https://gamma-api.polymarket.com", "timeout": 30, "proxy_enabled": false}}
{"ts": "2025-11-13T16:47:34.462375Z", "level": "INFO", "event": "API.MARKET.FETCH", "event_code": "EVT-PM-005", "trace_id": "TRC-20251113164724-ba37c046cca5", "service": "polymarket_api", "msg": "获取市场列表", "extra": {"params": {"limit": 2, "closed": "false"}}}
{"ts": "2025-11-13T16:47:34.462689Z", "level": "INFO", "event": "API.REQUEST.START", "event_code": "EVT-PM-002", "trace_id": "TRC-20251113164724-ba37c046cca5", "service": "polymarket_api", "msg": "开始 API 请求", "extra": {"url": "https://gamma-api.polymarket.com/markets", "params": {"limit": 2, "closed": "false"}}}
{"ts": "2025-11-13T16:47:34.945605Z", "level": "INFO", "event": "API.REQUEST.SUCCESS", "event_code": "EVT-PM-003", "trace_id": "TRC-20251113164724-ba37c046cca5", "service": "polymarket_api", "msg": "API 请求成功", "extra": {"url": "https://gamma-api.polymarket.com/markets", "status_code": 200, "response_size": 7820}}
{"ts": "2025-11-13T16:47:34.946157Z", "level": "INFO", "event": "API.MARKET.FETCH", "event_code": "EVT-PM-005", "trace_id": "TRC-20251113164724-ba37c046cca5", "service": "polymarket_api", "msg": "市场列表获取完成", "extra": {"count": 2}}
{"ts": "2025-11-13T16:47:34.948467Z", "level": "INFO", "event": "API.CLIENT.INIT", "event_code": "EVT-PM-001", "trace_id": "TRC-20251113164724-ba37c046cca5", "service": "polymarket_api", "msg": "Polymarket Gamma API 客户端初始化完成", "extra": {"base_url": "https://gamma-api.polymarket.com", "timeout": 60, "proxy_enabled": false}}
{"ts": "2025-11-13T16:47:34.949010Z", "level": "INFO", "event": "API.MARKET.NEW", "event_code": "API.MARKET.NEW", "trace_id": "TRC-20251113164724-ba37c046cca5", "service": "polymarket_api", "msg": "获取新增市场"}
{"ts": "2025-11-13T16:47:34.949358Z", "level": "INFO", "event": "API.MARKET.FETCH", "event_code": "EVT-PM-005", "trace_id": "TRC-20251113164724-ba37c046cca5", "service": "polymarket_api", "msg": "获取市场列表", "extra": {"params": {"limit": 3, "order": "createdAt", "ascending": "false"}}}
{"ts": "2025-11-13T16:47:34.949671Z", "level": "INFO", "event": "API.REQUEST.START", "event_code": "EVT-PM-002", "trace_id": "TRC-20251113164724-ba37c046cca5", "service": "polymarket_api", "msg": "开始 API 请求", "extra": {"url": "https://gamma-api.polymarket.com/markets", "params": {"limit": 3, "order": "createdAt", "ascending": "false"}}}
{"ts": "2025-11-13T16:47:36.309651Z", "level": "INFO", "event": "API.REQUEST.SUCCESS", "event_code": "EVT-PM-003", "trace_id": "TRC-20251113164724-ba37c046cca5", "service": "polymarket_api", "msg": "API 请求成功", "extra": {"url": "https://gamma-api.polymarket.com/markets", "status_code": 200, "response_size": 17056}}
{"ts": "2025-11-13T16:47:36.310238Z", "level": "INFO", "event": "API.MARKET.FETCH", "event_code": "EVT-PM-005", "trace_id": "TRC-20251113164724-ba37c046cca5", "service": "polymarket_api", "msg": "市场列表获取完成", "extra": {"count": 3}}
{"ts": "2025-11-13T16:47:36.311292Z", "level": "INFO", "event": "API.MARKET.FETCH", "event_code": "EVT-PM-005", "trace_id": "TRC-20251113164724-ba37c046cca5", "service": "polymarket_api", "msg": "获取市场列表", "extra": {"params": {"limit": 2, "offset": 0}}}
{"ts": "2025-11-13T16:47:36.311591Z", "level": "INFO", "event": "API.REQUEST.START", "event_code": "EVT-PM-002", "trace_id": "TRC-20251113164724-ba37c046cca5", "service": "polymarket_api", "msg": "开始 API 请求", "extra": {"url": "https://gamma-api.polymarket.com/markets", "params": {"limit": 2, "offset": 0}}}
{"ts": "2025-11-13T16:47:36.615467Z", "level": "INFO", "event": "API.REQUEST.SUCCESS", "event_code": "EVT-PM-003", "trace_id": "TRC-20251113164724-ba37c046cca5", "service": "polymarket_api", "msg": "API 请求成功", "extra": {"url": "https://gamma-api.polymarket.com/markets", "status_code": 200, "response_size": 8961}}
{"ts": "2025-11-13T16:47:36.616320Z", "level": "INFO", "event": "API.MARKET.FETCH", "event_code": "EVT-PM-005", "trace_id": "TRC-20251113164724-ba37c046cca5", "service": "polymarket_api", "msg": "市场列表获取完成", "extra": {"count": 2}}
{"ts": "2025-11-13T16:47:36.616788Z", "level": "INFO", "event": "API.MARKET.FETCH", "event_code": "EVT-PM-005", "trace_id": "TRC-20251113164724-ba37c046cca5", "service": "polymarket_api", "msg": "获取市场列表", "extra": {"params": {"limit": 2, "offset": 2}}}
{"ts": "2025-11-13T16:47:36.617323Z", "level": "INFO", "event": "API.REQUEST.START", "event_code": "EVT-PM-002", "trace_id": "TRC-20251113164724-ba37c046cca5", "service": "polymarket_api", "msg": "开始 API 请求", "extra": {"url": "https://gamma-api.polymarket.com/markets", "params": {"limit": 2, "offset": 2}}}
{"ts": "2025-11-13T16:47:37.175250Z", "level": "INFO", "event": "API.REQUEST.SUCCESS", "event_code": "EVT-PM-003", "trace_id": "TRC-20251113164724-ba37c046cca5", "service": "polymarket_api", "msg": "API 请求成功", "extra": {"url": "https://gamma-api.polymarket.com/markets", "status_code": 200, "response_size": 9628}}
{"ts": "2025-11-13T16:47:37.176230Z", "level": "INFO", "event": "API.MARKET.FETCH", "event_code": "EVT-PM-005", "trace_id": "TRC-20251113164724-ba37c046cca5", "service": "polymarket_api", "msg": "市场列表获取完成", "extra": {"count": 2}}
{"ts": "2025-11-13T16:47:37.177284Z", "level": "INFO", "event": "API.MARKET.FETCH", "event_code": "EVT-PM-005", "trace_id": "TRC-20251113164724-ba37c046cca5", "service": "polymarket_api", "msg": "获取市场列表", "extra": {"params": {"limit": 3, "order": "volume", "ascending": "false", "closed": "false"}}}
{"ts": "2025-11-13T16:47:37.177845Z", "level": "INFO", "event": "API.REQUEST.START", "event_code": "EVT-PM-002", "trace_id": "TRC-20251113164724-ba37c046cca5", "service": "polymarket_api", "msg": "开始 API 请求", "extra": {"url": "https://gamma-api.polymarket.com/markets", "params": {"limit": 3, "order": "volume", "ascending": "false", "closed": "false"}}}
{"ts": "2025-11-13T16:47:37.516171Z", "level": "INFO", "event": "API.REQUEST.SUCCESS", "event_code": "EVT-PM-003", "trace_id": "TRC-20251113164724-ba37c046cca5", "service": "polymarket_api", "msg": "API 请求成功", "extra": {"url": "https://gamma-api.polymarket.com/markets", "status_code": 200, "response_size": 16883}}
{"ts": "2025-11-13T16:47:37.517469Z", "level": "INFO", "event": "API.MARKET.FETCH", "event_code": "EVT-PM-005", "trace_id": "TRC-20251113164724-ba37c046cca5", "service": "polymarket_api", "msg": "市场列表获取完成", "extra": {"count": 3}}
{"ts": "2025-11-13T16:47:37.519477Z", "level": "INFO", "event": "API.CLIENT.INIT", "event_code": "EVT-PM-001", "trace_id": "TRC-20251113164724-ba37c046cca5", "service": "polymarket_api", "msg": "Polymarket Gamma API 客户端初始化完成", "extra": {"base_url": "https://gamma-api.polymarket.com", "timeout": 30, "proxy_enabled": false}}
{"ts": "2025-11-13T16:47:37.520042Z", "level": "INFO", "event": "API.REQUEST.START", "event_code": "EVT-PM-002", "trace_id": "TRC-20251113164724-ba37c046cca5", "service": "polymarket_api", "msg": "开始 API 请求", "extra": {"url": "https://gamma-api.polymarket.com/markets/invalid_market_id", "params": {}}}
{"ts": "2025-11-13T16:47:38.261048Z", "level": "ERROR", "event": "API.REQUEST.ERROR", "event_code": "EVT-PM-004", "trace_id": "TRC-20251113164724-ba37c046cca5", "service": "polymarket_api", "msg": "HTTP 错误: 422 - https://gamma-api.polymarket.com/markets/invalid_market_id", "error_code": "E-PM-001", "error_name": "HTTP_ERROR", "extra": {"url": "https://gamma-api.polymarket.com/markets/invalid_market_id", "status_code": 422, "response_text": "{\"type\":\"validation error\",\"error\":\"id is invalid\"}\n"}}
{"ts": "2025-11-13T16:47:38.262037Z", "level": "INFO", "event": "API.REQUEST.START", "event_code": "EVT-PM-002", "trace_id": "TRC-20251113164724-ba37c046cca5", "service": "polymarket_api", "msg": "开始 API 请求", "extra": {"url": "https://gamma-api.polymarket.com/events/slug/non-existent-event-slug", "params": {}}}
{"ts": "2025-11-13T16:47:38.550454Z", "level": "ERROR", "event": "API.REQUEST.ERROR", "event_code": "EVT-PM-004", "trace_id": "TRC-20251113164724-ba37c046cca5", "service": "polymarket_api", "msg": "HTTP 错误: 404 - https://gamma-api.polymarket.com/events/slug/non-existent-event-slug", "error_code": "E-PM-001", "error_name": "HTTP_ERROR", "extra": {"url": "https://gamma-api.polymarket.com/events/slug/non-existent-event-slug", "status_code": 404, "response_text": "{\"type\":\"not found error\",\"error\":\"slug not found\"}\n"}}
{"ts": "2025-11-13T16:47:38.551422Z", "level": "WARN", "event": "API.EVENT.NOT_FOUND", "event_code": "API.EVENT.NOT_FOUND", "trace_id": "TRC-20251113164724-ba37c046cca5", "service": "polymarket_api", "msg": "事件不存在", "extra": {"slug": "non-existent-event-slug"}}
{"ts": "2025-11-13T17:03:01.880915Z", "level": "INFO", "event": "API.CLIENT.INIT", "event_code": "EVT-PM-001", "trace_id": "TRC-20251113170301-d547a9756a96", "service": "polymarket_api", "msg": "Polymarket Gamma API 客户端初始化完成", "extra": {"base_url": "https://gamma-api.polymarket.com", "timeout": 30, "proxy_enabled": false}}
{"ts": "2025-11-13T17:03:01.881898Z", "level": "INFO", "event": "API.MARKET.ACTIVE", "event_code": "API.MARKET.ACTIVE", "trace_id": "TRC-20251113170301-d547a9756a96", "service": "polymarket_api", "msg": "获取活跃市场"}
{"ts": "2025-11-13T17:03:01.881898Z", "level": "INFO", "event": "API.MARKET.FETCH", "event_code": "EVT-PM-005", "trace_id": "TRC-20251113170301-d547a9756a96", "service": "polymarket_api", "msg": "获取市场列表", "extra": {"params": {"limit": 1, "closed": "false"}}}
{"ts": "2025-11-13T17:03:01.882918Z", "level": "INFO", "event": "API.REQUEST.START", "event_code": "EVT-PM-002", "trace_id": "TRC-20251113170301-d547a9756a96", "service": "polymarket_api", "msg": "开始 API 请求", "extra": {"url": "https://gamma-api.polymarket.com/markets", "params": {"limit": 1, "closed": "false"}}}
{"ts": "2025-11-13T17:03:02.352493Z", "level": "INFO", "event": "API.REQUEST.SUCCESS", "event_code": "EVT-PM-003", "trace_id": "TRC-20251113170301-d547a9756a96", "service": "polymarket_api", "msg": "API 请求成功", "extra": {"url": "https://gamma-api.polymarket.com/markets", "status_code": 200, "response_size": 2958}}
{"ts": "2025-11-13T17:03:02.352493Z", "level": "INFO", "event": "API.MARKET.FETCH", "event_code": "EVT-PM-005", "trace_id": "TRC-20251113170301-d547a9756a96", "service": "polymarket_api", "msg": "市场列表获取完成", "extra": {"count": 1}}
{"ts": "2025-11-13T17:07:26.768041Z", "level": "INFO", "event": "API.CLIENT.INIT", "event_code": "EVT-PM-001", "trace_id": "TRC-20251113170301-d547a9756a96", "service": "polymarket_api", "msg": "Polymarket Gamma API 客户端初始化完成", "extra": {"base_url": "https://gamma-api.polymarket.com", "timeout": 30, "proxy_enabled": false}}
{"ts": "2025-11-13T17:07:37.372585Z", "level": "INFO", "event": "API.MARKET.NEW", "event_code": "API.MARKET.NEW", "trace_id": "TRC-20251113170301-d547a9756a96", "service": "polymarket_api", "msg": "获取新增市场"}
{"ts": "2025-11-13T17:07:37.372585Z", "level": "INFO", "event": "API.MARKET.FETCH", "event_code": "EVT-PM-005", "trace_id": "TRC-20251113170301-d547a9756a96", "service": "polymarket_api", "msg": "获取市场列表", "extra": {"params": {"limit": 1, "order": "createdAt", "ascending": "false"}}}
{"ts": "2025-11-13T17:07:37.373591Z", "level": "INFO", "event": "API.REQUEST.START", "event_code": "EVT-PM-002", "trace_id": "TRC-20251113170301-d547a9756a96", "service": "polymarket_api", "msg": "开始 API 请求", "extra": {"url": "https://gamma-api.polymarket.com/markets", "params": {"limit": 1, "order": "createdAt", "ascending": "false"}}}
{"ts": "2025-11-13T17:07:38.205767Z", "level": "INFO", "event": "API.REQUEST.SUCCESS", "event_code": "EVT-PM-003", "trace_id": "TRC-20251113170301-d547a9756a96", "service": "polymarket_api", "msg": "API 请求成功", "extra": {"url": "https://gamma-api.polymarket.com/markets", "status_code": 200, "response_size": 5236}}
{"ts": "2025-11-13T17:07:38.206794Z", "level": "INFO", "event": "API.MARKET.FETCH", "event_code": "EVT-PM-005", "trace_id": "TRC-20251113170301-d547a9756a96", "service": "polymarket_api", "msg": "市场列表获取完成", "extra": {"count": 1}}
{"ts": "2025-11-13T17:07:55.384108Z", "level": "INFO", "event": "API.MARKET.NEW", "event_code": "API.MARKET.NEW", "trace_id": "TRC-20251113170301-d547a9756a96", "service": "polymarket_api", "msg": "获取新增市场"}
{"ts": "2025-11-13T17:07:55.385135Z", "level": "INFO", "event": "API.MARKET.FETCH", "event_code": "EVT-PM-005", "trace_id": "TRC-20251113170301-d547a9756a96", "service": "polymarket_api", "msg": "获取市场列表", "extra": {"params": {"limit": 1, "order": "createdAt", "ascending": "false"}}}
{"ts": "2025-11-13T17:07:55.385135Z", "level": "INFO", "event": "API.REQUEST.START", "event_code": "EVT-PM-002", "trace_id": "TRC-20251113170301-d547a9756a96", "service": "polymarket_api", "msg": "开始 API 请求", "extra": {"url": "https://gamma-api.polymarket.com/markets", "params": {"limit": 1, "order": "createdAt", "ascending": "false"}}}
{"ts": "2025-11-13T17:07:56.359695Z", "level": "INFO", "event": "API.REQUEST.SUCCESS", "event_code": "EVT-PM-003", "trace_id": "TRC-20251113170301-d547a9756a96", "service": "polymarket_api", "msg": "API 请求成功", "extra": {"url": "https://gamma-api.polymarket.com/markets", "status_code": 200, "response_size": 5236}}
{"ts": "2025-11-13T17:07:56.360211Z", "level": "INFO", "event": "API.MARKET.FETCH", "event_code": "EVT-PM-005", "trace_id": "TRC-20251113170301-d547a9756a96", "service": "polymarket_api", "msg": "市场列表获取完成", "extra": {"count": 1}}
{"ts": "2025-11-13T17:09:22.435554Z", "level": "INFO", "event": "API.REQUEST.START", "event_code": "EVT-PM-002", "trace_id": "TRC-20251113170301-d547a9756a96", "service": "polymarket_api", "msg": "开始 API 请求", "extra": {"url": "https://gamma-api.polymarket.com/events/680760", "params": {}}}
{"ts": "2025-11-13T17:09:22.885066Z", "level": "ERROR", "event": "API.REQUEST.ERROR", "event_code": "EVT-PM-004", "trace_id": "TRC-20251113170301-d547a9756a96", "service": "polymarket_api", "msg": "HTTP 错误: 404 - https://gamma-api.polymarket.com/events/680760", "error_code": "E-PM-001", "error_name": "HTTP_ERROR", "extra": {"url": "https://gamma-api.polymarket.com/events/680760", "status_code": 404, "response_text": "{\"type\":\"not found error\",\"error\":\"id not found\"}\n"}}
{"ts": "2025-11-13T17:09:22.885066Z", "level": "WARN", "event": "API.EVENT.NOT_FOUND", "event_code": "API.EVENT.NOT_FOUND", "trace_id": "TRC-20251113170301-d547a9756a96", "service": "polymarket_api", "msg": "事件不存在", "extra": {"event_id": 680760}}
{"ts": "2025-11-13T17:12:08.076173Z", "level": "INFO", "event": "API.EVENT.FETCH", "event_code": "EVT-PM-006", "trace_id": "TRC-20251113170301-d547a9756a96", "service": "polymarket_api", "msg": "获取事件列表", "extra": {"params": {"limit": 1}}}
{"ts": "2025-11-13T17:12:08.077186Z", "level": "INFO", "event": "API.REQUEST.START", "event_code": "EVT-PM-002", "trace_id": "TRC-20251113170301-d547a9756a96", "service": "polymarket_api", "msg": "开始 API 请求", "extra": {"url": "https://gamma-api.polymarket.com/events", "params": {"limit": 1}}}
{"ts": "2025-11-13T17:12:09.003674Z", "level": "INFO", "event": "API.REQUEST.SUCCESS", "event_code": "EVT-PM-003", "trace_id": "TRC-20251113170301-d547a9756a96", "service": "polymarket_api", "msg": "API 请求成功", "extra": {"url": "https://gamma-api.polymarket.com/events", "status_code": 200, "response_size": 5843}}
{"ts": "2025-11-13T17:12:09.003674Z", "level": "INFO", "event": "API.EVENT.FETCH", "event_code": "EVT-PM-006", "trace_id": "TRC-20251113170301-d547a9756a96", "service": "polymarket_api", "msg": "事件列表获取完成", "extra": {"count": 1}}
{"ts": "2025-11-13T17:12:18.946816Z", "level": "INFO", "event": "API.REQUEST.START", "event_code": "EVT-PM-002", "trace_id": "TRC-20251113170301-d547a9756a96", "service": "polymarket_api", "msg": "开始 API 请求", "extra": {"url": "https://gamma-api.polymarket.com/events/2890", "params": {}}}
{"ts": "2025-11-13T17:12:19.444103Z", "level": "INFO", "event": "API.REQUEST.SUCCESS", "event_code": "EVT-PM-003", "trace_id": "TRC-20251113170301-d547a9756a96", "service": "polymarket_api", "msg": "API 请求成功", "extra": {"url": "https://gamma-api.polymarket.com/events/2890", "status_code": 200, "response_size": 5841}}
{"ts": "2025-11-13T17:12:19.444103Z", "level": "INFO", "event": "API.EVENT.MARKETS", "event_code": "API.EVENT.MARKETS", "trace_id": "TRC-20251113170301-d547a9756a96", "service": "polymarket_api", "msg": "获取事件市场完成", "extra": {"event_id": 2890, "market_count": 1}}
{"ts": "2025-11-13T17:13:03.021589Z", "level": "INFO", "event": "API.REQUEST.START", "event_code": "EVT-PM-002", "trace_id": "TRC-20251113170301-d547a9756a96", "service": "polymarket_api", "msg": "开始 API 请求", "extra": {"url": "https://gamma-api.polymarket.com/events/2890", "params": {}}}
{"ts": "2025-11-13T17:13:03.480515Z", "level": "INFO", "event": "API.REQUEST.SUCCESS", "event_code": "EVT-PM-003", "trace_id": "TRC-20251113170301-d547a9756a96", "service": "polymarket_api", "msg": "API 请求成功", "extra": {"url": "https://gamma-api.polymarket.com/events/2890", "status_code": 200, "response_size": 5841}}
{"ts": "2025-11-13T17:13:03.481510Z", "level": "INFO", "event": "API.REQUEST.START", "event_code": "EVT-PM-002", "trace_id": "TRC-20251113170301-d547a9756a96", "service": "polymarket_api", "msg": "开始 API 请求", "extra": {"url": "https://gamma-api.polymarket.com/events/2890", "params": {}}}
{"ts": "2025-11-13T17:13:03.939256Z", "level": "INFO", "event": "API.REQUEST.SUCCESS", "event_code": "EVT-PM-003", "trace_id": "TRC-20251113170301-d547a9756a96", "service": "polymarket_api", "msg": "API 请求成功", "extra": {"url": "https://gamma-api.polymarket.com/events/2890", "status_code": 200, "response_size": 5841}}
{"ts": "2025-11-13T17:13:03.939801Z", "level": "INFO", "event": "API.EVENT.MARKETS", "event_code": "API.EVENT.MARKETS", "trace_id": "TRC-20251113170301-d547a9756a96", "service": "polymarket_api", "msg": "获取事件市场完成", "extra": {"event_id": 2890, "market_count": 1}}
{"ts": "2025-11-13T17:13:03.939801Z", "level": "INFO", "event": "API.REQUEST.START", "event_code": "EVT-PM-002", "trace_id": "TRC-20251113170301-d547a9756a96", "service": "polymarket_api", "msg": "开始 API 请求", "extra": {"url": "https://gamma-api.polymarket.com/markets/239826", "params": {}}}
{"ts": "2025-11-13T17:13:04.387789Z", "level": "INFO", "event": "API.REQUEST.SUCCESS", "event_code": "EVT-PM-003", "trace_id": "TRC-20251113170301-d547a9756a96", "service": "polymarket_api", "msg": "API 请求成功", "extra": {"url": "https://gamma-api.polymarket.com/markets/239826", "status_code": 200, "response_size": 3147}}
{"ts": "2025-11-13T17:13:04.387789Z", "level": "INFO", "event": "API.MARKET.OUTCOMES", "event_code": "API.MARKET.OUTCOMES", "trace_id": "TRC-20251113170301-d547a9756a96", "service": "polymarket_api", "msg": "获取市场选项和价格完成", "extra": {"market_id": "239826", "has_outcomes": true, "has_prices": true}}
{"ts": "2025-11-13T17:13:04.388787Z", "level": "INFO", "event": "API.EVENT.COMPLETE", "event_code": "API.EVENT.COMPLETE", "trace_id": "TRC-20251113170301-d547a9756a96", "service": "polymarket_api", "msg": "获取事件完整信息完成", "extra": {"event_id": 2890, "market_count": 1}}
{"ts": "2025-11-13T17:13:18.435184Z", "level": "INFO", "event": "API.REQUEST.START", "event_code": "EVT-PM-002", "trace_id": "TRC-20251113170301-d547a9756a96", "service": "polymarket_api", "msg": "开始 API 请求", "extra": {"url": "https://gamma-api.polymarket.com/events/2890", "params": {}}}
{"ts": "2025-11-13T17:13:19.019570Z", "level": "INFO", "event": "API.REQUEST.SUCCESS", "event_code": "EVT-PM-003", "trace_id": "TRC-20251113170301-d547a9756a96", "service": "polymarket_api", "msg": "API 请求成功", "extra": {"url": "https://gamma-api.polymarket.com/events/2890", "status_code": 200, "response_size": 5841}}
{"ts": "2025-11-13T17:13:19.019570Z", "level": "INFO", "event": "API.REQUEST.START", "event_code": "EVT-PM-002", "trace_id": "TRC-20251113170301-d547a9756a96", "service": "polymarket_api", "msg": "开始 API 请求", "extra": {"url": "https://gamma-api.polymarket.com/events/2890", "params": {}}}
{"ts": "2025-11-13T17:13:19.531144Z", "level": "INFO", "event": "API.REQUEST.SUCCESS", "event_code": "EVT-PM-003", "trace_id": "TRC-20251113170301-d547a9756a96", "service": "polymarket_api", "msg": "API 请求成功", "extra": {"url": "https://gamma-api.polymarket.com/events/2890", "status_code": 200, "response_size": 5841}}
{"ts": "2025-11-13T17:13:19.531144Z", "level": "INFO", "event": "API.EVENT.MARKETS", "event_code": "API.EVENT.MARKETS", "trace_id": "TRC-20251113170301-d547a9756a96", "service": "polymarket_api", "msg": "获取事件市场完成", "extra": {"event_id": 2890, "market_count": 1}}
{"ts": "2025-11-13T17:13:19.531144Z", "level": "INFO", "event": "API.REQUEST.START", "event_code": "EVT-PM-002", "trace_id": "TRC-20251113170301-d547a9756a96", "service": "polymarket_api", "msg": "开始 API 请求", "extra": {"url": "https://gamma-api.polymarket.com/markets/239826", "params": {}}}
{"ts": "2025-11-13T17:13:19.989811Z", "level": "INFO", "event": "API.REQUEST.SUCCESS", "event_code": "EVT-PM-003", "trace_id": "TRC-20251113170301-d547a9756a96", "service": "polymarket_api", "msg": "API 请求成功", "extra": {"url": "https://gamma-api.polymarket.com/markets/239826", "status_code": 200, "response_size": 3147}}
{"ts": "2025-11-13T17:13:19.989811Z", "level": "INFO", "event": "API.MARKET.OUTCOMES", "event_code": "API.MARKET.OUTCOMES", "trace_id": "TRC-20251113170301-d547a9756a96", "service": "polymarket_api", "msg": "获取市场选项和价格完成", "extra": {"market_id": "239826", "has_outcomes": true, "has_prices": true}}
{"ts": "2025-11-13T17:13:19.989811Z", "level": "INFO", "event": "API.EVENT.COMPLETE", "event_code": "API.EVENT.COMPLETE", "trace_id": "TRC-20251113170301-d547a9756a96", "service": "polymarket_api", "msg": "获取事件完整信息完成", "extra": {"event_id": 2890, "market_count": 1}}
{"ts": "2025-11-13T17:18:21.639789Z", "level": "INFO", "event": "API.CLIENT.INIT", "event_code": "EVT-PM-001", "trace_id": "TRC-20251113171821-1644bbf4b1d7", "service": "polymarket_api", "msg": "Polymarket Gamma API 客户端初始化完成", "extra": {"base_url": "https://gamma-api.polymarket.com", "timeout": 30, "proxy_enabled": false}}
{"ts": "2025-11-13T17:18:22.562937Z", "level": "INFO", "event": "API.HEALTH.OK", "event_code": "API.HEALTH.OK", "trace_id": "TRC-20251113171821-1644bbf4b1d7", "service": "polymarket_api", "msg": "API 服务健康检查通过"}
{"ts": "2025-11-13T17:18:22.565491Z", "level": "INFO", "event": "API.CLIENT.INIT", "event_code": "EVT-PM-001", "trace_id": "TRC-20251113171821-1644bbf4b1d7", "service": "polymarket_api", "msg": "Polymarket Gamma API 客户端初始化完成", "extra": {"base_url": "https://gamma-api.polymarket.com", "timeout": 30, "proxy_enabled": false}}
{"ts": "2025-11-13T17:18:22.566004Z", "level": "INFO", "event": "API.EVENT.NEW", "event_code": "API.EVENT.NEW", "trace_id": "TRC-20251113171821-1644bbf4b1d7", "service": "polymarket_api", "msg": "获取新增事件"}
{"ts": "2025-11-13T17:18:22.566295Z", "level": "INFO", "event": "EVT-PM-006", "event_code": "EVT-PM-006", "trace_id": "TRC-20251113171821-1644bbf4b1d7", "service": "polymarket_api", "msg": "获取事件列表", "extra": {"params": {"order": "createdAt", "ascending": "false", "limit": 5}}}
{"ts": "2025-11-13T17:18:22.566704Z", "level": "INFO", "event": "API.REQUEST.START", "event_code": "EVT-PM-002", "trace_id": "TRC-20251113171821-1644bbf4b1d7", "service": "polymarket_api", "msg": "开始 API 请求", "extra": {"url": "https://gamma-api.polymarket.com/events", "params": {"order": "createdAt", "ascending": "false", "limit": 5}}}
{"ts": "2025-11-13T17:18:23.619108Z", "level": "INFO", "event": "API.REQUEST.SUCCESS", "event_code": "EVT-PM-003", "trace_id": "TRC-20251113171821-1644bbf4b1d7", "service": "polymarket_api", "msg": "API 请求成功", "extra": {"url": "https://gamma-api.polymarket.com/events", "status_code": 200, "response_size": 29112}}
{"ts": "2025-11-13T17:18:23.620100Z", "level": "INFO", "event": "EVT-PM-006", "event_code": "EVT-PM-006", "trace_id": "TRC-20251113171821-1644bbf4b1d7", "service": "polymarket_api", "msg": "事件列表获取完成", "extra": {"count": 5}}
{"ts": "2025-11-13T17:18:23.623737Z", "level": "INFO", "event": "API.CLIENT.INIT", "event_code": "EVT-PM-001", "trace_id": "TRC-20251113171821-1644bbf4b1d7", "service": "polymarket_api", "msg": "Polymarket Gamma API 客户端初始化完成", "extra": {"base_url": "https://gamma-api.polymarket.com", "timeout": 30, "proxy_enabled": false}}
{"ts": "2025-11-13T17:18:23.624191Z", "level": "INFO", "event": "API.EVENT.NEW", "event_code": "API.EVENT.NEW", "trace_id": "TRC-20251113171821-1644bbf4b1d7", "service": "polymarket_api", "msg": "获取新增事件"}
{"ts": "2025-11-13T17:18:23.624516Z", "level": "INFO", "event": "EVT-PM-006", "event_code": "EVT-PM-006", "trace_id": "TRC-20251113171821-1644bbf4b1d7", "service": "polymarket_api", "msg": "获取事件列表", "extra": {"params": {"order": "createdAt", "ascending": "false", "limit": 3}}}
{"ts": "2025-11-13T17:18:23.625147Z", "level": "INFO", "event": "API.REQUEST.START", "event_code": "EVT-PM-002", "trace_id": "TRC-20251113171821-1644bbf4b1d7", "service": "polymarket_api", "msg": "开始 API 请求", "extra": {"url": "https://gamma-api.polymarket.com/events", "params": {"order": "createdAt", "ascending": "false", "limit": 3}}}
{"ts": "2025-11-13T17:18:24.694153Z", "level": "INFO", "event": "API.REQUEST.SUCCESS", "event_code": "EVT-PM-003", "trace_id": "TRC-20251113171821-1644bbf4b1d7", "service": "polymarket_api", "msg": "API 请求成功", "extra": {"url": "https://gamma-api.polymarket.com/events", "status_code": 200, "response_size": 17700}}
{"ts": "2025-11-13T17:18:24.695064Z", "level": "INFO", "event": "EVT-PM-006", "event_code": "EVT-PM-006", "trace_id": "TRC-20251113171821-1644bbf4b1d7", "service": "polymarket_api", "msg": "事件列表获取完成", "extra": {"count": 3}}
{"ts": "2025-11-13T17:18:24.698044Z", "level": "INFO", "event": "API.CLIENT.INIT", "event_code": "EVT-PM-001", "trace_id": "TRC-20251113171821-1644bbf4b1d7", "service": "polymarket_api", "msg": "Polymarket Gamma API 客户端初始化完成", "extra": {"base_url": "https://gamma-api.polymarket.com", "timeout": 30, "proxy_enabled": false}}
{"ts": "2025-11-13T17:18:24.698589Z", "level": "INFO", "event": "API.EVENT.FETCH", "event_code": "EVT-PM-006", "trace_id": "TRC-20251113171821-1644bbf4b1d7", "service": "polymarket_api", "msg": "获取事件列表", "extra": {"params": {"limit": 3}}}
{"ts": "2025-11-13T17:18:24.699022Z", "level": "INFO", "event": "API.REQUEST.START", "event_code": "EVT-PM-002", "trace_id": "TRC-20251113171821-1644bbf4b1d7", "service": "polymarket_api", "msg": "开始 API 请求", "extra": {"url": "https://gamma-api.polymarket.com/events", "params": {"limit": 3}}}
{"ts": "2025-11-13T17:18:25.216599Z", "level": "INFO", "event": "API.REQUEST.SUCCESS", "event_code": "EVT-PM-003", "trace_id": "TRC-20251113171821-1644bbf4b1d7", "service": "polymarket_api", "msg": "API 请求成功", "extra": {"url": "https://gamma-api.polymarket.com/events", "status_code": 200, "response_size": 17365}}
{"ts": "2025-11-13T17:18:25.217374Z", "level": "INFO", "event": "API.EVENT.FETCH", "event_code": "EVT-PM-006", "trace_id": "TRC-20251113171821-1644bbf4b1d7", "service": "polymarket_api", "msg": "事件列表获取完成", "extra": {"count": 3}}
{"ts": "2025-11-13T17:18:25.217858Z", "level": "INFO", "event": "API.EVENT.NEW", "event_code": "API.EVENT.NEW", "trace_id": "TRC-20251113171821-1644bbf4b1d7", "service": "polymarket_api", "msg": "获取新增事件"}
{"ts": "2025-11-13T17:18:25.218089Z", "level": "INFO", "event": "EVT-PM-006", "event_code": "EVT-PM-006", "trace_id": "TRC-20251113171821-1644bbf4b1d7", "service": "polymarket_api", "msg": "获取事件列表", "extra": {"params": {"order": "createdAt", "ascending": "false", "limit": 3}}}
{"ts": "2025-11-13T17:18:25.218387Z", "level": "INFO", "event": "API.REQUEST.START", "event_code": "EVT-PM-002", "trace_id": "TRC-20251113171821-1644bbf4b1d7", "service": "polymarket_api", "msg": "开始 API 请求", "extra": {"url": "https://gamma-api.polymarket.com/events", "params": {"order": "createdAt", "ascending": "false", "limit": 3}}}
{"ts": "2025-11-13T17:18:25.629756Z", "level": "INFO", "event": "API.REQUEST.SUCCESS", "event_code": "EVT-PM-003", "trace_id": "TRC-20251113171821-1644bbf4b1d7", "service": "polymarket_api", "msg": "API 请求成功", "extra": {"url": "https://gamma-api.polymarket.com/events", "status_code": 200, "response_size": 17700}}
{"ts": "2025-11-13T17:18:25.630466Z", "level": "INFO", "event": "EVT-PM-006", "event_code": "EVT-PM-006", "trace_id": "TRC-20251113171821-1644bbf4b1d7", "service": "polymarket_api", "msg": "事件列表获取完成", "extra": {"count": 3}}
{"ts": "2025-11-13T17:18:25.634090Z", "level": "INFO", "event": "API.CLIENT.INIT", "event_code": "EVT-PM-001", "trace_id": "TRC-20251113171821-1644bbf4b1d7", "service": "polymarket_api", "msg": "Polymarket Gamma API 客户端初始化完成", "extra": {"base_url": "https://gamma-api.polymarket.com", "timeout": 30, "proxy_enabled": false}}
{"ts": "2025-11-13T17:18:25.634568Z", "level": "INFO", "event": "API.EVENT.NEW", "event_code": "API.EVENT.NEW", "trace_id": "TRC-20251113171821-1644bbf4b1d7", "service": "polymarket_api", "msg": "获取新增事件"}
{"ts": "2025-11-13T17:18:25.634929Z", "level": "INFO", "event": "EVT-PM-006", "event_code": "EVT-PM-006", "trace_id": "TRC-20251113171821-1644bbf4b1d7", "service": "polymarket_api", "msg": "获取事件列表", "extra": {"params": {"order": "createdAt", "ascending": "false", "limit": -1}}}
{"ts": "2025-11-13T17:18:25.635298Z", "level": "INFO", "event": "API.REQUEST.START", "event_code": "EVT-PM-002", "trace_id": "TRC-20251113171821-1644bbf4b1d7", "service": "polymarket_api", "msg": "开始 API 请求", "extra": {"url": "https://gamma-api.polymarket.com/events", "params": {"order": "createdAt", "ascending": "false", "limit": -1}}}
{"ts": "2025-11-13T17:18:27.152412Z", "level": "INFO", "event": "API.REQUEST.SUCCESS", "event_code": "EVT-PM-003", "trace_id": "TRC-20251113171821-1644bbf4b1d7", "service": "polymarket_api", "msg": "API 请求成功", "extra": {"url": "https://gamma-api.polymarket.com/events", "status_code": 200, "response_size": 288506}}
{"ts": "2025-11-13T17:18:27.156828Z", "level": "INFO", "event": "EVT-PM-006", "event_code": "EVT-PM-006", "trace_id": "TRC-20251113171821-1644bbf4b1d7", "service": "polymarket_api", "msg": "事件列表获取完成", "extra": {"count": 20}}
{"ts": "2025-11-13T17:23:27.082246Z", "level": "INFO", "event": "API.EVENT.FETCH", "event_code": "EVT-PM-006", "trace_id": "TRC-20251113170301-d547a9756a96", "service": "polymarket_api", "msg": "获取事件列表", "extra": {"params": {"limit": 1}}}
{"ts": "2025-11-13T17:23:27.082246Z", "level": "INFO", "event": "API.REQUEST.START", "event_code": "EVT-PM-002", "trace_id": "TRC-20251113170301-d547a9756a96", "service": "polymarket_api", "msg": "开始 API 请求", "extra": {"url": "https://gamma-api.polymarket.com/events", "params": {"limit": 1}}}
{"ts": "2025-11-13T17:23:28.021306Z", "level": "INFO", "event": "API.REQUEST.SUCCESS", "event_code": "EVT-PM-003", "trace_id": "TRC-20251113170301-d547a9756a96", "service": "polymarket_api", "msg": "API 请求成功", "extra": {"url": "https://gamma-api.polymarket.com/events", "status_code": 200, "response_size": 5843}}
{"ts": "2025-11-13T17:23:28.022316Z", "level": "INFO", "event": "API.EVENT.FETCH", "event_code": "EVT-PM-006", "trace_id": "TRC-20251113170301-d547a9756a96", "service": "polymarket_api", "msg": "事件列表获取完成", "extra": {"count": 1}}
{"ts": "2025-11-13T17:32:38.361061Z", "level": "INFO", "event": "API.SEARCH.START", "event_code": "API.SEARCH.START", "trace_id": "TRC-20251113170301-d547a9756a96", "service": "polymarket_api", "msg": "开始搜索", "extra": {"query": "What will Karoline Leavitt say during", "params": {"q": "What will Karoline Leavitt say during"}}}
{"ts": "2025-11-13T17:32:38.362066Z", "level": "INFO", "event": "API.REQUEST.START", "event_code": "EVT-PM-002", "trace_id": "TRC-20251113170301-d547a9756a96", "service": "polymarket_api", "msg": "开始 API 请求", "extra": {"url": "https://gamma-api.polymarket.com/public-search", "params": {"q": "What will Karoline Leavitt say during"}}}
{"ts": "2025-11-13T17:32:39.666489Z", "level": "INFO", "event": "API.REQUEST.SUCCESS", "event_code": "EVT-PM-003", "trace_id": "TRC-20251113170301-d547a9756a96", "service": "polymarket_api", "msg": "API 请求成功", "extra": {"url": "https://gamma-api.polymarket.com/public-search", "status_code": 200, "response_size": 350798}}
{"ts": "2025-11-13T17:32:39.670487Z", "level": "INFO", "event": "API.SEARCH.COMPLETE", "event_code": "API.SEARCH.COMPLETE", "trace_id": "TRC-20251113170301-d547a9756a96", "service": "polymarket_api", "msg": "搜索完成", "extra": {"query": "What will Karoline Leavitt say during", "result_keys": ["events", "pagination"]}}
{"ts": "2025-11-13T18:04:16.388941Z", "level": "INFO", "event": "FILTER.INIT", "event_code": "FILTER.INIT", "trace_id": "TRC-20251113180416-3f94cdb3dc81", "service": "market_filter", "msg": "市场过滤器初始化完成"}
{"ts": "2025-11-13T18:04:16.389552Z", "level": "INFO", "event": "FILTER.START", "event_code": "FILTER.START", "trace_id": "TRC-20251113180416-3f94cdb3dc81", "service": "market_filter", "msg": "开始过滤市场", "extra": {"market_id": "test_001", "trace_id": "TRC-20251113180416-3f94cdb3dc81"}}
{"ts": "2025-11-13T18:04:16.396373Z", "level": "INFO", "event": "FILTER.COMPLETE", "event_code": "FILTER.COMPLETE", "trace_id": "TRC-20251113180416-3f94cdb3dc81", "service": "market_filter", "msg": "市场过滤完成", "extra": {"market_id": "test_001", "passed": true, "trace_id": "TRC-20251113180416-3f94cdb3dc81"}}
{"ts": "2025-11-13T18:04:51.503188Z", "level": "INFO", "event": "API.CLIENT.INIT", "event_code": "EVT-PM-001", "trace_id": "TRC-20251113180451-2c103a79cd56", "service": "polymarket_api", "msg": "Polymarket Gamma API 客户端初始化完成", "extra": {"base_url": "https://gamma-api.polymarket.com", "timeout": 30, "proxy_enabled": false}}
{"ts": "2025-11-13T18:04:51.504044Z", "level": "INFO", "event": "API.MARKET.ACTIVE", "event_code": "API.MARKET.ACTIVE", "trace_id": "TRC-20251113180451-2c103a79cd56", "service": "polymarket_api", "msg": "获取活跃市场"}
{"ts": "2025-11-13T18:04:51.504626Z", "level": "INFO", "event": "API.MARKET.FETCH", "event_code": "EVT-PM-005", "trace_id": "TRC-20251113180451-2c103a79cd56", "service": "polymarket_api", "msg": "获取市场列表", "extra": {"params": {"limit": 1, "closed": "false"}}}
{"ts": "2025-11-13T18:04:51.505349Z", "level": "INFO", "event": "API.REQUEST.START", "event_code": "EVT-PM-002", "trace_id": "TRC-20251113180451-2c103a79cd56", "service": "polymarket_api", "msg": "开始 API 请求", "extra": {"url": "https://gamma-api.polymarket.com/markets", "params": {"limit": 1, "closed": "false"}}}
{"ts": "2025-11-13T18:04:51.965436Z", "level": "INFO", "event": "API.REQUEST.SUCCESS", "event_code": "EVT-PM-003", "trace_id": "TRC-20251113180451-2c103a79cd56", "service": "polymarket_api", "msg": "API 请求成功", "extra": {"url": "https://gamma-api.polymarket.com/markets", "status_code": 200, "response_size": 2958}}
{"ts": "2025-11-13T18:04:51.966114Z", "level": "INFO", "event": "API.MARKET.FETCH", "event_code": "EVT-PM-005", "trace_id": "TRC-20251113180451-2c103a79cd56", "service": "polymarket_api", "msg": "市场列表获取完成", "extra": {"count": 1}}
{"ts": "2025-11-14T15:09:25.326318Z", "level": "INFO", "event": "API.CLIENT.INIT", "event_code": "EVT-PM-001", "trace_id": "TRC-20251114150925-7a4a4b447c86", "service": "polymarket_api", "msg": "Polymarket Gamma API 客户端初始化完成", "extra": {"base_url": "https://gamma-api.polymarket.com", "timeout": 30, "proxy_enabled": false}}
{"ts": "2025-11-14T15:10:03.498223Z", "level": "INFO", "event": "API.EVENT.NEW", "event_code": "API.EVENT.NEW", "trace_id": "TRC-20251114150925-7a4a4b447c86", "service": "polymarket_api", "msg": "获取新增事件"}
{"ts": "2025-11-14T15:10:03.498223Z", "level": "INFO", "event": "EVT-PM-006", "event_code": "EVT-PM-006", "trace_id": "TRC-20251114150925-7a4a4b447c86", "service": "polymarket_api", "msg": "获取事件列表", "extra": {"params": {"order": "createdAt", "ascending": "false"}}}
{"ts": "2025-11-14T15:10:03.498223Z", "level": "INFO", "event": "API.REQUEST.START", "event_code": "EVT-PM-002", "trace_id": "TRC-20251114150925-7a4a4b447c86", "service": "polymarket_api", "msg": "开始 API 请求", "extra": {"url": "https://gamma-api.polymarket.com/events", "params": {"order": "createdAt", "ascending": "false"}}}
{"ts": "2025-11-14T15:10:04.633538Z", "level": "INFO", "event": "API.REQUEST.SUCCESS", "event_code": "EVT-PM-003", "trace_id": "TRC-20251114150925-7a4a4b447c86", "service": "polymarket_api", "msg": "API 请求成功", "extra": {"url": "https://gamma-api.polymarket.com/events", "status_code": 200, "response_size": 110440}}
{"ts": "2025-11-14T15:10:04.634545Z", "level": "INFO", "event": "EVT-PM-006", "event_code": "EVT-PM-006", "trace_id": "TRC-20251114150925-7a4a4b447c86", "service": "polymarket_api", "msg": "事件列表获取完成", "extra": {"count": 20}}
{"ts": "2025-11-14T15:10:09.363328Z", "level": "INFO", "event": "API.EVENT.NEW", "event_code": "API.EVENT.NEW", "trace_id": "TRC-20251114150925-7a4a4b447c86", "service": "polymarket_api", "msg": "获取新增事件"}
{"ts": "2025-11-14T15:10:09.363328Z", "level": "INFO", "event": "EVT-PM-006", "event_code": "EVT-PM-006", "trace_id": "TRC-20251114150925-7a4a4b447c86", "service": "polymarket_api", "msg": "获取事件列表", "extra": {"params": {"order": "createdAt", "ascending": "false"}}}
{"ts": "2025-11-14T15:10:09.363328Z", "level": "INFO", "event": "API.REQUEST.START", "event_code": "EVT-PM-002", "trace_id": "TRC-20251114150925-7a4a4b447c86", "service": "polymarket_api", "msg": "开始 API 请求", "extra": {"url": "https://gamma-api.polymarket.com/events", "params": {"order": "createdAt", "ascending": "false"}}}
{"ts": "2025-11-14T15:10:10.100521Z", "level": "INFO", "event": "API.REQUEST.SUCCESS", "event_code": "EVT-PM-003", "trace_id": "TRC-20251114150925-7a4a4b447c86", "service": "polymarket_api", "msg": "API 请求成功", "extra": {"url": "https://gamma-api.polymarket.com/events", "status_code": 200, "response_size": 110440}}
{"ts": "2025-11-14T15:10:10.101610Z", "level": "INFO", "event": "EVT-PM-006", "event_code": "EVT-PM-006", "trace_id": "TRC-20251114150925-7a4a4b447c86", "service": "polymarket_api", "msg": "事件列表获取完成", "extra": {"count": 20}}
{"ts": "2025-11-14T15:11:26.523090Z", "level": "INFO", "event": "API.EVENT.NEW", "event_code": "API.EVENT.NEW", "trace_id": "TRC-20251114150925-7a4a4b447c86", "service": "polymarket_api", "msg": "获取新增事件"}
{"ts": "2025-11-14T15:11:26.524123Z", "level": "INFO", "event": "EVT-PM-006", "event_code": "EVT-PM-006", "trace_id": "TRC-20251114150925-7a4a4b447c86", "service": "polymarket_api", "msg": "获取事件列表", "extra": {"params": {"order": "createdAt", "ascending": "false"}}}
{"ts": "2025-11-14T15:11:26.524123Z", "level": "INFO", "event": "API.REQUEST.START", "event_code": "EVT-PM-002", "trace_id": "TRC-20251114150925-7a4a4b447c86", "service": "polymarket_api", "msg": "开始 API 请求", "extra": {"url": "https://gamma-api.polymarket.com/events", "params": {"order": "createdAt", "ascending": "false"}}}
{"ts": "2025-11-14T15:11:27.503490Z", "level": "INFO", "event": "API.REQUEST.SUCCESS", "event_code": "EVT-PM-003", "trace_id": "TRC-20251114150925-7a4a4b447c86", "service": "polymarket_api", "msg": "API 请求成功", "extra": {"url": "https://gamma-api.polymarket.com/events", "status_code": 200, "response_size": 104174}}
{"ts": "2025-11-14T15:11:27.504482Z", "level": "INFO", "event": "EVT-PM-006", "event_code": "EVT-PM-006", "trace_id": "TRC-20251114150925-7a4a4b447c86", "service": "polymarket_api", "msg": "事件列表获取完成", "extra": {"count": 20}}
{"ts": "2025-11-14T15:11:35.807827Z", "level": "INFO", "event": "API.EVENT.NEW", "event_code": "API.EVENT.NEW", "trace_id": "TRC-20251114150925-7a4a4b447c86", "service": "polymarket_api", "msg": "获取新增事件"}
{"ts": "2025-11-14T15:11:35.807827Z", "level": "INFO", "event": "EVT-PM-006", "event_code": "EVT-PM-006", "trace_id": "TRC-20251114150925-7a4a4b447c86", "service": "polymarket_api", "msg": "获取事件列表", "extra": {"params": {"order": "createdAt", "ascending": "false"}}}
{"ts": "2025-11-14T15:11:35.808825Z", "level": "INFO", "event": "API.REQUEST.START", "event_code": "EVT-PM-002", "trace_id": "TRC-20251114150925-7a4a4b447c86", "service": "polymarket_api", "msg": "开始 API 请求", "extra": {"url": "https://gamma-api.polymarket.com/events", "params": {"order": "createdAt", "ascending": "false"}}}
{"ts": "2025-11-14T15:11:36.406589Z", "level": "INFO", "event": "API.REQUEST.SUCCESS", "event_code": "EVT-PM-003", "trace_id": "TRC-20251114150925-7a4a4b447c86", "service": "polymarket_api", "msg": "API 请求成功", "extra": {"url": "https://gamma-api.polymarket.com/events", "status_code": 200, "response_size": 104174}}
{"ts": "2025-11-14T15:11:36.408599Z", "level": "INFO", "event": "EVT-PM-006", "event_code": "EVT-PM-006", "trace_id": "TRC-20251114150925-7a4a4b447c86", "service": "polymarket_api", "msg": "事件列表获取完成", "extra": {"count": 20}}
{"ts": "2025-11-14T15:11:47.748648Z", "level": "INFO", "event": "API.EVENT.NEW", "event_code": "API.EVENT.NEW", "trace_id": "TRC-20251114150925-7a4a4b447c86", "service": "polymarket_api", "msg": "获取新增事件"}
{"ts": "2025-11-14T15:11:47.748648Z", "level": "INFO", "event": "EVT-PM-006", "event_code": "EVT-PM-006", "trace_id": "TRC-20251114150925-7a4a4b447c86", "service": "polymarket_api", "msg": "获取事件列表", "extra": {"params": {"order": "createdAt", "ascending": "false"}}}
{"ts": "2025-11-14T15:11:47.748648Z", "level": "INFO", "event": "API.REQUEST.START", "event_code": "EVT-PM-002", "trace_id": "TRC-20251114150925-7a4a4b447c86", "service": "polymarket_api", "msg": "开始 API 请求", "extra": {"url": "https://gamma-api.polymarket.com/events", "params": {"order": "createdAt", "ascending": "false"}}}
{"ts": "2025-11-14T15:11:48.380295Z", "level": "INFO", "event": "API.REQUEST.SUCCESS", "event_code": "EVT-PM-003", "trace_id": "TRC-20251114150925-7a4a4b447c86", "service": "polymarket_api", "msg": "API 请求成功", "extra": {"url": "https://gamma-api.polymarket.com/events", "status_code": 200, "response_size": 104174}}
{"ts": "2025-11-14T15:11:48.381400Z", "level": "INFO", "event": "EVT-PM-006", "event_code": "EVT-PM-006", "trace_id": "TRC-20251114150925-7a4a4b447c86", "service": "polymarket_api", "msg": "事件列表获取完成", "extra": {"count": 20}}
{"ts": "2025-11-14T15:13:58.396529Z", "level": "INFO", "event": "API.EVENT.NEW", "event_code": "API.EVENT.NEW", "trace_id": "TRC-20251114150925-7a4a4b447c86", "service": "polymarket_api", "msg": "获取新增事件"}
{"ts": "2025-11-14T15:13:58.396529Z", "level": "INFO", "event": "EVT-PM-006", "event_code": "EVT-PM-006", "trace_id": "TRC-20251114150925-7a4a4b447c86", "service": "polymarket_api", "msg": "获取事件列表", "extra": {"params": {"order": "createdAt", "ascending": "false"}}}
{"ts": "2025-11-14T15:13:58.396529Z", "level": "INFO", "event": "API.REQUEST.START", "event_code": "EVT-PM-002", "trace_id": "TRC-20251114150925-7a4a4b447c86", "service": "polymarket_api", "msg": "开始 API 请求", "extra": {"url": "https://gamma-api.polymarket.com/events", "params": {"order": "createdAt", "ascending": "false"}}}
{"ts": "2025-11-14T15:14:00.017498Z", "level": "INFO", "event": "API.REQUEST.SUCCESS", "event_code": "EVT-PM-003", "trace_id": "TRC-20251114150925-7a4a4b447c86", "service": "polymarket_api", "msg": "API 请求成功", "extra": {"url": "https://gamma-api.polymarket.com/events", "status_code": 200, "response_size": 104174}}
{"ts": "2025-11-14T15:14:00.018507Z", "level": "INFO", "event": "EVT-PM-006", "event_code": "EVT-PM-006", "trace_id": "TRC-20251114150925-7a4a4b447c86", "service": "polymarket_api", "msg": "事件列表获取完成", "extra": {"count": 20}}
{"ts": "2025-11-14T15:14:14.434952Z", "level": "INFO", "event": "API.EVENT.NEW", "event_code": "API.EVENT.NEW", "trace_id": "TRC-20251114150925-7a4a4b447c86", "service": "polymarket_api", "msg": "获取新增事件"}
{"ts": "2025-11-14T15:14:14.435502Z", "level": "INFO", "event": "EVT-PM-006", "event_code": "EVT-PM-006", "trace_id": "TRC-20251114150925-7a4a4b447c86", "service": "polymarket_api", "msg": "获取事件列表", "extra": {"params": {"order": "createdAt", "ascending": "false"}}}
{"ts": "2025-11-14T15:14:14.435779Z", "level": "INFO", "event": "API.REQUEST.START", "event_code": "EVT-PM-002", "trace_id": "TRC-20251114150925-7a4a4b447c86", "service": "polymarket_api", "msg": "开始 API 请求", "extra": {"url": "https://gamma-api.polymarket.com/events", "params": {"order": "createdAt", "ascending": "false"}}}
{"ts": "2025-11-14T15:14:15.106847Z", "level": "INFO", "event": "API.REQUEST.SUCCESS", "event_code": "EVT-PM-003", "trace_id": "TRC-20251114150925-7a4a4b447c86", "service": "polymarket_api", "msg": "API 请求成功", "extra": {"url": "https://gamma-api.polymarket.com/events", "status_code": 200, "response_size": 104174}}
{"ts": "2025-11-14T15:14:15.107852Z", "level": "INFO", "event": "EVT-PM-006", "event_code": "EVT-PM-006", "trace_id": "TRC-20251114150925-7a4a4b447c86", "service": "polymarket_api", "msg": "事件列表获取完成", "extra": {"count": 20}}
{"ts": "2025-11-14T15:14:20.276288Z", "level": "INFO", "event": "API.EVENT.NEW", "event_code": "API.EVENT.NEW", "trace_id": "TRC-20251114150925-7a4a4b447c86", "service": "polymarket_api", "msg": "获取新增事件"}
{"ts": "2025-11-14T15:14:20.297833Z", "level": "INFO", "event": "EVT-PM-006", "event_code": "EVT-PM-006", "trace_id": "TRC-20251114150925-7a4a4b447c86", "service": "polymarket_api", "msg": "获取事件列表", "extra": {"params": {"order": "createdAt", "ascending": "false"}}}
{"ts": "2025-11-14T15:14:20.330591Z", "level": "INFO", "event": "API.REQUEST.START", "event_code": "EVT-PM-002", "trace_id": "TRC-20251114150925-7a4a4b447c86", "service": "polymarket_api", "msg": "开始 API 请求", "extra": {"url": "https://gamma-api.polymarket.com/events", "params": {"order": "createdAt", "ascending": "false"}}}
{"ts": "2025-11-14T15:14:21.257657Z", "level": "INFO", "event": "API.REQUEST.SUCCESS", "event_code": "EVT-PM-003", "trace_id": "TRC-20251114150925-7a4a4b447c86", "service": "polymarket_api", "msg": "API 请求成功", "extra": {"url": "https://gamma-api.polymarket.com/events", "status_code": 200, "response_size": 104174}}
{"ts": "2025-11-14T15:14:21.259667Z", "level": "INFO", "event": "EVT-PM-006", "event_code": "EVT-PM-006", "trace_id": "TRC-20251114150925-7a4a4b447c86", "service": "polymarket_api", "msg": "事件列表获取完成", "extra": {"count": 20}}
{"ts": "2025-11-14T15:38:38.989811Z", "level": "INFO", "event": "FILTER.DB.INIT", "event_code": "EVT-8081", "trace_id": "TRC-20251114153838-d4963ce2cf39", "service": "filter_database", "msg": "数据库管理器初始化完成", "extra": {"db_path": "backend/filter/database/filter.db"}}
{"ts": "2025-11-14T15:38:39.010820Z", "level": "INFO", "event": "FILTER.DB.TABLES_CREATED", "event_code": "EVT-8082", "trace_id": "TRC-20251114153838-d4963ce2cf39", "service": "filter_database", "msg": "数据库表创建完成"}
{"ts": "2025-11-14T15:38:39.014820Z", "level": "INFO", "event": "FILTER.DB.DEFAULT_BLACKLIST", "event_code": "EVT-8083", "trace_id": "TRC-20251114153838-d4963ce2cf39", "service": "filter_database", "msg": "默认黑名单配置插入完成", "extra": {"count": 6}}
{"ts": "2025-11-14T15:38:39.021491Z", "level": "INFO", "event": "FILTER.BLACKLIST.ADD", "event_code": "EVT-8061", "trace_id": "TRC-20251114153838-d4963ce2cf39", "service": "filter_database", "msg": "添加黑名单配置项", "extra": {"blacklist_type": "category", "value": "test_category"}}
{"ts": "2025-11-14T15:38:39.026261Z", "level": "INFO", "event": "FILTER.BLACKLIST.REMOVE", "event_code": "EVT-8062", "trace_id": "TRC-20251114153838-d4963ce2cf39", "service": "filter_database", "msg": "删除黑名单配置项", "extra": {"blacklist_type": "category", "value": "test_category"}}
{"ts": "2025-11-14T15:38:39.028796Z", "level": "INFO", "event": "FILTER.INIT", "event_code": "EVT-8001", "trace_id": "TRC-20251114153838-d4963ce2cf39", "service": "filter_database", "msg": "市场过滤器初始化完成", "extra": {"db_path": "backend/filter/database/filter.db"}}
{"ts": "2025-11-14T15:38:39.028796Z", "level": "INFO", "event": "FILTER.START", "event_code": "EVT-8002", "trace_id": "TRC-20251114153838-d4963ce2cf39", "service": "filter_database", "msg": "开始市场过滤流程", "extra": {"initial_count": 5}}
{"ts": "2025-11-14T15:38:39.029801Z", "level": "INFO", "event": "FILTER.CATEGORY.COMPLETE", "event_code": "EVT-8011", "trace_id": "TRC-20251114153838-d4963ce2cf39", "service": "filter_database", "msg": "Category 过滤完成", "extra": {"input_count": 5, "output_count": 4, "filtered_count": 1, "blacklist": ["sports", "elections"]}}
{"ts": "2025-11-14T15:38:39.030797Z", "level": "INFO", "event": "FILTER.TAG.COMPLETE", "event_code": "EVT-8021", "trace_id": "TRC-20251114153838-d4963ce2cf39", "service": "filter_database", "msg": "Tag 过滤完成", "extra": {"input_count": 4, "output_count": 3, "filtered_count": 1, "blacklist": ["china"]}}
{"ts": "2025-11-14T15:38:39.031795Z", "level": "INFO", "event": "FILTER.DESCRIPTION.COMPLETE", "event_code": "EVT-8031", "trace_id": "TRC-20251114153838-d4963ce2cf39", "service": "filter_database", "msg": "描述关键词过滤完成", "extra": {"input_count": 3, "output_count": 0, "filtered_count": 3, "blacklist": ["hit", "price", "above"]}}
{"ts": "2025-11-14T15:38:39.031795Z", "level": "INFO", "event": "FILTER.DATABASE.COMPLETE", "event_code": "EVT-8041", "trace_id": "TRC-20251114153838-d4963ce2cf39", "service": "filter_database", "msg": "数据库去重检查完成", "extra": {"input_count": 0, "output_count": 0, "filtered_count": 0}}
{"ts": "2025-11-14T15:38:39.032797Z", "level": "INFO", "event": "FILTER.AI.SKIP", "event_code": "EVT-8051", "trace_id": "TRC-20251114153838-d4963ce2cf39", "service": "filter_database", "msg": "AI 过滤未实现，跳过", "extra": {"input_count": 0}}
{"ts": "2025-11-14T15:38:39.032797Z", "level": "INFO", "event": "FILTER.COMPLETE", "event_code": "EVT-8003", "trace_id": "TRC-20251114153838-d4963ce2cf39", "service": "filter_database", "msg": "市场过滤流程完成", "extra": {"initial_count": 5, "final_count": 0, "filtered_count": 5, "pass_rate": "0.00%"}}
{"ts": "2025-11-14T15:38:39.038916Z", "level": "INFO", "event": "FILTER.PROCESSED.CLEAR", "event_code": "EVT-8072", "trace_id": "TRC-20251114153838-d4963ce2cf39", "service": "filter_database", "msg": "清理已处理市场记录", "extra": {"before_date": "all", "count": 0}}
{"ts": "2025-11-14T15:38:52.156873Z", "level": "INFO", "event": "FILTER.DB.INIT", "event_code": "EVT-8081", "trace_id": "TRC-20251114153852-7b7c42c2bf6c", "service": "filter_database", "msg": "数据库管理器初始化完成", "extra": {"db_path": "backend/filter/database/filter.db"}}
{"ts": "2025-11-14T15:38:52.158214Z", "level": "INFO", "event": "FILTER.DB.TABLES_CREATED", "event_code": "EVT-8082", "trace_id": "TRC-20251114153852-7b7c42c2bf6c", "service": "filter_database", "msg": "数据库表创建完成"}
{"ts": "2025-11-14T15:38:52.167870Z", "level": "INFO", "event": "FILTER.DB.DEFAULT_BLACKLIST", "event_code": "EVT-8083", "trace_id": "TRC-20251114153852-7b7c42c2bf6c", "service": "filter_database", "msg": "默认黑名单配置插入完成", "extra": {"count": 6}}
{"ts": "2025-11-14T15:38:52.173528Z", "level": "INFO", "event": "FILTER.BLACKLIST.ADD", "event_code": "EVT-8061", "trace_id": "TRC-20251114153852-7b7c42c2bf6c", "service": "filter_database", "msg": "添加黑名单配置项", "extra": {"blacklist_type": "category", "value": "test_category"}}
{"ts": "2025-11-14T15:38:52.178436Z", "level": "INFO", "event": "FILTER.BLACKLIST.REMOVE", "event_code": "EVT-8062", "trace_id": "TRC-20251114153852-7b7c42c2bf6c", "service": "filter_database", "msg": "删除黑名单配置项", "extra": {"blacklist_type": "category", "value": "test_category"}}
{"ts": "2025-11-14T15:38:52.181074Z", "level": "INFO", "event": "FILTER.INIT", "event_code": "EVT-8001", "trace_id": "TRC-20251114153852-7b7c42c2bf6c", "service": "filter_database", "msg": "市场过滤器初始化完成", "extra": {"db_path": "backend/filter/database/filter.db"}}
{"ts": "2025-11-14T15:38:52.181477Z", "level": "INFO", "event": "FILTER.START", "event_code": "EVT-8002", "trace_id": "TRC-20251114153852-7b7c42c2bf6c", "service": "filter_database", "msg": "开始市场过滤流程", "extra": {"initial_count": 5}}
{"ts": "2025-11-14T15:38:52.182231Z", "level": "INFO", "event": "FILTER.CATEGORY.COMPLETE", "event_code": "EVT-8011", "trace_id": "TRC-20251114153852-7b7c42c2bf6c", "service": "filter_database", "msg": "Category 过滤完成", "extra": {"input_count": 5, "output_count": 4, "filtered_count": 1, "blacklist": ["sports", "elections"]}}
{"ts": "2025-11-14T15:38:52.182755Z", "level": "INFO", "event": "FILTER.TAG.COMPLETE", "event_code": "EVT-8021", "trace_id": "TRC-20251114153852-7b7c42c2bf6c", "service": "filter_database", "msg": "Tag 过滤完成", "extra": {"input_count": 4, "output_count": 3, "filtered_count": 1, "blacklist": ["china"]}}
{"ts": "2025-11-14T15:38:52.183754Z", "level": "INFO", "event": "FILTER.DESCRIPTION.COMPLETE", "event_code": "EVT-8031", "trace_id": "TRC-20251114153852-7b7c42c2bf6c", "service": "filter_database", "msg": "描述关键词过滤完成", "extra": {"input_count": 3, "output_count": 0, "filtered_count": 3, "blacklist": ["hit", "price", "above"]}}
{"ts": "2025-11-14T15:38:52.183754Z", "level": "INFO", "event": "FILTER.DATABASE.COMPLETE", "event_code": "EVT-8041", "trace_id": "TRC-20251114153852-7b7c42c2bf6c", "service": "filter_database", "msg": "数据库去重检查完成", "extra": {"input_count": 0, "output_count": 0, "filtered_count": 0}}
{"ts": "2025-11-14T15:38:52.184756Z", "level": "INFO", "event": "FILTER.AI.SKIP", "event_code": "EVT-8051", "trace_id": "TRC-20251114153852-7b7c42c2bf6c", "service": "filter_database", "msg": "AI 过滤未实现，跳过", "extra": {"input_count": 0}}
{"ts": "2025-11-14T15:38:52.184756Z", "level": "INFO", "event": "FILTER.COMPLETE", "event_code": "EVT-8003", "trace_id": "TRC-20251114153852-7b7c42c2bf6c", "service": "filter_database", "msg": "市场过滤流程完成", "extra": {"initial_count": 5, "final_count": 0, "filtered_count": 5, "pass_rate": "0.00%"}}
{"ts": "2025-11-14T15:38:52.191420Z", "level": "INFO", "event": "FILTER.PROCESSED.CLEAR", "event_code": "EVT-8072", "trace_id": "TRC-20251114153852-7b7c42c2bf6c", "service": "filter_database", "msg": "清理已处理市场记录", "extra": {"before_date": "all", "count": 0}}
{"ts": "2025-11-14T15:53:30.786552Z", "level": "INFO", "event": "FILTER.DB.INIT", "event_code": "EVT-8081", "trace_id": "TRC-20251114155330-ad238a833fab", "service": "filter_database", "msg": "数据库管理器初始化完成", "extra": {"db_path": "backend/filter/database/filter.db"}}
{"ts": "2025-11-14T15:53:30.788537Z", "level": "INFO", "event": "FILTER.DB.TABLES_CREATED", "event_code": "EVT-8082", "trace_id": "TRC-20251114155330-ad238a833fab", "service": "filter_database", "msg": "数据库表创建完成"}
{"ts": "2025-11-14T15:53:30.798564Z", "level": "INFO", "event": "FILTER.DB.DEFAULT_BLACKLIST", "event_code": "EVT-8083", "trace_id": "TRC-20251114155330-ad238a833fab", "service": "filter_database", "msg": "默认黑名单配置插入完成", "extra": {"count": 3}}
{"ts": "2025-11-14T15:53:30.804579Z", "level": "INFO", "event": "FILTER.BLACKLIST.ADD", "event_code": "EVT-8061", "trace_id": "TRC-20251114155330-ad238a833fab", "service": "filter_database", "msg": "添加黑名单配置项", "extra": {"blacklist_type": "tag", "value": "test_tag"}}
{"ts": "2025-11-14T15:53:30.809564Z", "level": "INFO", "event": "FILTER.BLACKLIST.REMOVE", "event_code": "EVT-8062", "trace_id": "TRC-20251114155330-ad238a833fab", "service": "filter_database", "msg": "删除黑名单配置项", "extra": {"blacklist_type": "tag", "value": "test_tag"}}
{"ts": "2025-11-14T15:53:30.813573Z", "level": "INFO", "event": "FILTER.INIT", "event_code": "EVT-8001", "trace_id": "TRC-20251114155330-ad238a833fab", "service": "filter_database", "msg": "事件过滤器初始化完成", "extra": {"db_path": "backend/filter/database/filter.db"}}
{"ts": "2025-11-14T15:53:30.813573Z", "level": "INFO", "event": "FILTER.START", "event_code": "EVT-8002", "trace_id": "TRC-20251114155330-ad238a833fab", "service": "filter_database", "msg": "开始事件过滤流程", "extra": {"initial_count": 5}}
{"ts": "2025-11-14T15:53:30.814578Z", "level": "INFO", "event": "FILTER.TAG.COMPLETE", "event_code": "EVT-8021", "trace_id": "TRC-20251114155330-ad238a833fab", "service": "filter_database", "msg": "Tag 过滤完成", "extra": {"input_count": 5, "output_count": 3, "filtered_count": 2, "blacklist": ["china", "sports", "elections"]}}
{"ts": "2025-11-14T15:53:30.815566Z", "level": "INFO", "event": "FILTER.DESCRIPTION.COMPLETE", "event_code": "EVT-8031", "trace_id": "TRC-20251114155330-ad238a833fab", "service": "filter_database", "msg": "描述关键词过滤完成", "extra": {"input_count": 3, "output_count": 1, "filtered_count": 2, "blacklist": ["hit", "price", "above"]}}
{"ts": "2025-11-14T15:53:30.820562Z", "level": "INFO", "event": "FILTER.DATABASE.COMPLETE", "event_code": "EVT-8041", "trace_id": "TRC-20251114155330-ad238a833fab", "service": "filter_database", "msg": "数据库去重检查完成", "extra": {"input_count": 1, "output_count": 1, "filtered_count": 0}}
{"ts": "2025-11-14T15:53:30.821565Z", "level": "INFO", "event": "FILTER.AI.SKIP", "event_code": "EVT-8051", "trace_id": "TRC-20251114155330-ad238a833fab", "service": "filter_database", "msg": "AI 过滤未实现，跳过", "extra": {"input_count": 1}}
{"ts": "2025-11-14T15:53:30.822569Z", "level": "INFO", "event": "FILTER.COMPLETE", "event_code": "EVT-8003", "trace_id": "TRC-20251114155330-ad238a833fab", "service": "filter_database", "msg": "事件过滤流程完成", "extra": {"initial_count": 5, "final_count": 1, "filtered_count": 4, "pass_rate": "20.00%"}}
{"ts": "2025-11-14T15:53:30.828564Z", "level": "INFO", "event": "FILTER.PROCESSED.CLEAR", "event_code": "EVT-8072", "trace_id": "TRC-20251114155330-ad238a833fab", "service": "filter_database", "msg": "清理已处理市场记录", "extra": {"before_date": "all", "count": 1}}
{"ts": "2025-11-14T15:54:42.456356Z", "level": "INFO", "event": "FILTER.DB.INIT", "event_code": "EVT-8081", "trace_id": "TRC-20251114155442-cfed677a5250", "service": "filter_database", "msg": "数据库管理器初始化完成", "extra": {"db_path": "backend/filter/database/filter.db"}}
{"ts": "2025-11-14T15:55:16.670008Z", "level": "INFO", "event": "FILTER.DB.INIT", "event_code": "EVT-8081", "trace_id": "TRC-20251114155516-a5ed038c1344", "service": "filter_database", "msg": "数据库管理器初始化完成", "extra": {"db_path": "backend/filter/database/filter.db"}}
{"ts": "2025-11-14T15:55:16.694286Z", "level": "INFO", "event": "FILTER.DB.TABLES_CREATED", "event_code": "EVT-8082", "trace_id": "TRC-20251114155516-a5ed038c1344", "service": "filter_database", "msg": "数据库表创建完成"}
{"ts": "2025-11-14T15:55:16.698287Z", "level": "INFO", "event": "FILTER.DB.DEFAULT_BLACKLIST", "event_code": "EVT-8083", "trace_id": "TRC-20251114155516-a5ed038c1344", "service": "filter_database", "msg": "默认黑名单配置插入完成", "extra": {"count": 3}}
{"ts": "2025-11-14T15:55:16.703288Z", "level": "INFO", "event": "FILTER.BLACKLIST.ADD", "event_code": "EVT-8061", "trace_id": "TRC-20251114155516-a5ed038c1344", "service": "filter_database", "msg": "添加黑名单配置项", "extra": {"blacklist_type": "tag", "value": "test_tag"}}
{"ts": "2025-11-14T15:55:16.708288Z", "level": "INFO", "event": "FILTER.BLACKLIST.REMOVE", "event_code": "EVT-8062", "trace_id": "TRC-20251114155516-a5ed038c1344", "service": "filter_database", "msg": "删除黑名单配置项", "extra": {"blacklist_type": "tag", "value": "test_tag"}}
{"ts": "2025-11-14T15:55:16.711288Z", "level": "INFO", "event": "FILTER.INIT", "event_code": "EVT-8001", "trace_id": "TRC-20251114155516-a5ed038c1344", "service": "filter_database", "msg": "事件过滤器初始化完成", "extra": {"db_path": "backend/filter/database/filter.db"}}
{"ts": "2025-11-14T15:55:16.711288Z", "level": "INFO", "event": "FILTER.START", "event_code": "EVT-8002", "trace_id": "TRC-20251114155516-a5ed038c1344", "service": "filter_database", "msg": "开始事件过滤流程", "extra": {"initial_count": 5}}
{"ts": "2025-11-14T15:55:16.711288Z", "level": "INFO", "event": "FILTER.TAG.COMPLETE", "event_code": "EVT-8021", "trace_id": "TRC-20251114155516-a5ed038c1344", "service": "filter_database", "msg": "Tag 过滤完成", "extra": {"input_count": 5, "output_count": 3, "filtered_count": 2, "blacklist": ["china", "sports", "elections"]}}
{"ts": "2025-11-14T15:55:16.723285Z", "level": "INFO", "event": "FILTER.DATABASE.COMPLETE", "event_code": "EVT-8041", "trace_id": "TRC-20251114155516-a5ed038c1344", "service": "filter_database", "msg": "数据库去重检查完成", "extra": {"input_count": 3, "output_count": 3, "filtered_count": 0}}
{"ts": "2025-11-14T15:55:16.723285Z", "level": "INFO", "event": "FILTER.AI.SKIP", "event_code": "EVT-8051", "trace_id": "TRC-20251114155516-a5ed038c1344", "service": "filter_database", "msg": "AI 过滤未实现，跳过", "extra": {"input_count": 3}}
{"ts": "2025-11-14T15:55:16.724287Z", "level": "INFO", "event": "FILTER.COMPLETE", "event_code": "EVT-8003", "trace_id": "TRC-20251114155516-a5ed038c1344", "service": "filter_database", "msg": "事件过滤流程完成", "extra": {"initial_count": 5, "final_count": 3, "filtered_count": 2, "pass_rate": "60.00%"}}
{"ts": "2025-11-14T15:55:16.730285Z", "level": "INFO", "event": "FILTER.PROCESSED.CLEAR", "event_code": "EVT-8072", "trace_id": "TRC-20251114155516-a5ed038c1344", "service": "filter_database", "msg": "清理已处理市场记录", "extra": {"before_date": "all", "count": 3}}
{"ts": "2025-11-14T16:00:37.709699Z", "level": "INFO", "event": "FILTER.DB.INIT", "event_code": "EVT-8081", "trace_id": "TRC-20251114160037-77b7d441ac14", "service": "filter_database", "msg": "数据库管理器初始化完成", "extra": {"db_path": "backend/filter/database/filter.db"}}
{"ts": "2025-11-14T16:00:37.710676Z", "level": "INFO", "event": "FILTER.DB.TABLES_CREATED", "event_code": "EVT-8082", "trace_id": "TRC-20251114160037-77b7d441ac14", "service": "filter_database", "msg": "数据库表创建完成"}
{"ts": "2025-11-14T16:00:37.720697Z", "level": "INFO", "event": "FILTER.DB.DEFAULT_BLACKLIST", "event_code": "EVT-8083", "trace_id": "TRC-20251114160037-77b7d441ac14", "service": "filter_database", "msg": "默认黑名单配置插入完成", "extra": {"count": 3}}
{"ts": "2025-11-14T16:00:37.725696Z", "level": "INFO", "event": "FILTER.BLACKLIST.ADD", "event_code": "EVT-8061", "trace_id": "TRC-20251114160037-77b7d441ac14", "service": "filter_database", "msg": "添加黑名单配置项", "extra": {"blacklist_type": "tag", "value": "test_tag"}}
{"ts": "2025-11-14T16:00:37.730700Z", "level": "INFO", "event": "FILTER.BLACKLIST.REMOVE", "event_code": "EVT-8062", "trace_id": "TRC-20251114160037-77b7d441ac14", "service": "filter_database", "msg": "删除黑名单配置项", "extra": {"blacklist_type": "tag", "value": "test_tag"}}
{"ts": "2025-11-14T16:00:37.733701Z", "level": "INFO", "event": "FILTER.INIT", "event_code": "EVT-8001", "trace_id": "TRC-20251114160037-77b7d441ac14", "service": "filter_database", "msg": "事件过滤器初始化完成", "extra": {"db_path": "backend/filter/database/filter.db"}}
{"ts": "2025-11-14T16:00:37.733701Z", "level": "INFO", "event": "FILTER.START", "event_code": "EVT-8002", "trace_id": "TRC-20251114160037-77b7d441ac14", "service": "filter_database", "msg": "开始事件过滤流程", "extra": {"initial_count": 5}}
{"ts": "2025-11-14T16:00:37.734703Z", "level": "INFO", "event": "FILTER.TAG.COMPLETE", "event_code": "EVT-8021", "trace_id": "TRC-20251114160037-77b7d441ac14", "service": "filter_database", "msg": "Tag 过滤完成", "extra": {"input_count": 5, "output_count": 3, "filtered_count": 2, "blacklist": ["china", "sports", "elections"]}}
{"ts": "2025-11-14T16:00:37.745697Z", "level": "INFO", "event": "FILTER.DATABASE.COMPLETE", "event_code": "EVT-8041", "trace_id": "TRC-20251114160037-77b7d441ac14", "service": "filter_database", "msg": "数据库去重检查完成", "extra": {"input_count": 3, "output_count": 3, "filtered_count": 0}}
{"ts": "2025-11-14T16:00:37.745697Z", "level": "INFO", "event": "FILTER.AI.SKIP", "event_code": "EVT-8051", "trace_id": "TRC-20251114160037-77b7d441ac14", "service": "filter_database", "msg": "AI 过滤未实现，跳过", "extra": {"input_count": 3}}
{"ts": "2025-11-14T16:00:37.746699Z", "level": "INFO", "event": "FILTER.COMPLETE", "event_code": "EVT-8003", "trace_id": "TRC-20251114160037-77b7d441ac14", "service": "filter_database", "msg": "事件过滤流程完成", "extra": {"initial_count": 5, "final_count": 3, "filtered_count": 2, "pass_rate": "60.00%"}}
{"ts": "2025-11-14T16:00:37.751695Z", "level": "INFO", "event": "FILTER.PROCESSED.CLEAR", "event_code": "EVT-8072", "trace_id": "TRC-20251114160037-77b7d441ac14", "service": "filter_database", "msg": "清理已处理市场记录", "extra": {"before_date": "all", "count": 3}}
{"ts": "2025-11-14T16:02:09.245590Z", "level": "INFO", "event": "API.CLIENT.INIT", "event_code": "EVT-PM-001", "trace_id": "TRC-20251114160209-c8674b7ec45a", "service": "polymarket_api", "msg": "Polymarket Gamma API 客户端初始化完成", "extra": {"base_url": "https://gamma-api.polymarket.com", "timeout": 30, "proxy_enabled": false}}
{"ts": "2025-11-14T16:02:09.246594Z", "level": "INFO", "event": "API.EVENT.NEW", "event_code": "API.EVENT.NEW", "trace_id": "TRC-20251114160209-c8674b7ec45a", "service": "polymarket_api", "msg": "获取新增事件"}
{"ts": "2025-11-14T16:02:09.246594Z", "level": "INFO", "event": "EVT-PM-006", "event_code": "EVT-PM-006", "trace_id": "TRC-20251114160209-c8674b7ec45a", "service": "polymarket_api", "msg": "获取事件列表", "extra": {"params": {"order": "createdAt", "ascending": "false", "limit": 10}}}
{"ts": "2025-11-14T16:02:09.247572Z", "level": "INFO", "event": "API.REQUEST.START", "event_code": "EVT-PM-002", "trace_id": "TRC-20251114160209-c8674b7ec45a", "service": "polymarket_api", "msg": "开始 API 请求", "extra": {"url": "https://gamma-api.polymarket.com/events", "params": {"order": "createdAt", "ascending": "false", "limit": 10}}}
{"ts": "2025-11-14T16:02:10.696195Z", "level": "INFO", "event": "API.REQUEST.SUCCESS", "event_code": "EVT-PM-003", "trace_id": "TRC-20251114160209-c8674b7ec45a", "service": "polymarket_api", "msg": "API 请求成功", "extra": {"url": "https://gamma-api.polymarket.com/events", "status_code": 200, "response_size": 56066}}
{"ts": "2025-11-14T16:02:10.697744Z", "level": "INFO", "event": "EVT-PM-006", "event_code": "EVT-PM-006", "trace_id": "TRC-20251114160209-c8674b7ec45a", "service": "polymarket_api", "msg": "事件列表获取完成", "extra": {"count": 10}}
{"ts": "2025-11-14T16:02:10.698742Z", "level": "INFO", "event": "FILTER.INIT", "event_code": "EVT-8001", "trace_id": "TRC-20251114160209-c8674b7ec45a", "service": "polymarket_api", "msg": "事件过滤器初始化完成", "extra": {"db_path": "backend/filter/database/filter.db"}}
{"ts": "2025-11-14T16:02:10.698742Z", "level": "INFO", "event": "FILTER.START", "event_code": "EVT-8002", "trace_id": "TRC-20251114160209-c8674b7ec45a", "service": "polymarket_api", "msg": "开始事件过滤流程", "extra": {"initial_count": 10}}
{"ts": "2025-11-14T16:02:10.699754Z", "level": "INFO", "event": "FILTER.DB.INIT", "event_code": "EVT-8081", "trace_id": "TRC-20251114160209-c8674b7ec45a", "service": "polymarket_api", "msg": "数据库管理器初始化完成", "extra": {"db_path": "backend/filter/database/filter.db"}}
{"ts": "2025-11-14T16:02:10.700753Z", "level": "INFO", "event": "FILTER.TAG.COMPLETE", "event_code": "EVT-8021", "trace_id": "TRC-20251114160209-c8674b7ec45a", "service": "polymarket_api", "msg": "Tag 过滤完成", "extra": {"input_count": 10, "output_count": 10, "filtered_count": 0, "blacklist": ["china", "sports", "elections"]}}
{"ts": "2025-11-14T16:02:10.746754Z", "level": "INFO", "event": "FILTER.DATABASE.COMPLETE", "event_code": "EVT-8041", "trace_id": "TRC-20251114160209-c8674b7ec45a", "service": "polymarket_api", "msg": "数据库去重检查完成", "extra": {"input_count": 10, "output_count": 10, "filtered_count": 0}}
{"ts": "2025-11-14T16:02:10.746754Z", "level": "INFO", "event": "FILTER.AI.SKIP", "event_code": "EVT-8051", "trace_id": "TRC-20251114160209-c8674b7ec45a", "service": "polymarket_api", "msg": "AI 过滤未实现，跳过", "extra": {"input_count": 10}}
{"ts": "2025-11-14T16:02:10.747758Z", "level": "INFO", "event": "FILTER.COMPLETE", "event_code": "EVT-8003", "trace_id": "TRC-20251114160209-c8674b7ec45a", "service": "polymarket_api", "msg": "事件过滤流程完成", "extra": {"initial_count": 10, "final_count": 10, "filtered_count": 0, "pass_rate": "100.00%"}}
{"ts": "2025-11-14T16:02:23.286612Z", "level": "INFO", "event": "API.CLIENT.INIT", "event_code": "EVT-PM-001", "trace_id": "TRC-20251114160223-c17f898b0959", "service": "polymarket_api", "msg": "Polymarket Gamma API 客户端初始化完成", "extra": {"base_url": "https://gamma-api.polymarket.com", "timeout": 30, "proxy_enabled": false}}
{"ts": "2025-11-14T16:02:23.287612Z", "level": "INFO", "event": "API.EVENT.NEW", "event_code": "API.EVENT.NEW", "trace_id": "TRC-20251114160223-c17f898b0959", "service": "polymarket_api", "msg": "获取新增事件"}
{"ts": "2025-11-14T16:02:23.288589Z", "level": "INFO", "event": "EVT-PM-006", "event_code": "EVT-PM-006", "trace_id": "TRC-20251114160223-c17f898b0959", "service": "polymarket_api", "msg": "获取事件列表", "extra": {"params": {"order": "createdAt", "ascending": "false", "limit": 10}}}
{"ts": "2025-11-14T16:02:23.288589Z", "level": "INFO", "event": "API.REQUEST.START", "event_code": "EVT-PM-002", "trace_id": "TRC-20251114160223-c17f898b0959", "service": "polymarket_api", "msg": "开始 API 请求", "extra": {"url": "https://gamma-api.polymarket.com/events", "params": {"order": "createdAt", "ascending": "false", "limit": 10}}}
{"ts": "2025-11-14T16:02:24.161141Z", "level": "INFO", "event": "API.REQUEST.SUCCESS", "event_code": "EVT-PM-003", "trace_id": "TRC-20251114160223-c17f898b0959", "service": "polymarket_api", "msg": "API 请求成功", "extra": {"url": "https://gamma-api.polymarket.com/events", "status_code": 200, "response_size": 56066}}
{"ts": "2025-11-14T16:02:24.161697Z", "level": "INFO", "event": "EVT-PM-006", "event_code": "EVT-PM-006", "trace_id": "TRC-20251114160223-c17f898b0959", "service": "polymarket_api", "msg": "事件列表获取完成", "extra": {"count": 10}}
{"ts": "2025-11-14T16:02:24.162698Z", "level": "INFO", "event": "FILTER.INIT", "event_code": "EVT-8001", "trace_id": "TRC-20251114160223-c17f898b0959", "service": "polymarket_api", "msg": "事件过滤器初始化完成", "extra": {"db_path": "backend/filter/database/filter.db"}}
{"ts": "2025-11-14T16:02:24.162698Z", "level": "INFO", "event": "FILTER.START", "event_code": "EVT-8002", "trace_id": "TRC-20251114160223-c17f898b0959", "service": "polymarket_api", "msg": "开始事件过滤流程", "extra": {"initial_count": 10}}
{"ts": "2025-11-14T16:02:24.163699Z", "level": "INFO", "event": "FILTER.DB.INIT", "event_code": "EVT-8081", "trace_id": "TRC-20251114160223-c17f898b0959", "service": "polymarket_api", "msg": "数据库管理器初始化完成", "extra": {"db_path": "backend/filter/database/filter.db"}}
{"ts": "2025-11-14T16:02:24.164699Z", "level": "INFO", "event": "FILTER.TAG.COMPLETE", "event_code": "EVT-8021", "trace_id": "TRC-20251114160223-c17f898b0959", "service": "polymarket_api", "msg": "Tag 过滤完成", "extra": {"input_count": 10, "output_count": 10, "filtered_count": 0, "blacklist": ["china", "sports", "elections"]}}
{"ts": "2025-11-14T16:02:24.166689Z", "level": "INFO", "event": "FILTER.DATABASE.COMPLETE", "event_code": "EVT-8041", "trace_id": "TRC-20251114160223-c17f898b0959", "service": "polymarket_api", "msg": "数据库去重检查完成", "extra": {"input_count": 10, "output_count": 0, "filtered_count": 10}}
{"ts": "2025-11-14T16:02:24.166689Z", "level": "INFO", "event": "FILTER.AI.SKIP", "event_code": "EVT-8051", "trace_id": "TRC-20251114160223-c17f898b0959", "service": "polymarket_api", "msg": "AI 过滤未实现，跳过", "extra": {"input_count": 0}}
{"ts": "2025-11-14T16:02:24.167692Z", "level": "INFO", "event": "FILTER.COMPLETE", "event_code": "EVT-8003", "trace_id": "TRC-20251114160223-c17f898b0959", "service": "polymarket_api", "msg": "事件过滤流程完成", "extra": {"initial_count": 10, "final_count": 0, "filtered_count": 10, "pass_rate": "0.00%"}}
{"ts": "2025-11-14T16:02:34.238446Z", "level": "INFO", "event": "API.CLIENT.INIT", "event_code": "EVT-PM-001", "trace_id": "TRC-20251114160234-ae8f610f5051", "service": "polymarket_api", "msg": "Polymarket Gamma API 客户端初始化完成", "extra": {"base_url": "https://gamma-api.polymarket.com", "timeout": 30, "proxy_enabled": false}}
{"ts": "2025-11-14T16:02:34.238985Z", "level": "INFO", "event": "API.EVENT.NEW", "event_code": "API.EVENT.NEW", "trace_id": "TRC-20251114160234-ae8f610f5051", "service": "polymarket_api", "msg": "获取新增事件"}
{"ts": "2025-11-14T16:02:34.239962Z", "level": "INFO", "event": "EVT-PM-006", "event_code": "EVT-PM-006", "trace_id": "TRC-20251114160234-ae8f610f5051", "service": "polymarket_api", "msg": "获取事件列表", "extra": {"params": {"order": "createdAt", "ascending": "false", "limit": 100}}}
{"ts": "2025-11-14T16:02:34.239962Z", "level": "INFO", "event": "API.REQUEST.START", "event_code": "EVT-PM-002", "trace_id": "TRC-20251114160234-ae8f610f5051", "service": "polymarket_api", "msg": "开始 API 请求", "extra": {"url": "https://gamma-api.polymarket.com/events", "params": {"order": "createdAt", "ascending": "false", "limit": 100}}}
{"ts": "2025-11-14T16:02:35.829351Z", "level": "INFO", "event": "API.REQUEST.SUCCESS", "event_code": "EVT-PM-003", "trace_id": "TRC-20251114160234-ae8f610f5051", "service": "polymarket_api", "msg": "API 请求成功", "extra": {"url": "https://gamma-api.polymarket.com/events", "status_code": 200, "response_size": 528905}}
{"ts": "2025-11-14T16:02:35.833892Z", "level": "INFO", "event": "EVT-PM-006", "event_code": "EVT-PM-006", "trace_id": "TRC-20251114160234-ae8f610f5051", "service": "polymarket_api", "msg": "事件列表获取完成", "extra": {"count": 100}}
{"ts": "2025-11-14T16:02:35.834882Z", "level": "INFO", "event": "FILTER.INIT", "event_code": "EVT-8001", "trace_id": "TRC-20251114160234-ae8f610f5051", "service": "polymarket_api", "msg": "事件过滤器初始化完成", "extra": {"db_path": "backend/filter/database/filter.db"}}
{"ts": "2025-11-14T16:02:35.835865Z", "level": "INFO", "event": "FILTER.START", "event_code": "EVT-8002", "trace_id": "TRC-20251114160234-ae8f610f5051", "service": "polymarket_api", "msg": "开始事件过滤流程", "extra": {"initial_count": 100}}
{"ts": "2025-11-14T16:02:35.836875Z", "level": "INFO", "event": "FILTER.DB.INIT", "event_code": "EVT-8081", "trace_id": "TRC-20251114160234-ae8f610f5051", "service": "polymarket_api", "msg": "数据库管理器初始化完成", "extra": {"db_path": "backend/filter/database/filter.db"}}
{"ts": "2025-11-14T16:02:35.841267Z", "level": "INFO", "event": "FILTER.TAG.COMPLETE", "event_code": "EVT-8021", "trace_id": "TRC-20251114160234-ae8f610f5051", "service": "polymarket_api", "msg": "Tag 过滤完成", "extra": {"input_count": 100, "output_count": 16, "filtered_count": 84, "blacklist": ["china", "sports", "elections"]}}
{"ts": "2025-11-14T16:02:35.870306Z", "level": "INFO", "event": "FILTER.DATABASE.COMPLETE", "event_code": "EVT-8041", "trace_id": "TRC-20251114160234-ae8f610f5051", "service": "polymarket_api", "msg": "数据库去重检查完成", "extra": {"input_count": 16, "output_count": 6, "filtered_count": 10}}
{"ts": "2025-11-14T16:02:35.870845Z", "level": "INFO", "event": "FILTER.AI.SKIP", "event_code": "EVT-8051", "trace_id": "TRC-20251114160234-ae8f610f5051", "service": "polymarket_api", "msg": "AI 过滤未实现，跳过", "extra": {"input_count": 6}}
{"ts": "2025-11-14T16:02:35.871426Z", "level": "INFO", "event": "FILTER.COMPLETE", "event_code": "EVT-8003", "trace_id": "TRC-20251114160234-ae8f610f5051", "service": "polymarket_api", "msg": "事件过滤流程完成", "extra": {"initial_count": 100, "final_count": 6, "filtered_count": 94, "pass_rate": "6.00%"}}
{"ts": "2025-11-14T16:08:20.149890Z", "level": "INFO", "event": "API.CLIENT.INIT", "event_code": "EVT-PM-001", "trace_id": "TRC-20251114160820-378681250151", "service": "polymarket_api", "msg": "Polymarket Gamma API 客户端初始化完成", "extra": {"base_url": "https://gamma-api.polymarket.com", "timeout": 30, "proxy_enabled": false}}
{"ts": "2025-11-14T16:08:20.150873Z", "level": "INFO", "event": "API.EVENT.NEW", "event_code": "API.EVENT.NEW", "trace_id": "TRC-20251114160820-378681250151", "service": "polymarket_api", "msg": "获取新增事件"}
{"ts": "2025-11-14T16:08:20.150873Z", "level": "INFO", "event": "EVT-PM-006", "event_code": "EVT-PM-006", "trace_id": "TRC-20251114160820-378681250151", "service": "polymarket_api", "msg": "获取事件列表", "extra": {"params": {"order": "createdAt", "ascending": "false", "limit": 100}}}
{"ts": "2025-11-14T16:08:20.151880Z", "level": "INFO", "event": "API.REQUEST.START", "event_code": "EVT-PM-002", "trace_id": "TRC-20251114160820-378681250151", "service": "polymarket_api", "msg": "开始 API 请求", "extra": {"url": "https://gamma-api.polymarket.com/events", "params": {"order": "createdAt", "ascending": "false", "limit": 100}}}
{"ts": "2025-11-14T16:08:21.181203Z", "level": "INFO", "event": "API.REQUEST.SUCCESS", "event_code": "EVT-PM-003", "trace_id": "TRC-20251114160820-378681250151", "service": "polymarket_api", "msg": "API 请求成功", "extra": {"url": "https://gamma-api.polymarket.com/events", "status_code": 200, "response_size": 528900}}
{"ts": "2025-11-14T16:08:21.186204Z", "level": "INFO", "event": "EVT-PM-006", "event_code": "EVT-PM-006", "trace_id": "TRC-20251114160820-378681250151", "service": "polymarket_api", "msg": "事件列表获取完成", "extra": {"count": 100}}
{"ts": "2025-11-14T16:08:21.187208Z", "level": "INFO", "event": "FILTER.INIT", "event_code": "EVT-8001", "trace_id": "TRC-20251114160820-378681250151", "service": "polymarket_api", "msg": "事件过滤器初始化完成", "extra": {"db_path": "backend/filter/database/filter.db"}}
{"ts": "2025-11-14T16:08:21.188209Z", "level": "INFO", "event": "FILTER.START", "event_code": "EVT-8002", "trace_id": "TRC-20251114160820-378681250151", "service": "polymarket_api", "msg": "开始事件过滤流程", "extra": {"initial_count": 100}}
{"ts": "2025-11-14T16:08:21.189207Z", "level": "INFO", "event": "FILTER.DB.INIT", "event_code": "EVT-8081", "trace_id": "TRC-20251114160820-378681250151", "service": "polymarket_api", "msg": "数据库管理器初始化完成", "extra": {"db_path": "backend/filter/database/filter.db"}}
{"ts": "2025-11-14T16:08:21.193204Z", "level": "INFO", "event": "FILTER.TAG.COMPLETE", "event_code": "EVT-8021", "trace_id": "TRC-20251114160820-378681250151", "service": "polymarket_api", "msg": "Tag 过滤完成", "extra": {"input_count": 100, "output_count": 16, "filtered_count": 84, "blacklist": ["china", "sports", "elections"]}}
{"ts": "2025-11-14T16:08:21.195206Z", "level": "INFO", "event": "FILTER.DATABASE.COMPLETE", "event_code": "EVT-8041", "trace_id": "TRC-20251114160820-378681250151", "service": "polymarket_api", "msg": "数据库去重检查完成", "extra": {"input_count": 16, "output_count": 0, "filtered_count": 16}}
{"ts": "2025-11-14T16:08:21.196208Z", "level": "INFO", "event": "FILTER.AI.SKIP", "event_code": "EVT-8051", "trace_id": "TRC-20251114160820-378681250151", "service": "polymarket_api", "msg": "AI 过滤未实现，跳过", "extra": {"input_count": 0}}
{"ts": "2025-11-14T16:08:21.196208Z", "level": "INFO", "event": "FILTER.COMPLETE", "event_code": "EVT-8003", "trace_id": "TRC-20251114160820-378681250151", "service": "polymarket_api", "msg": "事件过滤流程完成", "extra": {"initial_count": 100, "final_count": 0, "filtered_count": 100, "pass_rate": "0.00%"}}
{"ts": "2025-11-14T16:08:28.061640Z", "level": "INFO", "event": "API.CLIENT.INIT", "event_code": "EVT-PM-001", "trace_id": "TRC-20251114160828-f3c852ce9bb6", "service": "polymarket_api", "msg": "Polymarket Gamma API 客户端初始化完成", "extra": {"base_url": "https://gamma-api.polymarket.com", "timeout": 30, "proxy_enabled": false}}
{"ts": "2025-11-14T16:08:28.061640Z", "level": "INFO", "event": "API.EVENT.NEW", "event_code": "API.EVENT.NEW", "trace_id": "TRC-20251114160828-f3c852ce9bb6", "service": "polymarket_api", "msg": "获取新增事件"}
{"ts": "2025-11-14T16:08:28.061640Z", "level": "INFO", "event": "EVT-PM-006", "event_code": "EVT-PM-006", "trace_id": "TRC-20251114160828-f3c852ce9bb6", "service": "polymarket_api", "msg": "获取事件列表", "extra": {"params": {"order": "createdAt", "ascending": "false", "limit": 100}}}
{"ts": "2025-11-14T16:08:28.062639Z", "level": "INFO", "event": "API.REQUEST.START", "event_code": "EVT-PM-002", "trace_id": "TRC-20251114160828-f3c852ce9bb6", "service": "polymarket_api", "msg": "开始 API 请求", "extra": {"url": "https://gamma-api.polymarket.com/events", "params": {"order": "createdAt", "ascending": "false", "limit": 100}}}
{"ts": "2025-11-14T16:08:29.335753Z", "level": "INFO", "event": "API.REQUEST.SUCCESS", "event_code": "EVT-PM-003", "trace_id": "TRC-20251114160828-f3c852ce9bb6", "service": "polymarket_api", "msg": "API 请求成功", "extra": {"url": "https://gamma-api.polymarket.com/events", "status_code": 200, "response_size": 528900}}
{"ts": "2025-11-14T16:08:29.340751Z", "level": "INFO", "event": "EVT-PM-006", "event_code": "EVT-PM-006", "trace_id": "TRC-20251114160828-f3c852ce9bb6", "service": "polymarket_api", "msg": "事件列表获取完成", "extra": {"count": 100}}
{"ts": "2025-11-14T16:08:29.341732Z", "level": "INFO", "event": "FILTER.INIT", "event_code": "EVT-8001", "trace_id": "TRC-20251114160828-f3c852ce9bb6", "service": "polymarket_api", "msg": "事件过滤器初始化完成", "extra": {"db_path": "backend/filter/database/filter.db"}}
{"ts": "2025-11-14T16:08:29.342730Z", "level": "INFO", "event": "FILTER.START", "event_code": "EVT-8002", "trace_id": "TRC-20251114160828-f3c852ce9bb6", "service": "polymarket_api", "msg": "开始事件过滤流程", "extra": {"initial_count": 100}}
{"ts": "2025-11-14T16:08:29.343733Z", "level": "INFO", "event": "FILTER.DB.INIT", "event_code": "EVT-8081", "trace_id": "TRC-20251114160828-f3c852ce9bb6", "service": "polymarket_api", "msg": "数据库管理器初始化完成", "extra": {"db_path": "backend/filter/database/filter.db"}}
{"ts": "2025-11-14T16:08:29.347731Z", "level": "INFO", "event": "FILTER.TAG.COMPLETE", "event_code": "EVT-8021", "trace_id": "TRC-20251114160828-f3c852ce9bb6", "service": "polymarket_api", "msg": "Tag 过滤完成", "extra": {"input_count": 100, "output_count": 16, "filtered_count": 84, "blacklist": ["china", "sports", "elections"]}}
{"ts": "2025-11-14T16:08:29.350729Z", "level": "INFO", "event": "FILTER.DATABASE.COMPLETE", "event_code": "EVT-8041", "trace_id": "TRC-20251114160828-f3c852ce9bb6", "service": "polymarket_api", "msg": "数据库去重检查完成", "extra": {"input_count": 16, "output_count": 0, "filtered_count": 16}}
{"ts": "2025-11-14T16:08:29.351726Z", "level": "INFO", "event": "FILTER.AI.SKIP", "event_code": "EVT-8051", "trace_id": "TRC-20251114160828-f3c852ce9bb6", "service": "polymarket_api", "msg": "AI 过滤未实现，跳过", "extra": {"input_count": 0}}
{"ts": "2025-11-14T16:08:29.351726Z", "level": "INFO", "event": "FILTER.COMPLETE", "event_code": "EVT-8003", "trace_id": "TRC-20251114160828-f3c852ce9bb6", "service": "polymarket_api", "msg": "事件过滤流程完成", "extra": {"initial_count": 100, "final_count": 0, "filtered_count": 100, "pass_rate": "0.00%"}}
{"ts": "2025-11-14T16:08:35.856857Z", "level": "INFO", "event": "API.CLIENT.INIT", "event_code": "EVT-PM-001", "trace_id": "TRC-20251114160835-13f5b6530a9d", "service": "polymarket_api", "msg": "Polymarket Gamma API 客户端初始化完成", "extra": {"base_url": "https://gamma-api.polymarket.com", "timeout": 30, "proxy_enabled": false}}
{"ts": "2025-11-14T16:08:35.857861Z", "level": "INFO", "event": "API.EVENT.NEW", "event_code": "API.EVENT.NEW", "trace_id": "TRC-20251114160835-13f5b6530a9d", "service": "polymarket_api", "msg": "获取新增事件"}
{"ts": "2025-11-14T16:08:35.858858Z", "level": "INFO", "event": "EVT-PM-006", "event_code": "EVT-PM-006", "trace_id": "TRC-20251114160835-13f5b6530a9d", "service": "polymarket_api", "msg": "获取事件列表", "extra": {"params": {"order": "createdAt", "ascending": "false", "limit": 100}}}
{"ts": "2025-11-14T16:08:35.858858Z", "level": "INFO", "event": "API.REQUEST.START", "event_code": "EVT-PM-002", "trace_id": "TRC-20251114160835-13f5b6530a9d", "service": "polymarket_api", "msg": "开始 API 请求", "extra": {"url": "https://gamma-api.polymarket.com/events", "params": {"order": "createdAt", "ascending": "false", "limit": 100}}}
{"ts": "2025-11-14T16:08:37.193147Z", "level": "INFO", "event": "API.REQUEST.SUCCESS", "event_code": "EVT-PM-003", "trace_id": "TRC-20251114160835-13f5b6530a9d", "service": "polymarket_api", "msg": "API 请求成功", "extra": {"url": "https://gamma-api.polymarket.com/events", "status_code": 200, "response_size": 528900}}
{"ts": "2025-11-14T16:08:37.200137Z", "level": "INFO", "event": "EVT-PM-006", "event_code": "EVT-PM-006", "trace_id": "TRC-20251114160835-13f5b6530a9d", "service": "polymarket_api", "msg": "事件列表获取完成", "extra": {"count": 100}}
{"ts": "2025-11-14T16:08:37.201138Z", "level": "INFO", "event": "FILTER.INIT", "event_code": "EVT-8001", "trace_id": "TRC-20251114160835-13f5b6530a9d", "service": "polymarket_api", "msg": "事件过滤器初始化完成", "extra": {"db_path": "backend/filter/database/filter.db"}}
{"ts": "2025-11-14T16:08:37.201138Z", "level": "INFO", "event": "FILTER.START", "event_code": "EVT-8002", "trace_id": "TRC-20251114160835-13f5b6530a9d", "service": "polymarket_api", "msg": "开始事件过滤流程", "extra": {"initial_count": 100}}
{"ts": "2025-11-14T16:08:37.202141Z", "level": "INFO", "event": "FILTER.DB.INIT", "event_code": "EVT-8081", "trace_id": "TRC-20251114160835-13f5b6530a9d", "service": "polymarket_api", "msg": "数据库管理器初始化完成", "extra": {"db_path": "backend/filter/database/filter.db"}}
{"ts": "2025-11-14T16:08:37.207117Z", "level": "INFO", "event": "FILTER.TAG.COMPLETE", "event_code": "EVT-8021", "trace_id": "TRC-20251114160835-13f5b6530a9d", "service": "polymarket_api", "msg": "Tag 过滤完成", "extra": {"input_count": 100, "output_count": 16, "filtered_count": 84, "blacklist": ["china", "sports", "elections"]}}
{"ts": "2025-11-14T16:08:37.209122Z", "level": "INFO", "event": "FILTER.DATABASE.COMPLETE", "event_code": "EVT-8041", "trace_id": "TRC-20251114160835-13f5b6530a9d", "service": "polymarket_api", "msg": "数据库去重检查完成", "extra": {"input_count": 16, "output_count": 0, "filtered_count": 16}}
{"ts": "2025-11-14T16:08:37.209122Z", "level": "INFO", "event": "FILTER.AI.SKIP", "event_code": "EVT-8051", "trace_id": "TRC-20251114160835-13f5b6530a9d", "service": "polymarket_api", "msg": "AI 过滤未实现，跳过", "extra": {"input_count": 0}}
{"ts": "2025-11-14T16:08:37.210127Z", "level": "INFO", "event": "FILTER.COMPLETE", "event_code": "EVT-8003", "trace_id": "TRC-20251114160835-13f5b6530a9d", "service": "polymarket_api", "msg": "事件过滤流程完成", "extra": {"initial_count": 100, "final_count": 0, "filtered_count": 100, "pass_rate": "0.00%"}}
{"ts": "2025-11-14T16:08:42.822511Z", "level": "INFO", "event": "API.CLIENT.INIT", "event_code": "EVT-PM-001", "trace_id": "TRC-20251114160842-da6177566d35", "service": "polymarket_api", "msg": "Polymarket Gamma API 客户端初始化完成", "extra": {"base_url": "https://gamma-api.polymarket.com", "timeout": 30, "proxy_enabled": false}}
{"ts": "2025-11-14T16:08:42.822511Z", "level": "INFO", "event": "API.EVENT.NEW", "event_code": "API.EVENT.NEW", "trace_id": "TRC-20251114160842-da6177566d35", "service": "polymarket_api", "msg": "获取新增事件"}
{"ts": "2025-11-14T16:08:42.823512Z", "level": "INFO", "event": "EVT-PM-006", "event_code": "EVT-PM-006", "trace_id": "TRC-20251114160842-da6177566d35", "service": "polymarket_api", "msg": "获取事件列表", "extra": {"params": {"order": "createdAt", "ascending": "false", "limit": 1000}}}
{"ts": "2025-11-14T16:08:42.823512Z", "level": "INFO", "event": "API.REQUEST.START", "event_code": "EVT-PM-002", "trace_id": "TRC-20251114160842-da6177566d35", "service": "polymarket_api", "msg": "开始 API 请求", "extra": {"url": "https://gamma-api.polymarket.com/events", "params": {"order": "createdAt", "ascending": "false", "limit": 1000}}}
{"ts": "2025-11-14T16:08:44.322515Z", "level": "INFO", "event": "API.REQUEST.SUCCESS", "event_code": "EVT-PM-003", "trace_id": "TRC-20251114160842-da6177566d35", "service": "polymarket_api", "msg": "API 请求成功", "extra": {"url": "https://gamma-api.polymarket.com/events", "status_code": 200, "response_size": 3039482}}
{"ts": "2025-11-14T16:08:44.357056Z", "level": "INFO", "event": "EVT-PM-006", "event_code": "EVT-PM-006", "trace_id": "TRC-20251114160842-da6177566d35", "service": "polymarket_api", "msg": "事件列表获取完成", "extra": {"count": 500}}
{"ts": "2025-11-14T16:08:44.358062Z", "level": "INFO", "event": "FILTER.INIT", "event_code": "EVT-8001", "trace_id": "TRC-20251114160842-da6177566d35", "service": "polymarket_api", "msg": "事件过滤器初始化完成", "extra": {"db_path": "backend/filter/database/filter.db"}}
{"ts": "2025-11-14T16:08:44.359067Z", "level": "INFO", "event": "FILTER.START", "event_code": "EVT-8002", "trace_id": "TRC-20251114160842-da6177566d35", "service": "polymarket_api", "msg": "开始事件过滤流程", "extra": {"initial_count": 500}}
{"ts": "2025-11-14T16:08:44.360064Z", "level": "INFO", "event": "FILTER.DB.INIT", "event_code": "EVT-8081", "trace_id": "TRC-20251114160842-da6177566d35", "service": "polymarket_api", "msg": "数据库管理器初始化完成", "extra": {"db_path": "backend/filter/database/filter.db"}}
{"ts": "2025-11-14T16:08:44.369062Z", "level": "INFO", "event": "FILTER.TAG.COMPLETE", "event_code": "EVT-8021", "trace_id": "TRC-20251114160842-da6177566d35", "service": "polymarket_api", "msg": "Tag 过滤完成", "extra": {"input_count": 500, "output_count": 379, "filtered_count": 121, "blacklist": ["china", "sports", "elections"]}}
{"ts": "2025-11-14T16:08:45.681448Z", "level": "INFO", "event": "FILTER.DATABASE.COMPLETE", "event_code": "EVT-8041", "trace_id": "TRC-20251114160842-da6177566d35", "service": "polymarket_api", "msg": "数据库去重检查完成", "extra": {"input_count": 379, "output_count": 363, "filtered_count": 16}}
{"ts": "2025-11-14T16:08:45.681448Z", "level": "INFO", "event": "FILTER.AI.SKIP", "event_code": "EVT-8051", "trace_id": "TRC-20251114160842-da6177566d35", "service": "polymarket_api", "msg": "AI 过滤未实现，跳过", "extra": {"input_count": 363}}
{"ts": "2025-11-14T16:08:45.682448Z", "level": "INFO", "event": "FILTER.COMPLETE", "event_code": "EVT-8003", "trace_id": "TRC-20251114160842-da6177566d35", "service": "polymarket_api", "msg": "事件过滤流程完成", "extra": {"initial_count": 500, "final_count": 363, "filtered_count": 137, "pass_rate": "72.60%"}}
{"ts": "2025-11-14T16:08:58.417221Z", "level": "INFO", "event": "API.CLIENT.INIT", "event_code": "EVT-PM-001", "trace_id": "TRC-20251114160858-757c6b607513", "service": "polymarket_api", "msg": "Polymarket Gamma API 客户端初始化完成", "extra": {"base_url": "https://gamma-api.polymarket.com", "timeout": 30, "proxy_enabled": false}}
{"ts": "2025-11-14T16:08:58.417221Z", "level": "INFO", "event": "API.EVENT.NEW", "event_code": "API.EVENT.NEW", "trace_id": "TRC-20251114160858-757c6b607513", "service": "polymarket_api", "msg": "获取新增事件"}
{"ts": "2025-11-14T16:08:58.418217Z", "level": "INFO", "event": "EVT-PM-006", "event_code": "EVT-PM-006", "trace_id": "TRC-20251114160858-757c6b607513", "service": "polymarket_api", "msg": "获取事件列表", "extra": {"params": {"order": "createdAt", "ascending": "false", "limit": 10}}}
{"ts": "2025-11-14T16:08:58.418217Z", "level": "INFO", "event": "API.REQUEST.START", "event_code": "EVT-PM-002", "trace_id": "TRC-20251114160858-757c6b607513", "service": "polymarket_api", "msg": "开始 API 请求", "extra": {"url": "https://gamma-api.polymarket.com/events", "params": {"order": "createdAt", "ascending": "false", "limit": 10}}}
{"ts": "2025-11-14T16:08:59.703983Z", "level": "INFO", "event": "API.REQUEST.SUCCESS", "event_code": "EVT-PM-003", "trace_id": "TRC-20251114160858-757c6b607513", "service": "polymarket_api", "msg": "API 请求成功", "extra": {"url": "https://gamma-api.polymarket.com/events", "status_code": 200, "response_size": 56051}}
{"ts": "2025-11-14T16:08:59.705983Z", "level": "INFO", "event": "EVT-PM-006", "event_code": "EVT-PM-006", "trace_id": "TRC-20251114160858-757c6b607513", "service": "polymarket_api", "msg": "事件列表获取完成", "extra": {"count": 10}}
{"ts": "2025-11-14T16:08:59.705983Z", "level": "INFO", "event": "FILTER.INIT", "event_code": "EVT-8001", "trace_id": "TRC-20251114160858-757c6b607513", "service": "polymarket_api", "msg": "事件过滤器初始化完成", "extra": {"db_path": "backend/filter/database/filter.db"}}
{"ts": "2025-11-14T16:08:59.705983Z", "level": "INFO", "event": "FILTER.START", "event_code": "EVT-8002", "trace_id": "TRC-20251114160858-757c6b607513", "service": "polymarket_api", "msg": "开始事件过滤流程", "extra": {"initial_count": 10}}
{"ts": "2025-11-14T16:08:59.706977Z", "level": "INFO", "event": "FILTER.DB.INIT", "event_code": "EVT-8081", "trace_id": "TRC-20251114160858-757c6b607513", "service": "polymarket_api", "msg": "数据库管理器初始化完成", "extra": {"db_path": "backend/filter/database/filter.db"}}
{"ts": "2025-11-14T16:08:59.708984Z", "level": "ERROR", "event": "FILTER.DB.QUERY_ERROR", "event_code": "FILTER.DB.QUERY_ERROR", "trace_id": "TRC-20251114160858-757c6b607513", "service": "polymarket_api", "msg": "查询执行失败", "error_code": "E-FILTER-001", "error_name": "FILTER_DB_QUERY_ERROR", "extra": {"query": "\n            SELECT value FROM blacklist_config\n            WHERE blacklist_type = ? AND is_active = 1\n        ", "error": "no such table: blacklist_config"}}
{"ts": "2025-11-14T16:09:03.599590Z", "level": "INFO", "event": "API.CLIENT.INIT", "event_code": "EVT-PM-001", "trace_id": "TRC-20251114160903-1823d1d75669", "service": "polymarket_api", "msg": "Polymarket Gamma API 客户端初始化完成", "extra": {"base_url": "https://gamma-api.polymarket.com", "timeout": 30, "proxy_enabled": false}}
{"ts": "2025-11-14T16:09:03.600589Z", "level": "INFO", "event": "API.EVENT.NEW", "event_code": "API.EVENT.NEW", "trace_id": "TRC-20251114160903-1823d1d75669", "service": "polymarket_api", "msg": "获取新增事件"}
{"ts": "2025-11-14T16:09:03.600589Z", "level": "INFO", "event": "EVT-PM-006", "event_code": "EVT-PM-006", "trace_id": "TRC-20251114160903-1823d1d75669", "service": "polymarket_api", "msg": "获取事件列表", "extra": {"params": {"order": "createdAt", "ascending": "false", "limit": 10}}}
{"ts": "2025-11-14T16:09:03.601592Z", "level": "INFO", "event": "API.REQUEST.START", "event_code": "EVT-PM-002", "trace_id": "TRC-20251114160903-1823d1d75669", "service": "polymarket_api", "msg": "开始 API 请求", "extra": {"url": "https://gamma-api.polymarket.com/events", "params": {"order": "createdAt", "ascending": "false", "limit": 10}}}
{"ts": "2025-11-14T16:09:04.452694Z", "level": "INFO", "event": "API.REQUEST.SUCCESS", "event_code": "EVT-PM-003", "trace_id": "TRC-20251114160903-1823d1d75669", "service": "polymarket_api", "msg": "API 请求成功", "extra": {"url": "https://gamma-api.polymarket.com/events", "status_code": 200, "response_size": 56051}}
{"ts": "2025-11-14T16:09:04.454223Z", "level": "INFO", "event": "EVT-PM-006", "event_code": "EVT-PM-006", "trace_id": "TRC-20251114160903-1823d1d75669", "service": "polymarket_api", "msg": "事件列表获取完成", "extra": {"count": 10}}
{"ts": "2025-11-14T16:09:04.454223Z", "level": "INFO", "event": "FILTER.INIT", "event_code": "EVT-8001", "trace_id": "TRC-20251114160903-1823d1d75669", "service": "polymarket_api", "msg": "事件过滤器初始化完成", "extra": {"db_path": "backend/filter/database/filter.db"}}
{"ts": "2025-11-14T16:09:04.455223Z", "level": "INFO", "event": "FILTER.START", "event_code": "EVT-8002", "trace_id": "TRC-20251114160903-1823d1d75669", "service": "polymarket_api", "msg": "开始事件过滤流程", "extra": {"initial_count": 10}}
{"ts": "2025-11-14T16:09:04.455223Z", "level": "INFO", "event": "FILTER.DB.INIT", "event_code": "EVT-8081", "trace_id": "TRC-20251114160903-1823d1d75669", "service": "polymarket_api", "msg": "数据库管理器初始化完成", "extra": {"db_path": "backend/filter/database/filter.db"}}
{"ts": "2025-11-14T16:09:04.456232Z", "level": "ERROR", "event": "FILTER.DB.QUERY_ERROR", "event_code": "FILTER.DB.QUERY_ERROR", "trace_id": "TRC-20251114160903-1823d1d75669", "service": "polymarket_api", "msg": "查询执行失败", "error_code": "E-FILTER-001", "error_name": "FILTER_DB_QUERY_ERROR", "extra": {"query": "\n            SELECT value FROM blacklist_config\n            WHERE blacklist_type = ? AND is_active = 1\n        ", "error": "no such table: blacklist_config"}}
{"ts": "2025-11-14T16:10:02.681112Z", "level": "INFO", "event": "FILTER.DB.INIT", "event_code": "EVT-8081", "trace_id": "TRC-20251114161002-9b1ab94c8e1c", "service": "filter_database", "msg": "数据库管理器初始化完成", "extra": {"db_path": "backend/filter/database/filter.db"}}
{"ts": "2025-11-14T16:10:02.751233Z", "level": "INFO", "event": "FILTER.DB.TABLES_CREATED", "event_code": "EVT-8082", "trace_id": "TRC-20251114161002-9b1ab94c8e1c", "service": "filter_database", "msg": "数据库表创建完成"}
{"ts": "2025-11-14T16:10:02.755233Z", "level": "INFO", "event": "FILTER.DB.DEFAULT_BLACKLIST", "event_code": "EVT-8083", "trace_id": "TRC-20251114161002-9b1ab94c8e1c", "service": "filter_database", "msg": "默认黑名单配置插入完成", "extra": {"count": 3}}
{"ts": "2025-11-14T16:10:02.764110Z", "level": "INFO", "event": "FILTER.BLACKLIST.ADD", "event_code": "EVT-8061", "trace_id": "TRC-20251114161002-9b1ab94c8e1c", "service": "filter_database", "msg": "添加黑名单配置项", "extra": {"blacklist_type": "tag", "value": "test_tag"}}
{"ts": "2025-11-14T16:10:02.770110Z", "level": "INFO", "event": "FILTER.BLACKLIST.REMOVE", "event_code": "EVT-8062", "trace_id": "TRC-20251114161002-9b1ab94c8e1c", "service": "filter_database", "msg": "删除黑名单配置项", "extra": {"blacklist_type": "tag", "value": "test_tag"}}
{"ts": "2025-11-14T16:10:02.772113Z", "level": "INFO", "event": "FILTER.INIT", "event_code": "EVT-8001", "trace_id": "TRC-20251114161002-9b1ab94c8e1c", "service": "filter_database", "msg": "事件过滤器初始化完成", "extra": {"db_path": "backend/filter/database/filter.db"}}
{"ts": "2025-11-14T16:10:02.773116Z", "level": "INFO", "event": "FILTER.START", "event_code": "EVT-8002", "trace_id": "TRC-20251114161002-9b1ab94c8e1c", "service": "filter_database", "msg": "开始事件过滤流程", "extra": {"initial_count": 5}}
{"ts": "2025-11-14T16:10:02.773116Z", "level": "INFO", "event": "FILTER.TAG.COMPLETE", "event_code": "EVT-8021", "trace_id": "TRC-20251114161002-9b1ab94c8e1c", "service": "filter_database", "msg": "Tag 过滤完成", "extra": {"input_count": 5, "output_count": 3, "filtered_count": 2, "blacklist": ["china", "sports", "elections"]}}
{"ts": "2025-11-14T16:10:02.787973Z", "level": "INFO", "event": "FILTER.DATABASE.COMPLETE", "event_code": "EVT-8041", "trace_id": "TRC-20251114161002-9b1ab94c8e1c", "service": "filter_database", "msg": "数据库去重检查完成", "extra": {"input_count": 3, "output_count": 3, "filtered_count": 0}}
{"ts": "2025-11-14T16:10:02.787973Z", "level": "INFO", "event": "FILTER.AI.SKIP", "event_code": "EVT-8051", "trace_id": "TRC-20251114161002-9b1ab94c8e1c", "service": "filter_database", "msg": "AI 过滤未实现，跳过", "extra": {"input_count": 3}}
{"ts": "2025-11-14T16:10:02.788972Z", "level": "INFO", "event": "FILTER.COMPLETE", "event_code": "EVT-8003", "trace_id": "TRC-20251114161002-9b1ab94c8e1c", "service": "filter_database", "msg": "事件过滤流程完成", "extra": {"initial_count": 5, "final_count": 3, "filtered_count": 2, "pass_rate": "60.00%"}}
{"ts": "2025-11-14T16:10:02.795018Z", "level": "INFO", "event": "FILTER.PROCESSED.CLEAR", "event_code": "EVT-8072", "trace_id": "TRC-20251114161002-9b1ab94c8e1c", "service": "filter_database", "msg": "清理已处理市场记录", "extra": {"before_date": "all", "count": 3}}
{"ts": "2025-11-14T16:36:26.592107Z", "level": "INFO", "event": "API.REQUEST.START", "event_code": "EVT-PM-002", "trace_id": "TRC-20251114150925-7a4a4b447c86", "service": "polymarket_api", "msg": "开始 API 请求", "extra": {"url": "https://gamma-api.polymarket.com/events/slug/what-will-trump-say-during-saudi-pm-events-on-november-18", "params": {}}}
{"ts": "2025-11-14T16:36:27.597029Z", "level": "INFO", "event": "API.REQUEST.SUCCESS", "event_code": "EVT-PM-003", "trace_id": "TRC-20251114150925-7a4a4b447c86", "service": "polymarket_api", "msg": "API 请求成功", "extra": {"url": "https://gamma-api.polymarket.com/events/slug/what-will-trump-say-during-saudi-pm-events-on-november-18", "status_code": 200, "response_size": 87795}}
{"ts": "2025-11-14T16:40:08.837412Z", "level": "INFO", "event": "API.CLIENT.INIT", "event_code": "EVT-PM-001", "trace_id": "TRC-20251114164008-fd36cb037fcd", "service": "polymarket_api", "msg": "Polymarket Gamma API 客户端初始化完成", "extra": {"base_url": "https://gamma-api.polymarket.com", "timeout": 30, "proxy_enabled": false}}
{"ts": "2025-11-14T16:40:16.066836Z", "level": "INFO", "event": "API.REQUEST.START", "event_code": "EVT-PM-002", "trace_id": "TRC-20251114164008-fd36cb037fcd", "service": "polymarket_api", "msg": "开始 API 请求", "extra": {"url": "https://gamma-api.polymarket.com/events/slug/what-will-trump-say-during-saudi-pm-events-on-november-18", "params": {}}}
{"ts": "2025-11-14T16:40:16.831270Z", "level": "INFO", "event": "API.REQUEST.SUCCESS", "event_code": "EVT-PM-003", "trace_id": "TRC-20251114164008-fd36cb037fcd", "service": "polymarket_api", "msg": "API 请求成功", "extra": {"url": "https://gamma-api.polymarket.com/events/slug/what-will-trump-say-during-saudi-pm-events-on-november-18", "status_code": 200, "response_size": 87793}}
{"ts": "2025-11-14T16:41:25.395119Z", "level": "INFO", "event": "API.CLIENT.INIT", "event_code": "EVT-PM-001", "trace_id": "TRC-20251114164125-5e35d00cdbc7", "service": "polymarket_api", "msg": "Polymarket Gamma API 客户端初始化完成", "extra": {"base_url": "https://gamma-api.polymarket.com", "timeout": 30, "proxy_enabled": false}}
{"ts": "2025-11-14T16:41:40.464351Z", "level": "INFO", "event": "API.REQUEST.START", "event_code": "EVT-PM-002", "trace_id": "TRC-20251114164125-5e35d00cdbc7", "service": "polymarket_api", "msg": "开始 API 请求", "extra": {"url": "https://gamma-api.polymarket.com/events/slug/what-will-trump-say-during-saudi-pm-events-on-november-18", "params": {}}}
{"ts": "2025-11-14T16:41:41.441851Z", "level": "INFO", "event": "API.REQUEST.SUCCESS", "event_code": "EVT-PM-003", "trace_id": "TRC-20251114164125-5e35d00cdbc7", "service": "polymarket_api", "msg": "API 请求成功", "extra": {"url": "https://gamma-api.polymarket.com/events/slug/what-will-trump-say-during-saudi-pm-events-on-november-18", "status_code": 200, "response_size": 87794}}
{"ts": "2025-11-14T16:43:04.511561Z", "level": "INFO", "event": "API.REQUEST.START", "event_code": "EVT-PM-002", "trace_id": "TRC-20251114164125-5e35d00cdbc7", "service": "polymarket_api", "msg": "开始 API 请求", "extra": {"url": "https://gamma-api.polymarket.com/events/slug/what-will-trump-say-during-saudi-pm-events-on-november-18", "params": {}}}
{"ts": "2025-11-14T16:43:05.043476Z", "level": "INFO", "event": "API.REQUEST.SUCCESS", "event_code": "EVT-PM-003", "trace_id": "TRC-20251114164125-5e35d00cdbc7", "service": "polymarket_api", "msg": "API 请求成功", "extra": {"url": "https://gamma-api.polymarket.com/events/slug/what-will-trump-say-during-saudi-pm-events-on-november-18", "status_code": 200, "response_size": 87795}}
{"ts": "2025-11-15T14:57:27.800431Z", "level": "INFO", "event": "API.CLIENT.INIT", "event_code": "EVT-PM-001", "trace_id": "TRC-20251115145727-946637ed23a8", "service": "polymarket_api", "msg": "Polymarket Gamma API 客户端初始化完成", "extra": {"base_url": "https://gamma-api.polymarket.com", "timeout": 30, "proxy_enabled": false}}
{"ts": "2025-11-15T14:57:34.283970Z", "level": "INFO", "event": "API.REQUEST.START", "event_code": "EVT-PM-002", "trace_id": "TRC-20251115145727-946637ed23a8", "service": "polymarket_api", "msg": "开始 API 请求", "extra": {"url": "https://gamma-api.polymarket.com/events/slug/what-will-trump-say-during-saudi-pm-events-on-november-18", "params": {}}}
{"ts": "2025-11-15T14:57:35.398867Z", "level": "INFO", "event": "API.REQUEST.SUCCESS", "event_code": "EVT-PM-003", "trace_id": "TRC-20251115145727-946637ed23a8", "service": "polymarket_api", "msg": "API 请求成功", "extra": {"url": "https://gamma-api.polymarket.com/events/slug/what-will-trump-say-during-saudi-pm-events-on-november-18", "status_code": 200, "response_size": 87985}}
{"ts": "2025-11-15T15:34:58.640586Z", "level": "INFO", "event": "API.REQUEST.START", "event_code": "EVT-PM-002", "trace_id": "TRC-20251115145727-946637ed23a8", "service": "polymarket_api", "msg": "开始 API 请求", "extra": {"url": "https://gamma-api.polymarket.com/events/slug/what-will-trump-say-during-saudi-pm-events-on-november-18", "params": {}}}
{"ts": "2025-11-15T15:34:59.373341Z", "level": "INFO", "event": "API.REQUEST.SUCCESS", "event_code": "EVT-PM-003", "trace_id": "TRC-20251115145727-946637ed23a8", "service": "polymarket_api", "msg": "API 请求成功", "extra": {"url": "https://gamma-api.polymarket.com/events/slug/what-will-trump-say-during-saudi-pm-events-on-november-18", "status_code": 200, "response_size": 87987}}
{"ts": "2025-11-15T16:04:02.144813Z", "level": "INFO", "event": "FILTER.INIT", "event_code": "EVT-8001", "trace_id": "TRC-20251115160402-6523d0c61de5", "service": "test_service", "msg": "事件过滤器初始化完成", "extra": {"db_path": "backend/sys_configs/system_config.db"}}
{"ts": "2025-11-15T16:04:02.145801Z", "level": "INFO", "event": "FILTER.INIT", "event_code": "EVT-8001", "trace_id": "TRC-20251115160402-6523d0c61de5", "service": "test_service", "msg": "市场过滤器初始化完成", "extra": {"db_path": "backend/sys_configs/system_config.db"}}
{"ts": "2025-11-15T16:11:38.122003Z", "level": "INFO", "event": "API.CLIENT.INIT", "event_code": "EVT-PM-001", "trace_id": "TRC-20251115161138-5c0a69ecd8ed", "service": "polymarket_api", "msg": "Polymarket Gamma API 客户端初始化完成", "extra": {"base_url": "https://gamma-api.polymarket.com", "timeout": 30, "proxy_enabled": false}}
{"ts": "2025-11-15T16:11:38.122003Z", "level": "INFO", "event": "API.EVENT.NEW", "event_code": "API.EVENT.NEW", "trace_id": "TRC-20251115161138-5c0a69ecd8ed", "service": "polymarket_api", "msg": "获取新增事件"}
{"ts": "2025-11-15T16:11:38.122996Z", "level": "INFO", "event": "EVT-PM-006", "event_code": "EVT-PM-006", "trace_id": "TRC-20251115161138-5c0a69ecd8ed", "service": "polymarket_api", "msg": "获取事件列表", "extra": {"params": {"order": "createdAt", "ascending": "false", "limit": 10}}}
{"ts": "2025-11-15T16:11:38.124004Z", "level": "INFO", "event": "API.REQUEST.START", "event_code": "EVT-PM-002", "trace_id": "TRC-20251115161138-5c0a69ecd8ed", "service": "polymarket_api", "msg": "开始 API 请求", "extra": {"url": "https://gamma-api.polymarket.com/events", "params": {"order": "createdAt", "ascending": "false", "limit": 10}}}
{"ts": "2025-11-15T16:11:40.179599Z", "level": "INFO", "event": "API.REQUEST.SUCCESS", "event_code": "EVT-PM-003", "trace_id": "TRC-20251115161138-5c0a69ecd8ed", "service": "polymarket_api", "msg": "API 请求成功", "extra": {"url": "https://gamma-api.polymarket.com/events", "status_code": 200, "response_size": 58879}}
{"ts": "2025-11-15T16:11:40.181134Z", "level": "INFO", "event": "EVT-PM-006", "event_code": "EVT-PM-006", "trace_id": "TRC-20251115161138-5c0a69ecd8ed", "service": "polymarket_api", "msg": "事件列表获取完成", "extra": {"count": 10}}
{"ts": "2025-11-15T16:11:40.181971Z", "level": "INFO", "event": "FILTER.INIT", "event_code": "EVT-8001", "trace_id": "TRC-20251115161138-5c0a69ecd8ed", "service": "polymarket_api", "msg": "事件过滤器初始化完成", "extra": {"db_path": "backend/sys_configs/system_config.db"}}
{"ts": "2025-11-15T16:11:40.181971Z", "level": "INFO", "event": "FILTER.START", "event_code": "EVT-8002", "trace_id": "TRC-20251115161138-5c0a69ecd8ed", "service": "polymarket_api", "msg": "开始事件过滤流程", "extra": {"initial_count": 10}}
{"ts": "2025-11-15T16:11:40.182995Z", "level": "INFO", "event": "FILTER.TAG.COMPLETE", "event_code": "EVT-8021", "trace_id": "TRC-20251115161138-5c0a69ecd8ed", "service": "polymarket_api", "msg": "Tag 过滤完成", "extra": {"input_count": 10, "output_count": 10, "filtered_count": 0, "blacklist": ["china", "sports", "elections"]}}
{"ts": "2025-11-15T16:11:40.184005Z", "level": "DEBUG", "event": "FILTER.TITLE.SKIP", "event_code": "FILTER.TITLE.SKIP", "trace_id": "TRC-20251115161138-5c0a69ecd8ed", "service": "polymarket_api", "msg": "标题关键词黑名单为空，跳过过滤"}
{"ts": "2025-11-15T16:11:40.184005Z", "level": "DEBUG", "event": "FILTER.DESCRIPTION.SKIP", "event_code": "EVT-8033", "trace_id": "TRC-20251115161138-5c0a69ecd8ed", "service": "polymarket_api", "msg": "描述关键词黑名单为空，跳过过滤"}
{"ts": "2025-11-15T16:11:40.283802Z", "level": "INFO", "event": "FILTER.DATABASE.COMPLETE", "event_code": "EVT-8041", "trace_id": "TRC-20251115161138-5c0a69ecd8ed", "service": "polymarket_api", "msg": "数据库去重检查完成", "extra": {"input_count": 10, "output_count": 10, "filtered_count": 0}}
{"ts": "2025-11-15T16:12:03.634153Z", "level": "INFO", "event": "FILTER.COMPLETE", "event_code": "EVT-8003", "trace_id": "TRC-20251115161138-5c0a69ecd8ed", "service": "polymarket_api", "msg": "事件过滤流程完成", "extra": {"initial_count": 10, "final_count": 10, "filtered_count": 0, "pass_rate": "100.00%"}}
{"ts": "2025-11-15T16:32:56.415436Z", "level": "INFO", "event": "API.CLIENT.INIT", "event_code": "EVT-PM-001", "trace_id": "TRC-20251115163256-93320e2b24c3", "service": "polymarket_api", "msg": "Polymarket Gamma API 客户端初始化完成", "extra": {"base_url": "https://gamma-api.polymarket.com", "timeout": 30, "proxy_enabled": false}}
{"ts": "2025-11-15T16:32:56.416436Z", "level": "INFO", "event": "API.EVENT.NEW", "event_code": "API.EVENT.NEW", "trace_id": "TRC-20251115163256-93320e2b24c3", "service": "polymarket_api", "msg": "获取新增事件"}
{"ts": "2025-11-15T16:32:56.416436Z", "level": "INFO", "event": "EVT-PM-006", "event_code": "EVT-PM-006", "trace_id": "TRC-20251115163256-93320e2b24c3", "service": "polymarket_api", "msg": "获取事件列表", "extra": {"params": {"order": "createdAt", "ascending": "false", "limit": 10}}}
{"ts": "2025-11-15T16:32:56.416436Z", "level": "INFO", "event": "API.REQUEST.START", "event_code": "EVT-PM-002", "trace_id": "TRC-20251115163256-93320e2b24c3", "service": "polymarket_api", "msg": "开始 API 请求", "extra": {"url": "https://gamma-api.polymarket.com/events", "params": {"order": "createdAt", "ascending": "false", "limit": 10}}}
{"ts": "2025-11-15T16:32:56.646061Z", "level": "ERROR", "event": "API.REQUEST.ERROR", "event_code": "EVT-PM-004", "trace_id": "TRC-20251115163256-93320e2b24c3", "service": "polymarket_api", "msg": "网络请求异常: ('Connection aborted.', ConnectionResetError(10054, '远程主机强迫关闭了一个现有的连接。', None, 10054, None))", "error_code": "E-PM-001", "error_name": "HTTP_ERROR", "extra": {"url": "https://gamma-api.polymarket.com/events", "exception": "('Connection aborted.', ConnectionResetError(10054, '远程主机强迫关闭了一个现有的连接。', None, 10054, None))"}}
{"ts": "2025-11-15T16:33:10.726153Z", "level": "INFO", "event": "API.CLIENT.INIT", "event_code": "EVT-PM-001", "trace_id": "TRC-20251115163310-6bc01cc256ad", "service": "polymarket_api", "msg": "Polymarket Gamma API 客户端初始化完成", "extra": {"base_url": "https://gamma-api.polymarket.com", "timeout": 30, "proxy_enabled": false}}
{"ts": "2025-11-15T16:33:10.726153Z", "level": "INFO", "event": "API.EVENT.NEW", "event_code": "API.EVENT.NEW", "trace_id": "TRC-20251115163310-6bc01cc256ad", "service": "polymarket_api", "msg": "获取新增事件"}
{"ts": "2025-11-15T16:33:10.726153Z", "level": "INFO", "event": "EVT-PM-006", "event_code": "EVT-PM-006", "trace_id": "TRC-20251115163310-6bc01cc256ad", "service": "polymarket_api", "msg": "获取事件列表", "extra": {"params": {"order": "createdAt", "ascending": "false", "limit": 10}}}
{"ts": "2025-11-15T16:33:10.727154Z", "level": "INFO", "event": "API.REQUEST.START", "event_code": "EVT-PM-002", "trace_id": "TRC-20251115163310-6bc01cc256ad", "service": "polymarket_api", "msg": "开始 API 请求", "extra": {"url": "https://gamma-api.polymarket.com/events", "params": {"order": "createdAt", "ascending": "false", "limit": 10}}}
{"ts": "2025-11-15T16:33:32.015916Z", "level": "ERROR", "event": "API.REQUEST.ERROR", "event_code": "EVT-PM-004", "trace_id": "TRC-20251115163310-6bc01cc256ad", "service": "polymarket_api", "msg": "网络请求异常: ('Connection aborted.', ConnectionResetError(10054, '远程主机强迫关闭了一个现有的连接。', None, 10054, None))", "error_code": "E-PM-001", "error_name": "HTTP_ERROR", "extra": {"url": "https://gamma-api.polymarket.com/events", "exception": "('Connection aborted.', ConnectionResetError(10054, '远程主机强迫关闭了一个现有的连接。', None, 10054, None))"}}
{"ts": "2025-11-15T16:33:35.418359Z", "level": "INFO", "event": "API.CLIENT.INIT", "event_code": "EVT-PM-001", "trace_id": "TRC-20251115163335-60c3ddd6ebad", "service": "polymarket_api", "msg": "Polymarket Gamma API 客户端初始化完成", "extra": {"base_url": "https://gamma-api.polymarket.com", "timeout": 30, "proxy_enabled": false}}
{"ts": "2025-11-15T16:33:35.419363Z", "level": "INFO", "event": "API.EVENT.NEW", "event_code": "API.EVENT.NEW", "trace_id": "TRC-20251115163335-60c3ddd6ebad", "service": "polymarket_api", "msg": "获取新增事件"}
{"ts": "2025-11-15T16:33:35.420358Z", "level": "INFO", "event": "EVT-PM-006", "event_code": "EVT-PM-006", "trace_id": "TRC-20251115163335-60c3ddd6ebad", "service": "polymarket_api", "msg": "获取事件列表", "extra": {"params": {"order": "createdAt", "ascending": "false", "limit": 10}}}
{"ts": "2025-11-15T16:33:35.421365Z", "level": "INFO", "event": "API.REQUEST.START", "event_code": "EVT-PM-002", "trace_id": "TRC-20251115163335-60c3ddd6ebad", "service": "polymarket_api", "msg": "开始 API 请求", "extra": {"url": "https://gamma-api.polymarket.com/events", "params": {"order": "createdAt", "ascending": "false", "limit": 10}}}
{"ts": "2025-11-15T16:33:36.425451Z", "level": "INFO", "event": "API.REQUEST.SUCCESS", "event_code": "EVT-PM-003", "trace_id": "TRC-20251115163335-60c3ddd6ebad", "service": "polymarket_api", "msg": "API 请求成功", "extra": {"url": "https://gamma-api.polymarket.com/events", "status_code": 200, "response_size": 57174}}
{"ts": "2025-11-15T16:33:36.426448Z", "level": "INFO", "event": "EVT-PM-006", "event_code": "EVT-PM-006", "trace_id": "TRC-20251115163335-60c3ddd6ebad", "service": "polymarket_api", "msg": "事件列表获取完成", "extra": {"count": 10}}
{"ts": "2025-11-15T16:33:36.427449Z", "level": "INFO", "event": "FILTER.INIT", "event_code": "EVT-8001", "trace_id": "TRC-20251115163335-60c3ddd6ebad", "service": "polymarket_api", "msg": "事件过滤器初始化完成", "extra": {"db_path": "backend/sys_configs/system_config.db"}}
{"ts": "2025-11-15T16:33:36.428443Z", "level": "INFO", "event": "FILTER.START", "event_code": "EVT-8002", "trace_id": "TRC-20251115163335-60c3ddd6ebad", "service": "polymarket_api", "msg": "开始事件过滤流程", "extra": {"initial_count": 10}}
{"ts": "2025-11-15T16:33:36.428443Z", "level": "DEBUG", "event": "FILTER.TAG.BLOCKED", "event_code": "EVT-8022", "trace_id": "TRC-20251115163335-60c3ddd6ebad", "service": "polymarket_api", "msg": "事件被 Tag 黑名单过滤", "extra": {"event_id": "82221", "tags": ["Sports", "sports", "NHL", "nhl", "Games"]}}
{"ts": "2025-11-15T16:33:36.429447Z", "level": "DEBUG", "event": "FILTER.TAG.BLOCKED", "event_code": "EVT-8022", "trace_id": "TRC-20251115163335-60c3ddd6ebad", "service": "polymarket_api", "msg": "事件被 Tag 黑名单过滤", "extra": {"event_id": "82220", "tags": ["Sports", "sports", "NHL", "nhl", "Games"]}}
{"ts": "2025-11-15T16:33:36.429447Z", "level": "INFO", "event": "FILTER.TAG.COMPLETE", "event_code": "EVT-8021", "trace_id": "TRC-20251115163335-60c3ddd6ebad", "service": "polymarket_api", "msg": "Tag 过滤完成", "extra": {"input_count": 10, "output_count": 8, "filtered_count": 2, "blacklist": ["china", "sports", "elections"]}}
{"ts": "2025-11-15T16:33:36.429447Z", "level": "DEBUG", "event": "FILTER.TITLE.SKIP", "event_code": "FILTER.TITLE.SKIP", "trace_id": "TRC-20251115163335-60c3ddd6ebad", "service": "polymarket_api", "msg": "标题关键词黑名单为空，跳过过滤"}
{"ts": "2025-11-15T16:33:36.430440Z", "level": "DEBUG", "event": "FILTER.DESCRIPTION.SKIP", "event_code": "EVT-8033", "trace_id": "TRC-20251115163335-60c3ddd6ebad", "service": "polymarket_api", "msg": "描述关键词黑名单为空，跳过过滤"}
{"ts": "2025-11-15T16:33:36.462474Z", "level": "INFO", "event": "FILTER.DATABASE.COMPLETE", "event_code": "EVT-8041", "trace_id": "TRC-20251115163335-60c3ddd6ebad", "service": "polymarket_api", "msg": "数据库去重检查完成", "extra": {"input_count": 8, "output_count": 8, "filtered_count": 0}}
{"ts": "2025-11-15T16:34:13.049646Z", "level": "INFO", "event": "API.CLIENT.INIT", "event_code": "EVT-PM-001", "trace_id": "TRC-20251115163413-f22fb3b46b77", "service": "polymarket_api", "msg": "Polymarket Gamma API 客户端初始化完成", "extra": {"base_url": "https://gamma-api.polymarket.com", "timeout": 30, "proxy_enabled": false}}
{"ts": "2025-11-15T16:34:13.050647Z", "level": "INFO", "event": "API.EVENT.NEW", "event_code": "API.EVENT.NEW", "trace_id": "TRC-20251115163413-f22fb3b46b77", "service": "polymarket_api", "msg": "获取新增事件"}
{"ts": "2025-11-15T16:34:13.050647Z", "level": "INFO", "event": "EVT-PM-006", "event_code": "EVT-PM-006", "trace_id": "TRC-20251115163413-f22fb3b46b77", "service": "polymarket_api", "msg": "获取事件列表", "extra": {"params": {"order": "createdAt", "ascending": "false", "limit": 10}}}
{"ts": "2025-11-15T16:34:13.050647Z", "level": "INFO", "event": "API.REQUEST.START", "event_code": "EVT-PM-002", "trace_id": "TRC-20251115163413-f22fb3b46b77", "service": "polymarket_api", "msg": "开始 API 请求", "extra": {"url": "https://gamma-api.polymarket.com/events", "params": {"order": "createdAt", "ascending": "false", "limit": 10}}}
{"ts": "2025-11-15T16:34:13.878332Z", "level": "INFO", "event": "API.REQUEST.SUCCESS", "event_code": "EVT-PM-003", "trace_id": "TRC-20251115163413-f22fb3b46b77", "service": "polymarket_api", "msg": "API 请求成功", "extra": {"url": "https://gamma-api.polymarket.com/events", "status_code": 200, "response_size": 57174}}
{"ts": "2025-11-15T16:34:13.879845Z", "level": "INFO", "event": "EVT-PM-006", "event_code": "EVT-PM-006", "trace_id": "TRC-20251115163413-f22fb3b46b77", "service": "polymarket_api", "msg": "事件列表获取完成", "extra": {"count": 10}}
{"ts": "2025-11-15T16:34:13.879845Z", "level": "INFO", "event": "FILTER.INIT", "event_code": "EVT-8001", "trace_id": "TRC-20251115163413-f22fb3b46b77", "service": "polymarket_api", "msg": "事件过滤器初始化完成", "extra": {"db_path": "backend/sys_configs/system_config.db"}}
{"ts": "2025-11-15T16:34:13.880848Z", "level": "INFO", "event": "FILTER.START", "event_code": "EVT-8002", "trace_id": "TRC-20251115163413-f22fb3b46b77", "service": "polymarket_api", "msg": "开始事件过滤流程", "extra": {"initial_count": 10}}
{"ts": "2025-11-15T16:34:13.880848Z", "level": "DEBUG", "event": "FILTER.TAG.BLOCKED", "event_code": "EVT-8022", "trace_id": "TRC-20251115163413-f22fb3b46b77", "service": "polymarket_api", "msg": "事件被 Tag 黑名单过滤", "extra": {"event_id": "82221", "tags": ["Sports", "sports", "NHL", "nhl", "Games"]}}
{"ts": "2025-11-15T16:34:13.881849Z", "level": "DEBUG", "event": "FILTER.TAG.BLOCKED", "event_code": "EVT-8022", "trace_id": "TRC-20251115163413-f22fb3b46b77", "service": "polymarket_api", "msg": "事件被 Tag 黑名单过滤", "extra": {"event_id": "82220", "tags": ["Sports", "sports", "NHL", "nhl", "Games"]}}
{"ts": "2025-11-15T16:34:13.881849Z", "level": "INFO", "event": "FILTER.TAG.COMPLETE", "event_code": "EVT-8021", "trace_id": "TRC-20251115163413-f22fb3b46b77", "service": "polymarket_api", "msg": "Tag 过滤完成", "extra": {"input_count": 10, "output_count": 8, "filtered_count": 2, "blacklist": ["china", "sports", "elections"]}}
{"ts": "2025-11-15T16:34:13.882848Z", "level": "DEBUG", "event": "FILTER.TITLE.SKIP", "event_code": "FILTER.TITLE.SKIP", "trace_id": "TRC-20251115163413-f22fb3b46b77", "service": "polymarket_api", "msg": "标题关键词黑名单为空，跳过过滤"}
{"ts": "2025-11-15T16:34:13.883849Z", "level": "DEBUG", "event": "FILTER.DESCRIPTION.SKIP", "event_code": "EVT-8033", "trace_id": "TRC-20251115163413-f22fb3b46b77", "service": "polymarket_api", "msg": "描述关键词黑名单为空，跳过过滤"}
{"ts": "2025-11-15T16:34:13.883849Z", "level": "DEBUG", "event": "FILTER.DATABASE.DUPLICATE", "event_code": "EVT-8042", "trace_id": "TRC-20251115163413-f22fb3b46b77", "service": "polymarket_api", "msg": "事件已处理，跳过", "extra": {"event_id": "82225"}}
{"ts": "2025-11-15T16:34:13.884847Z", "level": "DEBUG", "event": "FILTER.DATABASE.DUPLICATE", "event_code": "EVT-8042", "trace_id": "TRC-20251115163413-f22fb3b46b77", "service": "polymarket_api", "msg": "事件已处理，跳过", "extra": {"event_id": "82224"}}
{"ts": "2025-11-15T16:34:13.885854Z", "level": "DEBUG", "event": "FILTER.DATABASE.DUPLICATE", "event_code": "EVT-8042", "trace_id": "TRC-20251115163413-f22fb3b46b77", "service": "polymarket_api", "msg": "事件已处理，跳过", "extra": {"event_id": "82223"}}
{"ts": "2025-11-15T16:34:13.885854Z", "level": "DEBUG", "event": "FILTER.DATABASE.DUPLICATE", "event_code": "EVT-8042", "trace_id": "TRC-20251115163413-f22fb3b46b77", "service": "polymarket_api", "msg": "事件已处理，跳过", "extra": {"event_id": "82222"}}
{"ts": "2025-11-15T16:34:13.886848Z", "level": "DEBUG", "event": "FILTER.DATABASE.DUPLICATE", "event_code": "EVT-8042", "trace_id": "TRC-20251115163413-f22fb3b46b77", "service": "polymarket_api", "msg": "事件已处理，跳过", "extra": {"event_id": "82219"}}
{"ts": "2025-11-15T16:34:13.886848Z", "level": "DEBUG", "event": "FILTER.DATABASE.DUPLICATE", "event_code": "EVT-8042", "trace_id": "TRC-20251115163413-f22fb3b46b77", "service": "polymarket_api", "msg": "事件已处理，跳过", "extra": {"event_id": "82218"}}
{"ts": "2025-11-15T16:34:13.886848Z", "level": "DEBUG", "event": "FILTER.DATABASE.DUPLICATE", "event_code": "EVT-8042", "trace_id": "TRC-20251115163413-f22fb3b46b77", "service": "polymarket_api", "msg": "事件已处理，跳过", "extra": {"event_id": "82217"}}
{"ts": "2025-11-15T16:34:13.887847Z", "level": "DEBUG", "event": "FILTER.DATABASE.DUPLICATE", "event_code": "EVT-8042", "trace_id": "TRC-20251115163413-f22fb3b46b77", "service": "polymarket_api", "msg": "事件已处理，跳过", "extra": {"event_id": "82216"}}
{"ts": "2025-11-15T16:34:13.887847Z", "level": "INFO", "event": "FILTER.DATABASE.COMPLETE", "event_code": "EVT-8041", "trace_id": "TRC-20251115163413-f22fb3b46b77", "service": "polymarket_api", "msg": "数据库去重检查完成", "extra": {"input_count": 8, "output_count": 0, "filtered_count": 8}}
{"ts": "2025-11-15T16:34:13.887847Z", "level": "INFO", "event": "FILTER.COMPLETE", "event_code": "EVT-8003", "trace_id": "TRC-20251115163413-f22fb3b46b77", "service": "polymarket_api", "msg": "事件过滤流程完成", "extra": {"initial_count": 10, "final_count": 0, "filtered_count": 10, "pass_rate": "0.00%"}}
{"ts": "2025-11-15T16:37:15.919355Z", "level": "INFO", "event": "API.CLIENT.INIT", "event_code": "EVT-PM-001", "trace_id": "TRC-20251115163715-4de6718291ad", "service": "polymarket_api", "msg": "Polymarket Gamma API 客户端初始化完成", "extra": {"base_url": "https://gamma-api.polymarket.com", "timeout": 30, "proxy_enabled": false}}
{"ts": "2025-11-15T16:37:15.919355Z", "level": "INFO", "event": "API.EVENT.NEW", "event_code": "API.EVENT.NEW", "trace_id": "TRC-20251115163715-4de6718291ad", "service": "polymarket_api", "msg": "获取新增事件"}
{"ts": "2025-11-15T16:37:15.920359Z", "level": "INFO", "event": "EVT-PM-006", "event_code": "EVT-PM-006", "trace_id": "TRC-20251115163715-4de6718291ad", "service": "polymarket_api", "msg": "获取事件列表", "extra": {"params": {"order": "createdAt", "ascending": "false", "limit": 10}}}
{"ts": "2025-11-15T16:37:15.921345Z", "level": "INFO", "event": "API.REQUEST.START", "event_code": "EVT-PM-002", "trace_id": "TRC-20251115163715-4de6718291ad", "service": "polymarket_api", "msg": "开始 API 请求", "extra": {"url": "https://gamma-api.polymarket.com/events", "params": {"order": "createdAt", "ascending": "false", "limit": 10}}}
{"ts": "2025-11-15T16:37:16.768732Z", "level": "INFO", "event": "API.REQUEST.SUCCESS", "event_code": "EVT-PM-003", "trace_id": "TRC-20251115163715-4de6718291ad", "service": "polymarket_api", "msg": "API 请求成功", "extra": {"url": "https://gamma-api.polymarket.com/events", "status_code": 200, "response_size": 57174}}
{"ts": "2025-11-15T16:37:16.770267Z", "level": "INFO", "event": "EVT-PM-006", "event_code": "EVT-PM-006", "trace_id": "TRC-20251115163715-4de6718291ad", "service": "polymarket_api", "msg": "事件列表获取完成", "extra": {"count": 10}}
{"ts": "2025-11-15T16:37:16.771267Z", "level": "INFO", "event": "FILTER.INIT", "event_code": "EVT-8001", "trace_id": "TRC-20251115163715-4de6718291ad", "service": "polymarket_api", "msg": "事件过滤器初始化完成", "extra": {"db_path": "backend/sys_configs/system_config.db"}}
{"ts": "2025-11-15T16:37:16.771267Z", "level": "INFO", "event": "FILTER.START", "event_code": "EVT-8002", "trace_id": "TRC-20251115163715-4de6718291ad", "service": "polymarket_api", "msg": "开始事件过滤流程", "extra": {"initial_count": 10}}
{"ts": "2025-11-15T16:37:16.772267Z", "level": "DEBUG", "event": "FILTER.TAG.BLOCKED", "event_code": "EVT-8022", "trace_id": "TRC-20251115163715-4de6718291ad", "service": "polymarket_api", "msg": "事件被 Tag 黑名单过滤", "extra": {"event_id": "82221", "tags": ["Sports", "sports", "NHL", "nhl", "Games"]}}
{"ts": "2025-11-15T16:37:16.773262Z", "level": "DEBUG", "event": "FILTER.TAG.BLOCKED", "event_code": "EVT-8022", "trace_id": "TRC-20251115163715-4de6718291ad", "service": "polymarket_api", "msg": "事件被 Tag 黑名单过滤", "extra": {"event_id": "82220", "tags": ["Sports", "sports", "NHL", "nhl", "Games"]}}
{"ts": "2025-11-15T16:37:16.773262Z", "level": "INFO", "event": "FILTER.TAG.COMPLETE", "event_code": "EVT-8021", "trace_id": "TRC-20251115163715-4de6718291ad", "service": "polymarket_api", "msg": "Tag 过滤完成", "extra": {"input_count": 10, "output_count": 8, "filtered_count": 2, "blacklist": ["china", "sports", "elections"]}}
{"ts": "2025-11-15T16:37:16.773262Z", "level": "DEBUG", "event": "FILTER.TITLE.SKIP", "event_code": "FILTER.TITLE.SKIP", "trace_id": "TRC-20251115163715-4de6718291ad", "service": "polymarket_api", "msg": "标题关键词黑名单为空，跳过过滤"}
{"ts": "2025-11-15T16:37:16.774264Z", "level": "DEBUG", "event": "FILTER.DESCRIPTION.SKIP", "event_code": "EVT-8033", "trace_id": "TRC-20251115163715-4de6718291ad", "service": "polymarket_api", "msg": "描述关键词黑名单为空，跳过过滤"}
{"ts": "2025-11-15T16:37:16.810351Z", "level": "INFO", "event": "FILTER.DATABASE.COMPLETE", "event_code": "EVT-8041", "trace_id": "TRC-20251115163715-4de6718291ad", "service": "polymarket_api", "msg": "数据库去重检查完成", "extra": {"input_count": 8, "output_count": 8, "filtered_count": 0}}
{"ts": "2025-11-15T16:37:47.565203Z", "level": "INFO", "event": "API.CLIENT.INIT", "event_code": "EVT-PM-001", "trace_id": "TRC-20251115163747-fe5f25fc0e70", "service": "polymarket_api", "msg": "Polymarket Gamma API 客户端初始化完成", "extra": {"base_url": "https://gamma-api.polymarket.com", "timeout": 30, "proxy_enabled": false}}
{"ts": "2025-11-15T16:37:47.565203Z", "level": "INFO", "event": "API.EVENT.NEW", "event_code": "API.EVENT.NEW", "trace_id": "TRC-20251115163747-fe5f25fc0e70", "service": "polymarket_api", "msg": "获取新增事件"}
{"ts": "2025-11-15T16:37:47.566252Z", "level": "INFO", "event": "EVT-PM-006", "event_code": "EVT-PM-006", "trace_id": "TRC-20251115163747-fe5f25fc0e70", "service": "polymarket_api", "msg": "获取事件列表", "extra": {"params": {"order": "createdAt", "ascending": "false", "limit": 10}}}
{"ts": "2025-11-15T16:37:47.566252Z", "level": "INFO", "event": "API.REQUEST.START", "event_code": "EVT-PM-002", "trace_id": "TRC-20251115163747-fe5f25fc0e70", "service": "polymarket_api", "msg": "开始 API 请求", "extra": {"url": "https://gamma-api.polymarket.com/events", "params": {"order": "createdAt", "ascending": "false", "limit": 10}}}
{"ts": "2025-11-15T16:37:48.382800Z", "level": "INFO", "event": "API.REQUEST.SUCCESS", "event_code": "EVT-PM-003", "trace_id": "TRC-20251115163747-fe5f25fc0e70", "service": "polymarket_api", "msg": "API 请求成功", "extra": {"url": "https://gamma-api.polymarket.com/events", "status_code": 200, "response_size": 57174}}
{"ts": "2025-11-15T16:37:48.384343Z", "level": "INFO", "event": "EVT-PM-006", "event_code": "EVT-PM-006", "trace_id": "TRC-20251115163747-fe5f25fc0e70", "service": "polymarket_api", "msg": "事件列表获取完成", "extra": {"count": 10}}
{"ts": "2025-11-15T16:37:48.385331Z", "level": "INFO", "event": "FILTER.INIT", "event_code": "EVT-8001", "trace_id": "TRC-20251115163747-fe5f25fc0e70", "service": "polymarket_api", "msg": "事件过滤器初始化完成", "extra": {"db_path": "backend/sys_configs/system_config.db"}}
{"ts": "2025-11-15T16:37:48.385331Z", "level": "INFO", "event": "FILTER.START", "event_code": "EVT-8002", "trace_id": "TRC-20251115163747-fe5f25fc0e70", "service": "polymarket_api", "msg": "开始事件过滤流程", "extra": {"initial_count": 10}}
{"ts": "2025-11-15T16:37:48.386331Z", "level": "DEBUG", "event": "FILTER.TAG.BLOCKED", "event_code": "EVT-8022", "trace_id": "TRC-20251115163747-fe5f25fc0e70", "service": "polymarket_api", "msg": "事件被 Tag 黑名单过滤", "extra": {"event_id": "82221", "tags": ["Sports", "sports", "NHL", "nhl", "Games"]}}
{"ts": "2025-11-15T16:37:48.386331Z", "level": "DEBUG", "event": "FILTER.TAG.BLOCKED", "event_code": "EVT-8022", "trace_id": "TRC-20251115163747-fe5f25fc0e70", "service": "polymarket_api", "msg": "事件被 Tag 黑名单过滤", "extra": {"event_id": "82220", "tags": ["Sports", "sports", "NHL", "nhl", "Games"]}}
{"ts": "2025-11-15T16:37:48.387331Z", "level": "INFO", "event": "FILTER.TAG.COMPLETE", "event_code": "EVT-8021", "trace_id": "TRC-20251115163747-fe5f25fc0e70", "service": "polymarket_api", "msg": "Tag 过滤完成", "extra": {"input_count": 10, "output_count": 8, "filtered_count": 2, "blacklist": ["china", "sports", "elections"]}}
{"ts": "2025-11-15T16:37:48.387331Z", "level": "DEBUG", "event": "FILTER.TITLE.SKIP", "event_code": "FILTER.TITLE.SKIP", "trace_id": "TRC-20251115163747-fe5f25fc0e70", "service": "polymarket_api", "msg": "标题关键词黑名单为空，跳过过滤"}
{"ts": "2025-11-15T16:37:48.387973Z", "level": "DEBUG", "event": "FILTER.DESCRIPTION.SKIP", "event_code": "EVT-8033", "trace_id": "TRC-20251115163747-fe5f25fc0e70", "service": "polymarket_api", "msg": "描述关键词黑名单为空，跳过过滤"}
{"ts": "2025-11-15T16:37:48.388950Z", "level": "DEBUG", "event": "FILTER.DATABASE.DUPLICATE", "event_code": "EVT-8042", "trace_id": "TRC-20251115163747-fe5f25fc0e70", "service": "polymarket_api", "msg": "事件已处理，跳过", "extra": {"event_id": "82225"}}
{"ts": "2025-11-15T16:37:48.388950Z", "level": "DEBUG", "event": "FILTER.DATABASE.DUPLICATE", "event_code": "EVT-8042", "trace_id": "TRC-20251115163747-fe5f25fc0e70", "service": "polymarket_api", "msg": "事件已处理，跳过", "extra": {"event_id": "82224"}}
{"ts": "2025-11-15T16:37:48.389948Z", "level": "DEBUG", "event": "FILTER.DATABASE.DUPLICATE", "event_code": "EVT-8042", "trace_id": "TRC-20251115163747-fe5f25fc0e70", "service": "polymarket_api", "msg": "事件已处理，跳过", "extra": {"event_id": "82223"}}
{"ts": "2025-11-15T16:37:48.389948Z", "level": "DEBUG", "event": "FILTER.DATABASE.DUPLICATE", "event_code": "EVT-8042", "trace_id": "TRC-20251115163747-fe5f25fc0e70", "service": "polymarket_api", "msg": "事件已处理，跳过", "extra": {"event_id": "82222"}}
{"ts": "2025-11-15T16:37:48.390951Z", "level": "DEBUG", "event": "FILTER.DATABASE.DUPLICATE", "event_code": "EVT-8042", "trace_id": "TRC-20251115163747-fe5f25fc0e70", "service": "polymarket_api", "msg": "事件已处理，跳过", "extra": {"event_id": "82219"}}
{"ts": "2025-11-15T16:37:48.390951Z", "level": "DEBUG", "event": "FILTER.DATABASE.DUPLICATE", "event_code": "EVT-8042", "trace_id": "TRC-20251115163747-fe5f25fc0e70", "service": "polymarket_api", "msg": "事件已处理，跳过", "extra": {"event_id": "82218"}}
{"ts": "2025-11-15T16:37:48.390951Z", "level": "DEBUG", "event": "FILTER.DATABASE.DUPLICATE", "event_code": "EVT-8042", "trace_id": "TRC-20251115163747-fe5f25fc0e70", "service": "polymarket_api", "msg": "事件已处理，跳过", "extra": {"event_id": "82217"}}
{"ts": "2025-11-15T16:37:48.391952Z", "level": "DEBUG", "event": "FILTER.DATABASE.DUPLICATE", "event_code": "EVT-8042", "trace_id": "TRC-20251115163747-fe5f25fc0e70", "service": "polymarket_api", "msg": "事件已处理，跳过", "extra": {"event_id": "82216"}}
{"ts": "2025-11-15T16:37:48.391952Z", "level": "INFO", "event": "FILTER.DATABASE.COMPLETE", "event_code": "EVT-8041", "trace_id": "TRC-20251115163747-fe5f25fc0e70", "service": "polymarket_api", "msg": "数据库去重检查完成", "extra": {"input_count": 8, "output_count": 0, "filtered_count": 8}}
{"ts": "2025-11-15T16:37:48.391952Z", "level": "INFO", "event": "FILTER.COMPLETE", "event_code": "EVT-8003", "trace_id": "TRC-20251115163747-fe5f25fc0e70", "service": "polymarket_api", "msg": "事件过滤流程完成", "extra": {"initial_count": 10, "final_count": 0, "filtered_count": 10, "pass_rate": "0.00%"}}
{"ts": "2025-11-15T16:38:01.316045Z", "level": "INFO", "event": "API.CLIENT.INIT", "event_code": "EVT-PM-001", "trace_id": "TRC-20251115163801-ea64d8e428f4", "service": "polymarket_api", "msg": "Polymarket Gamma API 客户端初始化完成", "extra": {"base_url": "https://gamma-api.polymarket.com", "timeout": 30, "proxy_enabled": false}}
{"ts": "2025-11-15T16:38:01.316045Z", "level": "INFO", "event": "API.EVENT.NEW", "event_code": "API.EVENT.NEW", "trace_id": "TRC-20251115163801-ea64d8e428f4", "service": "polymarket_api", "msg": "获取新增事件"}
{"ts": "2025-11-15T16:38:01.317057Z", "level": "INFO", "event": "EVT-PM-006", "event_code": "EVT-PM-006", "trace_id": "TRC-20251115163801-ea64d8e428f4", "service": "polymarket_api", "msg": "获取事件列表", "extra": {"params": {"order": "createdAt", "ascending": "false", "limit": 10}}}
{"ts": "2025-11-15T16:38:01.318054Z", "level": "INFO", "event": "API.REQUEST.START", "event_code": "EVT-PM-002", "trace_id": "TRC-20251115163801-ea64d8e428f4", "service": "polymarket_api", "msg": "开始 API 请求", "extra": {"url": "https://gamma-api.polymarket.com/events", "params": {"order": "createdAt", "ascending": "false", "limit": 10}}}
{"ts": "2025-11-15T16:38:02.639629Z", "level": "INFO", "event": "API.REQUEST.SUCCESS", "event_code": "EVT-PM-003", "trace_id": "TRC-20251115163801-ea64d8e428f4", "service": "polymarket_api", "msg": "API 请求成功", "extra": {"url": "https://gamma-api.polymarket.com/events", "status_code": 200, "response_size": 57174}}
{"ts": "2025-11-15T16:38:02.641156Z", "level": "INFO", "event": "EVT-PM-006", "event_code": "EVT-PM-006", "trace_id": "TRC-20251115163801-ea64d8e428f4", "service": "polymarket_api", "msg": "事件列表获取完成", "extra": {"count": 10}}
{"ts": "2025-11-15T16:38:02.642164Z", "level": "INFO", "event": "FILTER.INIT", "event_code": "EVT-8001", "trace_id": "TRC-20251115163801-ea64d8e428f4", "service": "polymarket_api", "msg": "事件过滤器初始化完成", "extra": {"db_path": "backend/sys_configs/system_config.db"}}
{"ts": "2025-11-15T16:38:02.642164Z", "level": "INFO", "event": "FILTER.START", "event_code": "EVT-8002", "trace_id": "TRC-20251115163801-ea64d8e428f4", "service": "polymarket_api", "msg": "开始事件过滤流程", "extra": {"initial_count": 10}}
{"ts": "2025-11-15T16:38:02.643155Z", "level": "DEBUG", "event": "FILTER.TAG.BLOCKED", "event_code": "EVT-8022", "trace_id": "TRC-20251115163801-ea64d8e428f4", "service": "polymarket_api", "msg": "事件被 Tag 黑名单过滤", "extra": {"event_id": "82221", "tags": ["Sports", "sports", "NHL", "nhl", "Games"]}}
{"ts": "2025-11-15T16:38:02.643155Z", "level": "DEBUG", "event": "FILTER.TAG.BLOCKED", "event_code": "EVT-8022", "trace_id": "TRC-20251115163801-ea64d8e428f4", "service": "polymarket_api", "msg": "事件被 Tag 黑名单过滤", "extra": {"event_id": "82220", "tags": ["Sports", "sports", "NHL", "nhl", "Games"]}}
{"ts": "2025-11-15T16:38:02.644155Z", "level": "INFO", "event": "FILTER.TAG.COMPLETE", "event_code": "EVT-8021", "trace_id": "TRC-20251115163801-ea64d8e428f4", "service": "polymarket_api", "msg": "Tag 过滤完成", "extra": {"input_count": 10, "output_count": 8, "filtered_count": 2, "blacklist": ["china", "sports", "elections"]}}
{"ts": "2025-11-15T16:38:02.644155Z", "level": "DEBUG", "event": "FILTER.TITLE.SKIP", "event_code": "FILTER.TITLE.SKIP", "trace_id": "TRC-20251115163801-ea64d8e428f4", "service": "polymarket_api", "msg": "标题关键词黑名单为空，跳过过滤"}
{"ts": "2025-11-15T16:38:02.645156Z", "level": "DEBUG", "event": "FILTER.DESCRIPTION.SKIP", "event_code": "EVT-8033", "trace_id": "TRC-20251115163801-ea64d8e428f4", "service": "polymarket_api", "msg": "描述关键词黑名单为空，跳过过滤"}
{"ts": "2025-11-15T16:38:02.671191Z", "level": "INFO", "event": "FILTER.DATABASE.COMPLETE", "event_code": "EVT-8041", "trace_id": "TRC-20251115163801-ea64d8e428f4", "service": "polymarket_api", "msg": "数据库去重检查完成", "extra": {"input_count": 8, "output_count": 8, "filtered_count": 0}}
{"ts": "2025-11-15T16:39:04.406104Z", "level": "INFO", "event": "API.CLIENT.INIT", "event_code": "EVT-PM-001", "trace_id": "TRC-20251115163904-304280927837", "service": "polymarket_api", "msg": "Polymarket Gamma API 客户端初始化完成", "extra": {"base_url": "https://gamma-api.polymarket.com", "timeout": 30, "proxy_enabled": false}}
{"ts": "2025-11-15T16:39:04.407103Z", "level": "INFO", "event": "API.EVENT.NEW", "event_code": "API.EVENT.NEW", "trace_id": "TRC-20251115163904-304280927837", "service": "polymarket_api", "msg": "获取新增事件"}
{"ts": "2025-11-15T16:39:04.408106Z", "level": "INFO", "event": "EVT-PM-006", "event_code": "EVT-PM-006", "trace_id": "TRC-20251115163904-304280927837", "service": "polymarket_api", "msg": "获取事件列表", "extra": {"params": {"order": "createdAt", "ascending": "false", "limit": 10}}}
{"ts": "2025-11-15T16:39:04.409105Z", "level": "INFO", "event": "API.REQUEST.START", "event_code": "EVT-PM-002", "trace_id": "TRC-20251115163904-304280927837", "service": "polymarket_api", "msg": "开始 API 请求", "extra": {"url": "https://gamma-api.polymarket.com/events", "params": {"order": "createdAt", "ascending": "false", "limit": 10}}}
{"ts": "2025-11-15T16:39:05.201826Z", "level": "INFO", "event": "API.REQUEST.SUCCESS", "event_code": "EVT-PM-003", "trace_id": "TRC-20251115163904-304280927837", "service": "polymarket_api", "msg": "API 请求成功", "extra": {"url": "https://gamma-api.polymarket.com/events", "status_code": 200, "response_size": 57049}}
{"ts": "2025-11-15T16:39:05.203357Z", "level": "INFO", "event": "EVT-PM-006", "event_code": "EVT-PM-006", "trace_id": "TRC-20251115163904-304280927837", "service": "polymarket_api", "msg": "事件列表获取完成", "extra": {"count": 10}}
{"ts": "2025-11-15T16:39:05.204353Z", "level": "INFO", "event": "FILTER.INIT", "event_code": "EVT-8001", "trace_id": "TRC-20251115163904-304280927837", "service": "polymarket_api", "msg": "事件过滤器初始化完成", "extra": {"db_path": "backend/sys_configs/system_config.db"}}
{"ts": "2025-11-15T16:39:05.204353Z", "level": "INFO", "event": "FILTER.START", "event_code": "EVT-8002", "trace_id": "TRC-20251115163904-304280927837", "service": "polymarket_api", "msg": "开始事件过滤流程", "extra": {"initial_count": 10}}
{"ts": "2025-11-15T16:39:05.205361Z", "level": "DEBUG", "event": "FILTER.TAG.BLOCKED", "event_code": "EVT-8022", "trace_id": "TRC-20251115163904-304280927837", "service": "polymarket_api", "msg": "事件被 Tag 黑名单过滤", "extra": {"event_id": "82221", "tags": ["Sports", "sports", "NHL", "nhl", "Games"]}}
{"ts": "2025-11-15T16:39:05.205361Z", "level": "DEBUG", "event": "FILTER.TAG.BLOCKED", "event_code": "EVT-8022", "trace_id": "TRC-20251115163904-304280927837", "service": "polymarket_api", "msg": "事件被 Tag 黑名单过滤", "extra": {"event_id": "82220", "tags": ["Sports", "sports", "NHL", "nhl", "Games"]}}
{"ts": "2025-11-15T16:39:05.205361Z", "level": "INFO", "event": "FILTER.TAG.COMPLETE", "event_code": "EVT-8021", "trace_id": "TRC-20251115163904-304280927837", "service": "polymarket_api", "msg": "Tag 过滤完成", "extra": {"input_count": 10, "output_count": 8, "filtered_count": 2, "blacklist": ["china", "sports", "elections"]}}
{"ts": "2025-11-15T16:39:05.206354Z", "level": "DEBUG", "event": "FILTER.TITLE.SKIP", "event_code": "FILTER.TITLE.SKIP", "trace_id": "TRC-20251115163904-304280927837", "service": "polymarket_api", "msg": "标题关键词黑名单为空，跳过过滤"}
{"ts": "2025-11-15T16:39:05.207359Z", "level": "DEBUG", "event": "FILTER.DESCRIPTION.SKIP", "event_code": "EVT-8033", "trace_id": "TRC-20251115163904-304280927837", "service": "polymarket_api", "msg": "描述关键词黑名单为空，跳过过滤"}
{"ts": "2025-11-15T16:39:05.242969Z", "level": "INFO", "event": "FILTER.DATABASE.COMPLETE", "event_code": "EVT-8041", "trace_id": "TRC-20251115163904-304280927837", "service": "polymarket_api", "msg": "数据库去重检查完成", "extra": {"input_count": 8, "output_count": 8, "filtered_count": 0}}
{"ts": "2025-11-15T16:39:05.393720Z", "level": "ERROR", "event": "Coze AI调用失败: code: 4101, msg: The token you entered is incorrect. Please double-check and try again. For more information, refer to https://coze.cn/docs/developer_guides/authentication, logid: 20251116003904DC2C4BBD1A22B5A98C13", "event_code": "Coze AI调用失败: code: 4101, msg: The token you entered is incorrect. Please double-check and try again. For more information, refer to https://coze.cn/docs/developer_guides/authentication, logid: 20251116003904DC2C4BBD1A22B5A98C13", "trace_id": "TRC-20251115163905-e7b98481ba33", "service": "filter", "msg": "Coze AI调用失败", "error_code": "E-FILTER-008", "error_name": "FILTER_PROCESSED_CHECK_ERROR"}
{"ts": "2025-11-15T16:39:05.444635Z", "level": "ERROR", "event": "Coze AI调用失败: code: 4101, msg: The token you entered is incorrect. Please double-check and try again. For more information, refer to https://coze.cn/docs/developer_guides/authentication, logid: 202511160039041CEBEA1AF02A82A39C75", "event_code": "Coze AI调用失败: code: 4101, msg: The token you entered is incorrect. Please double-check and try again. For more information, refer to https://coze.cn/docs/developer_guides/authentication, logid: 202511160039041CEBEA1AF02A82A39C75", "trace_id": "TRC-20251115163905-e7b98481ba33", "service": "filter", "msg": "Coze AI调用失败", "error_code": "E-FILTER-008", "error_name": "FILTER_PROCESSED_CHECK_ERROR"}
{"ts": "2025-11-15T16:39:05.508385Z", "level": "ERROR", "event": "Coze AI调用失败: code: 4101, msg: The token you entered is incorrect. Please double-check and try again. For more information, refer to https://coze.cn/docs/developer_guides/authentication, logid: 20251116003905C296BA811A41BB1FCB0E", "event_code": "Coze AI调用失败: code: 4101, msg: The token you entered is incorrect. Please double-check and try again. For more information, refer to https://coze.cn/docs/developer_guides/authentication, logid: 20251116003905C296BA811A41BB1FCB0E", "trace_id": "TRC-20251115163905-e7b98481ba33", "service": "filter", "msg": "Coze AI调用失败", "error_code": "E-FILTER-008", "error_name": "FILTER_PROCESSED_CHECK_ERROR"}
{"ts": "2025-11-15T16:39:05.608989Z", "level": "ERROR", "event": "Coze AI调用失败: code: 4101, msg: The token you entered is incorrect. Please double-check and try again. For more information, refer to https://coze.cn/docs/developer_guides/authentication, logid: 20251116003905EC32D5AE38EB2914D3E3", "event_code": "Coze AI调用失败: code: 4101, msg: The token you entered is incorrect. Please double-check and try again. For more information, refer to https://coze.cn/docs/developer_guides/authentication, logid: 20251116003905EC32D5AE38EB2914D3E3", "trace_id": "TRC-20251115163905-e7b98481ba33", "service": "filter", "msg": "Coze AI调用失败", "error_code": "E-FILTER-008", "error_name": "FILTER_PROCESSED_CHECK_ERROR"}
{"ts": "2025-11-15T16:39:05.662839Z", "level": "ERROR", "event": "Coze AI调用失败: code: 4101, msg: The token you entered is incorrect. Please double-check and try again. For more information, refer to https://coze.cn/docs/developer_guides/authentication, logid: 2025111600390544360DE2DAD616DB23AF", "event_code": "Coze AI调用失败: code: 4101, msg: The token you entered is incorrect. Please double-check and try again. For more information, refer to https://coze.cn/docs/developer_guides/authentication, logid: 2025111600390544360DE2DAD616DB23AF", "trace_id": "TRC-20251115163905-e7b98481ba33", "service": "filter", "msg": "Coze AI调用失败", "error_code": "E-FILTER-008", "error_name": "FILTER_PROCESSED_CHECK_ERROR"}
{"ts": "2025-11-15T16:39:05.715694Z", "level": "ERROR", "event": "Coze AI调用失败: code: 4101, msg: The token you entered is incorrect. Please double-check and try again. For more information, refer to https://coze.cn/docs/developer_guides/authentication, logid: 20251116003905BC3B7550B5BA83DD39C8", "event_code": "Coze AI调用失败: code: 4101, msg: The token you entered is incorrect. Please double-check and try again. For more information, refer to https://coze.cn/docs/developer_guides/authentication, logid: 20251116003905BC3B7550B5BA83DD39C8", "trace_id": "TRC-20251115163905-e7b98481ba33", "service": "filter", "msg": "Coze AI调用失败", "error_code": "E-FILTER-008", "error_name": "FILTER_PROCESSED_CHECK_ERROR"}
{"ts": "2025-11-15T16:39:05.760796Z", "level": "ERROR", "event": "Coze AI调用失败: code: 4101, msg: The token you entered is incorrect. Please double-check and try again. For more information, refer to https://coze.cn/docs/developer_guides/authentication, logid: 20251116003905DC2C4BBD1A22B5A98C2F", "event_code": "Coze AI调用失败: code: 4101, msg: The token you entered is incorrect. Please double-check and try again. For more information, refer to https://coze.cn/docs/developer_guides/authentication, logid: 20251116003905DC2C4BBD1A22B5A98C2F", "trace_id": "TRC-20251115163905-e7b98481ba33", "service": "filter", "msg": "Coze AI调用失败", "error_code": "E-FILTER-008", "error_name": "FILTER_PROCESSED_CHECK_ERROR"}
{"ts": "2025-11-15T16:39:05.803327Z", "level": "ERROR", "event": "Coze AI调用失败: code: 4101, msg: The token you entered is incorrect. Please double-check and try again. For more information, refer to https://coze.cn/docs/developer_guides/authentication, logid: 202511160039051CEBEA1AF02A82A39C93", "event_code": "Coze AI调用失败: code: 4101, msg: The token you entered is incorrect. Please double-check and try again. For more information, refer to https://coze.cn/docs/developer_guides/authentication, logid: 202511160039051CEBEA1AF02A82A39C93", "trace_id": "TRC-20251115163905-e7b98481ba33", "service": "filter", "msg": "Coze AI调用失败", "error_code": "E-FILTER-008", "error_name": "FILTER_PROCESSED_CHECK_ERROR"}
{"ts": "2025-11-15T16:39:05.804337Z", "level": "INFO", "event": "FILTER.COMPLETE", "event_code": "EVT-8003", "trace_id": "TRC-20251115163904-304280927837", "service": "polymarket_api", "msg": "事件过滤流程完成", "extra": {"initial_count": 10, "final_count": 8, "filtered_count": 2, "pass_rate": "80.00%"}}
{"ts": "2025-11-15T16:44:18.591847Z", "level": "ERROR", "event": "Coze AI调用失败", "event_code": "Coze AI调用失败", "trace_id": "TRC-20251115164418-6d8b42c1559b", "service": "filter", "msg": "Coze AI调用失败", "error_code": "E-FILTER-008", "error_name": "FILTER_PROCESSED_CHECK_ERROR"}
{"ts": "2025-11-15T16:50:23.107230Z", "level": "ERROR", "event": "Coze AI调用失败", "event_code": "Coze AI调用失败", "trace_id": "TRC-20251115165023-7f735382ac03", "service": "filter", "msg": "Coze AI调用失败", "error_code": "E-FILTER-008", "error_name": "FILTER_PROCESSED_CHECK_ERROR"}
{"ts": "2025-11-15T16:52:26.993097Z", "level": "ERROR", "event": "FILTER.CALL.FAILED", "event_code": "FILTER.CALL.FAILED", "trace_id": "TRC-20251115165023-7f735382ac03", "service": "filter", "msg": "调用失败", "error_code": "E-FILTER-008", "error_name": "FILTER_PROCESSED_CHECK_ERROR", "extra": {"service": "filter_service", "reason": "连接超时"}}
{"ts": "2025-11-15T16:53:14.744567Z", "level": "ERROR", "event": "FILTER.CALL.FAILED", "event_code": "FILTER.CALL.FAILED", "trace_id": "TRC-20251115165314-fe7822868617", "service": "filter", "msg": "调用失败", "error_code": "E-FILTER-008", "error_name": "FILTER_PROCESSED_CHECK_ERROR", "extra": {"service": "filter_service", "reason": "连接超时"}}
{"ts": "2025-11-15T16:56:13.168786Z", "level": "ERROR", "event": "FILTER.CALL.FAILED", "event_code": "FILTER.CALL.FAILED", "trace_id": "TRC-20251115165613-e3b99fe7f1f6", "service": "filter", "msg": "调用失败", "error_code": "E-FILTER-008", "error_name": "FILTER_PROCESSED_CHECK_ERROR", "extra": {"service": "filter_service", "reason": "连接超时"}}
{"ts": "2025-11-15T16:56:48.138788Z", "level": "ERROR", "event": "FILTER.CALL.FAILED", "event_code": "FILTER.CALL.FAILED", "trace_id": "TRC-20251115165648-45b4b5e7b91c", "service": "filter", "msg": "调用失败", "error_code": "E-FILTER-008", "error_name": "FILTER_PROCESSED_CHECK_ERROR", "extra": {"service": "filter_service", "reason": "连接超时"}}
{"ts": "2025-11-15T16:58:03.796676Z", "level": "ERROR", "event": "FILTER.CALL.FAILED", "event_code": "FILTER.CALL.FAILED", "trace_id": "TRC-20251115165740-18debf74861a", "service": "filter", "msg": "调用失败", "error_code": "E-FILTER-008", "error_name": "FILTER_PROCESSED_CHECK_ERROR", "extra": {"service": "filter_service", "reason": "连接超时"}}
{"ts": "2025-11-15T17:02:26.952713Z", "level": "ERROR", "event": "FILTER.CALL.FAILED", "event_code": "FILTER.CALL.FAILED", "trace_id": "TRC-20251115170226-3163315407a6", "service": "filter", "msg": "调用失败", "error_code": "WARN", "extra": {"service": "filter_service", "reason": "连接超时"}}
{"ts": "2025-11-15T17:16:18.787757Z", "level": "INFO", "event": "API.CLIENT.INIT", "event_code": "EVT-PM-001", "trace_id": "TRC-20251115171618-f36521ae96b9", "service": "polymarket_api", "msg": "Polymarket Gamma API 客户端初始化完成", "extra": {"base_url": "https://gamma-api.polymarket.com", "timeout": 30, "proxy_enabled": false}}
{"ts": "2025-11-15T17:16:27.133962Z", "level": "INFO", "event": "API.REQUEST.START", "event_code": "EVT-PM-002", "trace_id": "TRC-20251115171618-f36521ae96b9", "service": "polymarket_api", "msg": "开始 API 请求", "extra": {"url": "https://gamma-api.polymarket.com/events/slug/what-will-trump-say-during-saudi-pm-events-on-november-18", "params": {}}}
{"ts": "2025-11-15T17:16:27.905282Z", "level": "INFO", "event": "API.REQUEST.SUCCESS", "event_code": "EVT-PM-003", "trace_id": "TRC-20251115171618-f36521ae96b9", "service": "polymarket_api", "msg": "API 请求成功", "extra": {"url": "https://gamma-api.polymarket.com/events/slug/what-will-trump-say-during-saudi-pm-events-on-november-18", "status_code": 200, "response_size": 87800}}
{"ts": "2025-11-15T17:17:26.957337Z", "level": "INFO", "event": "API.CLIENT.INIT", "event_code": "EVT-PM-001", "trace_id": "TRC-20251115171726-157f4bc46e89", "service": "polymarket_api", "msg": "Polymarket Gamma API 客户端初始化完成", "extra": {"base_url": "https://gamma-api.polymarket.com", "timeout": 30, "proxy_enabled": false}}
{"ts": "2025-11-15T17:17:29.061639Z", "level": "INFO", "event": "API.REQUEST.START", "event_code": "EVT-PM-002", "trace_id": "TRC-20251115171726-157f4bc46e89", "service": "polymarket_api", "msg": "开始 API 请求", "extra": {"url": "https://gamma-api.polymarket.com/events/slug/what-will-trump-say-during-saudi-pm-events-on-november-18", "params": {}}}
{"ts": "2025-11-15T17:17:29.796628Z", "level": "INFO", "event": "API.REQUEST.SUCCESS", "event_code": "EVT-PM-003", "trace_id": "TRC-20251115171726-157f4bc46e89", "service": "polymarket_api", "msg": "API 请求成功", "extra": {"url": "https://gamma-api.polymarket.com/events/slug/what-will-trump-say-during-saudi-pm-events-on-november-18", "status_code": 200, "response_size": 87772}}
{"ts": "2025-11-15T17:17:58.613506Z", "level": "INFO", "event": "API.REQUEST.START", "event_code": "EVT-PM-002", "trace_id": "TRC-20251115171726-157f4bc46e89", "service": "polymarket_api", "msg": "开始 API 请求", "extra": {"url": "https://gamma-api.polymarket.com/events/slug/what-will-trump-say-during-saudi-pm-events-on-november-18", "params": {}}}
{"ts": "2025-11-15T17:17:59.116322Z", "level": "INFO", "event": "API.REQUEST.SUCCESS", "event_code": "EVT-PM-003", "trace_id": "TRC-20251115171726-157f4bc46e89", "service": "polymarket_api", "msg": "API 请求成功", "extra": {"url": "https://gamma-api.polymarket.com/events/slug/what-will-trump-say-during-saudi-pm-events-on-november-18", "status_code": 200, "response_size": 87772}}
{"ts": "2025-11-15T17:18:04.769238Z", "level": "INFO", "event": "API.REQUEST.START", "event_code": "EVT-PM-002", "trace_id": "TRC-20251115171726-157f4bc46e89", "service": "polymarket_api", "msg": "开始 API 请求", "extra": {"url": "https://gamma-api.polymarket.com/events/slug/what-will-trump-say-during-saudi-pm-events-on-november-18", "params": {}}}
{"ts": "2025-11-15T17:18:05.264965Z", "level": "INFO", "event": "API.REQUEST.SUCCESS", "event_code": "EVT-PM-003", "trace_id": "TRC-20251115171726-157f4bc46e89", "service": "polymarket_api", "msg": "API 请求成功", "extra": {"url": "https://gamma-api.polymarket.com/events/slug/what-will-trump-say-during-saudi-pm-events-on-november-18", "status_code": 200, "response_size": 87767}}
{"ts": "2025-11-15T17:18:52.375062Z", "level": "INFO", "event": "API.CLIENT.INIT", "event_code": "EVT-PM-001", "trace_id": "TRC-20251115171852-52497d3692da", "service": "polymarket_api", "msg": "Polymarket Gamma API 客户端初始化完成", "extra": {"base_url": "https://gamma-api.polymarket.com", "timeout": 30, "proxy_enabled": false}}
{"ts": "2025-11-15T17:20:01.314445Z", "level": "INFO", "event": "API.CLIENT.INIT", "event_code": "EVT-PM-001", "trace_id": "TRC-20251115171852-52497d3692da", "service": "polymarket_api", "msg": "Polymarket Gamma API 客户端初始化完成", "extra": {"base_url": "https://gamma-api.polymarket.com", "timeout": 30, "proxy_enabled": false}}
{"ts": "2025-11-15T17:20:14.547060Z", "level": "INFO", "event": "API.CLIENT.INIT", "event_code": "EVT-PM-001", "trace_id": "TRC-20251115172014-a8ad83960be5", "service": "polymarket_api", "msg": "Polymarket Gamma API 客户端初始化完成", "extra": {"base_url": "https://gamma-api.polymarket.com", "timeout": 30, "proxy_enabled": false}}
{"ts": "2025-11-16T15:37:26.125902Z", "level": "ERROR", "event": "CLOB.CLIENT.INIT", "event_code": "EVT-CLOB-001", "trace_id": "TRC-20251116153726-2e190c11ade8", "service": "polymarket_clob", "msg": "缺少私钥配置，请设置环境变量 PK 或传入 key 参数", "error_code": "E-CLOB-001", "error_name": "CLIENT_INIT_ERROR"}
{"ts": "2025-11-16T15:41:33.784612Z", "level": "INFO", "event": "CLOB.CLIENT.INIT", "event_code": "EVT-CLOB-001", "trace_id": "TRC-20251116153726-2e190c11ade8", "service": "polymarket_clob", "msg": "开始初始化 CLOB 客户端", "extra": {"host": "https://clob.polymarket.com", "chain_id": 137}}
{"ts": "2025-11-16T15:41:33.794633Z", "level": "INFO", "event": "CLOB.CLIENT.INIT", "event_code": "EVT-CLOB-001", "trace_id": "TRC-20251116153726-2e190c11ade8", "service": "polymarket_clob", "msg": "创建或派生 API 凭证（使用 L1 签名）"}
{"ts": "2025-11-16T15:41:35.129188Z", "level": "INFO", "event": "CLOB.CLIENT.INIT", "event_code": "EVT-CLOB-001", "trace_id": "TRC-20251116153726-2e190c11ade8", "service": "polymarket_clob", "msg": "CLOB 客户端初始化完成", "extra": {"host": "https://clob.polymarket.com", "chain_id": 137, "address": "0x0************************************246"}}
{"ts": "2025-11-16T15:45:46.446440Z", "level": "INFO", "event": "CLOB.CLIENT.INIT", "event_code": "EVT-CLOB-001", "trace_id": "TRC-20251116154546-bfccabd53e6b", "service": "polymarket_clob", "msg": "开始初始化 CLOB 客户端", "extra": {"host": "https://clob.polymarket.com", "chain_id": 137}}
{"ts": "2025-11-16T15:45:46.456441Z", "level": "INFO", "event": "CLOB.CLIENT.INIT", "event_code": "EVT-CLOB-001", "trace_id": "TRC-20251116154546-bfccabd53e6b", "service": "polymarket_clob", "msg": "创建或派生 API 凭证（使用 L1 签名）"}
{"ts": "2025-11-16T15:45:50.394465Z", "level": "ERROR", "event": "CLOB.CLIENT.INIT", "event_code": "EVT-CLOB-001", "trace_id": "TRC-20251116154546-bfccabd53e6b", "service": "polymarket_clob", "msg": "CLOB 客户端初始化失败: PolyApiException[status_code=None, error_message=Request exception!]", "error_code": "E-CLOB-001", "error_name": "CLIENT_INIT_ERROR", "extra": {"exception": "PolyApiException[status_code=None, error_message=Request exception!]", "exception_type": "PolyApiException"}}
{"ts": "2025-11-21T16:22:40.312204Z", "level": "ERROR", "event": "FILTER.CALL.FAILED", "event_code": "FILTER.CALL.FAILED", "trace_id": "TRC-20251121162240-b4a7a3918d4d", "service": "filter", "msg": "调用失败", "error_code": "WARN", "extra": {"service": "filter_service", "reason": "连接超时"}}
{"ts": "2025-11-21T16:41:42.549278Z", "level": "ERROR", "event": "FILTER.CALL.FAILED", "event_code": "FILTER.CALL.FAILED", "trace_id": "TRC-20251121164142-69f367cc6cac", "service": "filter", "msg": "调用失败", "error_code": "WARN", "extra": {"service": "filter_service", "reason": "连接超时"}}
{"ts": "2025-11-22T15:59:23.216249Z", "level": "INFO", "event": "EVT-1003", "event_code": "EVT-1003", "trace_id": "TRC-20251122155923-5ffef6ccb05f", "service": "voidpoly", "msg": "全局事件注册完成", "extra": {"total_events": "50+", "total_errors": "30+"}}
{"ts": "2025-11-22T16:11:23.311388Z", "level": "INFO", "event": "EVT-1003", "event_code": "EVT-1003", "trace_id": "TRC-20251122155923-5ffef6ccb05f", "service": "voidpoly", "msg": "Coze API 模块加载成功"}
{"ts": "2025-11-22T16:11:23.331397Z", "level": "INFO", "event": "EVT-1003", "event_code": "EVT-1003", "trace_id": "TRC-20251122155923-5ffef6ccb05f", "service": "voidpoly", "msg": "Coze API 模块加载成功"}
{"ts": "2025-11-22T16:11:40.142129Z", "level": "INFO", "event": "EVT-1003", "event_code": "EVT-1003", "trace_id": "TRC-20251122155923-5ffef6ccb05f", "service": "voidpoly", "msg": "Coze API 模块加载成功"}
{"ts": "2025-11-22T16:11:40.144138Z", "level": "INFO", "event": "EVT-1003", "event_code": "EVT-1003", "trace_id": "TRC-20251122155923-5ffef6ccb05f", "service": "voidpoly", "msg": "深度分析模块加载成功"}
{"ts": "2025-11-22T16:17:04.769686Z", "level": "INFO", "event": "EVT-1003", "event_code": "EVT-1003", "trace_id": "TRC-20251122161704-c65d970a43ba", "service": "voidpoly", "msg": "全局事件注册完成", "extra": {"total_events": "50+", "total_errors": "30+"}}
{"ts": "2025-11-22T16:18:13.492794Z", "level": "INFO", "event": "EVT-1003", "event_code": "EVT-1003", "trace_id": "TRC-20251122161813-0e0aa9a1c9d4", "service": "voidpoly", "msg": "全局事件注册完成", "extra": {"total_events": "50+", "total_errors": "30+"}}
{"ts": "2025-11-22T16:36:14.963028Z", "level": "INFO", "event": "EVT-1003", "event_code": "EVT-1003", "trace_id": "TRC-20251122163614-b4633374a9d4", "service": "voidpoly", "msg": "全局事件注册完成", "extra": {"total_events": "50+", "total_errors": "30+"}}
{"ts": "2025-11-22T16:41:57.668428Z", "level": "INFO", "event": "EVT-1003", "event_code": "EVT-1003", "trace_id": "TRC-20251122164157-ac5f71257291", "service": "voidpoly", "msg": "全局事件注册完成", "extra": {"total_events": "50+", "total_errors": "30+"}}
{"ts": "2025-11-22T16:49:46.753232Z", "level": "INFO", "event": "EVT-1003", "event_code": "EVT-1003", "trace_id": "TRC-20251122164946-bc6dee62eeff", "service": "voidpoly", "msg": "全局事件注册完成", "extra": {"total_events": "50+", "total_errors": "30+"}}
{"ts": "2025-11-22T16:52:37.374495Z", "level": "INFO", "event": "EVT-1003", "event_code": "EVT-1003", "trace_id": "TRC-20251122165237-c4b6252df326", "service": "voidpoly", "msg": "全局事件注册完成", "extra": {"total_events": "50+", "total_errors": "30+"}}
{"ts": "2025-11-22T16:52:37.391938Z", "level": "INFO", "event": "FILTER.INIT", "event_code": "EVT-8001", "trace_id": "TRC-20251122165237-c4b6252df326", "service": "voidpoly", "msg": "事件过滤器初始化完成", "extra": {"db_path": "backend/sys_configs/system_config.db"}}
{"ts": "2025-11-22T16:52:37.391938Z", "level": "INFO", "event": "FILTER.INIT", "event_code": "EVT-8001", "trace_id": "TRC-20251122165237-c4b6252df326", "service": "voidpoly", "msg": "市场过滤器初始化完成", "extra": {"db_path": "backend/sys_configs/system_config.db"}}
{"ts": "2025-11-22T16:52:37.392933Z", "level": "INFO", "event": "FILTER.DB.INIT", "event_code": "EVT-8081", "trace_id": "TRC-20251122165237-c4b6252df326", "service": "voidpoly", "msg": "数据库管理器初始化完成", "extra": {"db_path": "backend/filter/database/filter.db"}}
{"ts": "2025-11-23T02:41:54.643192Z", "level": "INFO", "event": "EVT-1003", "event_code": "EVT-1003", "trace_id": "TRC-20251123024154-fa7e5e7376d9", "service": "voidpoly", "msg": "全局事件注册完成", "extra": {"total_events": "50+", "total_errors": "30+"}}
{"ts": "2025-11-23T02:46:03.698463Z", "level": "INFO", "event": "ORDERBOOK.CLIENT.INIT", "event_code": "EVT-OB-001", "trace_id": "TRC-20251123024154-fa7e5e7376d9", "service": "voidpoly", "msg": "Polymarket Orderbook API 客户端初始化完成", "extra": {"base_url": "https://clob.polymarket.com", "timeout": 30, "proxy_enabled": false}}
{"ts": "2025-11-23T02:46:38.278788Z", "level": "INFO", "event": "ORDERBOOK.BOOK.QUERY", "event_code": "EVT-OB-002", "trace_id": "TRC-20251123024154-fa7e5e7376d9", "service": "voidpoly", "msg": "查询订单簿", "extra": {"token_id": "74018646712472971445258547247048869505144598783748525202442089895996249694683", "side": null}}
{"ts": "2025-11-23T02:46:38.278788Z", "level": "INFO", "event": "ORDERBOOK.REQUEST.START", "event_code": "EVT-OB-006", "trace_id": "TRC-20251123024154-fa7e5e7376d9", "service": "voidpoly", "msg": "开始 API 请求", "extra": {"method": "GET", "url": "https://clob.polymarket.com/book", "params": {"token_id": "74018646712472971445258547247048869505144598783748525202442089895996249694683"}, "has_data": false}}
{"ts": "2025-11-23T02:46:54.159723Z", "level": "INFO", "event": "ORDERBOOK.REQUEST.SUCCESS", "event_code": "EVT-OB-007", "trace_id": "TRC-20251123024154-fa7e5e7376d9", "service": "voidpoly", "msg": "API 请求成功", "extra": {"method": "GET", "url": "https://clob.polymarket.com/book", "status_code": 200, "response_size": 4160}}
{"ts": "2025-11-23T03:06:42.241348Z", "level": "INFO", "event": "EVT-1003", "event_code": "EVT-1003", "trace_id": "TRC-20251123030642-ea4776b40d11", "service": "voidpoly", "msg": "全局事件注册完成", "extra": {"total_events": "50+", "total_errors": "30+"}}
{"ts": "2025-11-23T03:07:18.172595Z", "level": "INFO", "event": "CLOB.CLIENT.INIT", "event_code": "EVT-CLOB-001", "trace_id": "TRC-20251123030642-ea4776b40d11", "service": "voidpoly", "msg": "CLOB 客户端初始化成功", "extra": {"host": "https://clob.polymarket.com", "chain_id": 137}}
{"ts": "2025-11-23T03:17:45.698248Z", "level": "INFO", "event": "CLOB.ORDER.CREATE_LIMIT", "event_code": "CLOB.ORDER.CREATE_LIMIT", "trace_id": "TRC-20251123030642-ea4776b40d11", "service": "voidpoly", "msg": "创建限价订单", "extra": {"token_id": "58969364816213855615291775146907533569112761571567201275002876280034021179495", "price": "0.08", "size": "1", "side": "BUY"}}
{"ts": "2025-11-23T03:26:28.183038Z", "level": "INFO", "event": "CLOB.ORDER.CREATE_LIMIT", "event_code": "CLOB.ORDER.CREATE_LIMIT", "trace_id": "TRC-20251123030642-ea4776b40d11", "service": "voidpoly", "msg": "创建限价订单", "extra": {"token_id": "58969364816213855615291775146907533569112761571567201275002876280034021179495", "price": 0.08, "size": 1, "side": "BUY"}}
{"ts": "2025-11-23T03:33:23.484501Z", "level": "INFO", "event": "EVT-1003", "event_code": "EVT-1003", "trace_id": "TRC-20251123033323-0279b1d8f090", "service": "voidpoly", "msg": "全局事件注册完成", "extra": {"total_events": "50+", "total_errors": "30+"}}
{"ts": "2025-11-23T03:33:24.239940Z", "level": "ERROR", "event": "CLOB.CLIENT.INIT_ERROR", "event_code": "CLOB.CLIENT.INIT_ERROR", "trace_id": "TRC-20251123033323-0279b1d8f090", "service": "voidpoly", "msg": "缺少私钥配置，请设置环境变量 PK 或传入 key 参数", "error_code": "E-CLOB-001", "error_name": "CLIENT_INIT_ERROR"}
{"ts": "2025-11-23T03:44:14.788859Z", "level": "INFO", "event": "CLOB.ORDER.CREATE_LIMIT", "event_code": "CLOB.ORDER.CREATE_LIMIT", "trace_id": "TRC-20251123030642-ea4776b40d11", "service": "voidpoly", "msg": "创建限价订单", "extra": {"token_id": "58969364816213855615291775146907533569112761571567201275002876280034021179495", "price": 0.08, "size": 1, "side": "BUY"}}
{"ts": "2025-11-23T03:44:19.267500Z", "level": "INFO", "event": "EVT-1003", "event_code": "EVT-1003", "trace_id": "TRC-20251123034419-79517b606557", "service": "voidpoly", "msg": "全局事件注册完成", "extra": {"total_events": "50+", "total_errors": "30+"}}
{"ts": "2025-11-23T03:44:37.877446Z", "level": "INFO", "event": "EVT-1003", "event_code": "EVT-1003", "trace_id": "TRC-20251123034437-50e6820fd198", "service": "voidpoly", "msg": "全局事件注册完成", "extra": {"total_events": "50+", "total_errors": "30+"}}
{"ts": "2025-11-23T03:44:57.018320Z", "level": "INFO", "event": "CLOB.CLIENT.INIT", "event_code": "EVT-CLOB-001", "trace_id": "TRC-20251123034437-50e6820fd198", "service": "voidpoly", "msg": "CLOB 客户端初始化成功", "extra": {"host": "https://clob.polymarket.com", "chain_id": 137}}
{"ts": "2025-11-23T03:45:31.031199Z", "level": "INFO", "event": "CLOB.ORDER.CREATE_LIMIT", "event_code": "CLOB.ORDER.CREATE_LIMIT", "trace_id": "TRC-20251123034437-50e6820fd198", "service": "voidpoly", "msg": "创建限价订单", "extra": {"token_id": "58969364816213855615291775146907533569112761571567201275002876280034021179495", "price": 0.08, "size": 1, "side": "BUY"}}
{"ts": "2025-11-23T03:45:47.853100Z", "level": "INFO", "event": "CLOB.ORDER.CREATE_SUCCESS", "event_code": "CLOB.ORDER.CREATE_SUCCESS", "trace_id": "TRC-20251123034437-50e6820fd198", "service": "voidpoly", "msg": "限价订单创建成功", "extra": {"order_salt": "<poly_eip712_structs.types.Uint object at 0x0000029626C03CD0>"}}
{"ts": "2025-11-23T03:47:45.394058Z", "level": "INFO", "event": "CLOB.ORDER.CREATE_LIMIT", "event_code": "CLOB.ORDER.CREATE_LIMIT", "trace_id": "TRC-20251123034437-50e6820fd198", "service": "voidpoly", "msg": "创建限价订单", "extra": {"token_id": "58969364816213855615291775146907533569112761571567201275002876280034021179495", "price": 0.08, "size": 1, "side": "BUY"}}
{"ts": "2025-11-23T03:47:45.404085Z", "level": "INFO", "event": "CLOB.ORDER.CREATE_SUCCESS", "event_code": "CLOB.ORDER.CREATE_SUCCESS", "trace_id": "TRC-20251123034437-50e6820fd198", "service": "voidpoly", "msg": "限价订单创建成功", "extra": {"order_salt": "<poly_eip712_structs.types.Uint object at 0x0000029626C03CD0>"}}
{"ts": "2025-11-23T03:47:45.405090Z", "level": "INFO", "event": "CLOB.ORDER.POST", "event_code": "EVT-CLOB-003", "trace_id": "TRC-20251123034437-50e6820fd198", "service": "voidpoly", "msg": "提交订单到交易所", "extra": {"order_salt": "<poly_eip712_structs.types.Uint object at 0x0000029626C03CD0>", "order_type": "default"}}
{"ts": "2025-11-23T03:47:50.877103Z", "level": "ERROR", "event": "CLOB.ORDER.POST_ERROR", "event_code": "CLOB.ORDER.POST_ERROR", "trace_id": "TRC-20251123034437-50e6820fd198", "service": "voidpoly", "msg": "订单提交失败: PolyApiException[status_code=400, error_message={'error': 'invalid signature'}]", "extra": {"order_salt": "<poly_eip712_structs.types.Uint object at 0x0000029626C03CD0>", "error": "PolyApiException[status_code=400, error_message={'error': 'invalid signature'}]"}}
{"ts": "2025-11-23T03:48:58.714403Z", "level": "INFO", "event": "EVT-1003", "event_code": "EVT-1003", "trace_id": "TRC-20251123034858-98a9e6ae743a", "service": "voidpoly", "msg": "全局事件注册完成", "extra": {"total_events": "50+", "total_errors": "30+"}}
{"ts": "2025-11-23T03:49:19.899928Z", "level": "INFO", "event": "CLOB.CLIENT.INIT", "event_code": "EVT-CLOB-001", "trace_id": "TRC-20251123034858-98a9e6ae743a", "service": "voidpoly", "msg": "CLOB 客户端初始化成功", "extra": {"host": "https://clob.polymarket.com", "chain_id": 137}}
{"ts": "2025-11-23T03:49:19.900943Z", "level": "INFO", "event": "CLOB.ORDER.CREATE_LIMIT", "event_code": "CLOB.ORDER.CREATE_LIMIT", "trace_id": "TRC-20251123034858-98a9e6ae743a", "service": "voidpoly", "msg": "创建限价订单", "extra": {"token_id": "58969364816213855615291775146907533569112761571567201275002876280034021179495", "price": 0.08, "size": 1, "side": "BUY"}}
{"ts": "2025-11-23T03:49:36.311572Z", "level": "INFO", "event": "CLOB.ORDER.CREATE_SUCCESS", "event_code": "CLOB.ORDER.CREATE_SUCCESS", "trace_id": "TRC-20251123034858-98a9e6ae743a", "service": "voidpoly", "msg": "限价订单创建成功", "extra": {"order_salt": "<poly_eip712_structs.types.Uint object at 0x00000134738D7BD0>"}}
{"ts": "2025-11-23T03:49:36.312542Z", "level": "INFO", "event": "CLOB.ORDER.POST", "event_code": "EVT-CLOB-003", "trace_id": "TRC-20251123034858-98a9e6ae743a", "service": "voidpoly", "msg": "提交订单到交易所", "extra": {"order_salt": "<poly_eip712_structs.types.Uint object at 0x00000134738D7BD0>", "order_type": "default"}}
{"ts": "2025-11-23T03:49:44.442255Z", "level": "ERROR", "event": "CLOB.ORDER.POST_ERROR", "event_code": "CLOB.ORDER.POST_ERROR", "trace_id": "TRC-20251123034858-98a9e6ae743a", "service": "voidpoly", "msg": "订单提交失败: PolyApiException[status_code=None, error_message=Request exception!]", "extra": {"order_salt": "<poly_eip712_structs.types.Uint object at 0x00000134738D7BD0>", "error": "PolyApiException[status_code=None, error_message=Request exception!]"}}
{"ts": "2025-11-23T07:31:45.176998Z", "level": "INFO", "event": "EVT-1003", "event_code": "EVT-1003", "trace_id": "TRC-20251123073145-1ada77c00f91", "service": "voidpoly", "msg": "全局事件注册完成", "extra": {"total_events": "50+", "total_errors": "30+"}}
{"ts": "2025-11-23T07:31:45.825521Z", "level": "DEBUG", "event": "MARKET.MARKS.ADDED", "event_code": "MARKET.MARKS.ADDED", "trace_id": "TRC-20251123073145-1ada77c00f91", "service": "voidpoly", "msg": "添加标签", "extra": {"mark": "high_volume", "market_id": "test_market_1"}}
{"ts": "2025-11-23T07:31:45.825521Z", "level": "DEBUG", "event": "MARKET.MARKS.ADDED", "event_code": "MARKET.MARKS.ADDED", "trace_id": "TRC-20251123073145-1ada77c00f91", "service": "voidpoly", "msg": "添加标签", "extra": {"mark": "crypto", "market_id": "test_market_1"}}
{"ts": "2025-11-23T07:31:45.826517Z", "level": "DEBUG", "event": "MARKET.MARKS.ADDED", "event_code": "MARKET.MARKS.ADDED", "trace_id": "TRC-20251123073145-1ada77c00f91", "service": "voidpoly", "msg": "添加标签", "extra": {"mark": "trending", "market_id": "test_market_1"}}
{"ts": "2025-11-23T07:31:45.826517Z", "level": "DEBUG", "event": "MARKET.MARKS.REMOVED", "event_code": "MARKET.MARKS.REMOVED", "trace_id": "TRC-20251123073145-1ada77c00f91", "service": "voidpoly", "msg": "移除标签", "extra": {"mark": "crypto", "market_id": "test_market_1"}}
{"ts": "2025-11-23T07:31:45.826517Z", "level": "DEBUG", "event": "MARKET.MARKS.NOT_FOUND", "event_code": "MARKET.MARKS.NOT_FOUND", "trace_id": "TRC-20251123073145-1ada77c00f91", "service": "voidpoly", "msg": "标签不存在", "extra": {"mark": "nonexistent", "market_id": "test_market_1"}}
{"ts": "2025-11-23T07:31:45.828514Z", "level": "DEBUG", "event": "EVENT.MARKS.ADDED", "event_code": "EVENT.MARKS.ADDED", "trace_id": "TRC-20251123073145-1ada77c00f91", "service": "voidpoly", "msg": "添加标签", "extra": {"mark": "important", "event_id": "test_event_1"}}
{"ts": "2025-11-23T07:31:45.829522Z", "level": "DEBUG", "event": "EVENT.MARKS.ADDED", "event_code": "EVENT.MARKS.ADDED", "trace_id": "TRC-20251123073145-1ada77c00f91", "service": "voidpoly", "msg": "添加标签", "extra": {"mark": "crypto", "event_id": "test_event_1"}}
{"ts": "2025-11-23T07:31:45.829522Z", "level": "DEBUG", "event": "EVENT.MARKS.ADDED", "event_code": "EVENT.MARKS.ADDED", "trace_id": "TRC-20251123073145-1ada77c00f91", "service": "voidpoly", "msg": "添加标签", "extra": {"mark": "high_priority", "event_id": "test_event_1"}}
{"ts": "2025-11-23T07:31:45.830522Z", "level": "DEBUG", "event": "EVENT.MARKS.REMOVED", "event_code": "EVENT.MARKS.REMOVED", "trace_id": "TRC-20251123073145-1ada77c00f91", "service": "voidpoly", "msg": "移除标签", "extra": {"mark": "crypto", "event_id": "test_event_1"}}
{"ts": "2025-11-23T07:31:45.831521Z", "level": "DEBUG", "event": "EVENT.MARKS.ADDED", "event_code": "EVENT.MARKS.ADDED", "trace_id": "TRC-20251123073145-1ada77c00f91", "service": "voidpoly", "msg": "添加标签", "extra": {"mark": "sports", "event_id": "test_event_2"}}
{"ts": "2025-11-23T07:31:45.831521Z", "level": "DEBUG", "event": "EVENT.MARKS.ADDED", "event_code": "EVENT.MARKS.ADDED", "trace_id": "TRC-20251123073145-1ada77c00f91", "service": "voidpoly", "msg": "添加标签", "extra": {"mark": "high_volume", "event_id": "test_event_2"}}
{"ts": "2025-11-23T07:31:45.831521Z", "level": "DEBUG", "event": "EVENT.MARKS.ADDED", "event_code": "EVENT.MARKS.ADDED", "trace_id": "TRC-20251123073145-1ada77c00f91", "service": "voidpoly", "msg": "添加标签", "extra": {"mark": "trending", "event_id": "test_event_2"}}
{"ts": "2025-11-23T07:31:45.832516Z", "level": "DEBUG", "event": "MARKET.MARKS.ADDED", "event_code": "MARKET.MARKS.ADDED", "trace_id": "TRC-20251123073145-1ada77c00f91", "service": "voidpoly", "msg": "添加标签", "extra": {"mark": "high_volume", "market_id": "m1"}}
{"ts": "2025-11-23T07:31:45.832516Z", "level": "DEBUG", "event": "MARKET.MARKS.ADDED", "event_code": "MARKET.MARKS.ADDED", "trace_id": "TRC-20251123073145-1ada77c00f91", "service": "voidpoly", "msg": "添加标签", "extra": {"mark": "trending", "market_id": "m1"}}
{"ts": "2025-11-23T07:31:45.832516Z", "level": "DEBUG", "event": "MARKET.MARKS.ADDED", "event_code": "MARKET.MARKS.ADDED", "trace_id": "TRC-20251123073145-1ada77c00f91", "service": "voidpoly", "msg": "添加标签", "extra": {"mark": "sports", "market_id": "m1"}}
{"ts": "2025-11-23T07:31:45.833509Z", "level": "DEBUG", "event": "MARKET.MARKS.ADDED", "event_code": "MARKET.MARKS.ADDED", "trace_id": "TRC-20251123073145-1ada77c00f91", "service": "voidpoly", "msg": "添加标签", "extra": {"mark": "high_volume", "market_id": "m2"}}
{"ts": "2025-11-23T07:31:45.833509Z", "level": "DEBUG", "event": "MARKET.MARKS.ADDED", "event_code": "MARKET.MARKS.ADDED", "trace_id": "TRC-20251123073145-1ada77c00f91", "service": "voidpoly", "msg": "添加标签", "extra": {"mark": "trending", "market_id": "m2"}}
{"ts": "2025-11-23T07:31:45.833509Z", "level": "DEBUG", "event": "MARKET.MARKS.ADDED", "event_code": "MARKET.MARKS.ADDED", "trace_id": "TRC-20251123073145-1ada77c00f91", "service": "voidpoly", "msg": "添加标签", "extra": {"mark": "sports", "market_id": "m2"}}
{"ts": "2025-11-23T07:31:45.833509Z", "level": "DEBUG", "event": "EVENT.MARKS.PROPAGATED", "event_code": "EVENT.MARKS.PROPAGATED", "trace_id": "TRC-20251123073145-1ada77c00f91", "service": "voidpoly", "msg": "标签已传播到关联市场", "extra": {"event_id": "test_event_2", "marks_count": 3, "markets_count": 2}}
{"ts": "2025-11-23T07:31:45.836512Z", "level": "WARN", "event": "MARKET.MARKS.INVALID", "event_code": "MARKET.MARKS.INVALID", "trace_id": "TRC-20251123073145-1ada77c00f91", "service": "voidpoly", "msg": "无效的标签", "extra": {"mark": "", "market_id": "test"}}
{"ts": "2025-11-23T07:31:45.836512Z", "level": "WARN", "event": "MARKET.MARKS.INVALID", "event_code": "MARKET.MARKS.INVALID", "trace_id": "TRC-20251123073145-1ada77c00f91", "service": "voidpoly", "msg": "无效的标签", "extra": {"mark": null, "market_id": "test"}}
{"ts": "2025-11-23T07:31:45.837513Z", "level": "DEBUG", "event": "MARKET.MARKS.ADDED", "event_code": "MARKET.MARKS.ADDED", "trace_id": "TRC-20251123073145-1ada77c00f91", "service": "voidpoly", "msg": "添加标签", "extra": {"mark": "duplicate", "market_id": "test"}}
{"ts": "2025-11-23T07:31:45.837513Z", "level": "DEBUG", "event": "MARKET.MARKS.ADDED", "event_code": "MARKET.MARKS.ADDED", "trace_id": "TRC-20251123073145-1ada77c00f91", "service": "voidpoly", "msg": "添加标签", "extra": {"mark": "duplicate", "market_id": "test"}}
{"ts": "2025-11-23T07:31:45.838515Z", "level": "DEBUG", "event": "MARKET.MARKS.ADDED", "event_code": "MARKET.MARKS.ADDED", "trace_id": "TRC-20251123073145-1ada77c00f91", "service": "voidpoly", "msg": "添加标签", "extra": {"mark": "  spaced  ", "market_id": "test"}}
{"ts": "2025-11-23T07:31:45.839516Z", "level": "INFO", "event": "API.CLIENT.INIT", "event_code": "EVT-PM-001", "trace_id": "TRC-20251123073145-1ada77c00f91", "service": "voidpoly", "msg": "Polymarket Gamma API 客户端初始化完成", "extra": {"base_url": "https://gamma-api.polymarket.com", "timeout": 30, "proxy_enabled": false}}
{"ts": "2025-11-23T07:31:45.840515Z", "level": "INFO", "event": "API.EVENT.NEW", "event_code": "API.EVENT.NEW", "trace_id": "TRC-20251123073145-1ada77c00f91", "service": "voidpoly", "msg": "获取新增事件"}
{"ts": "2025-11-23T07:31:45.841515Z", "level": "INFO", "event": "EVT-PM-006", "event_code": "EVT-PM-006", "trace_id": "TRC-20251123073145-1ada77c00f91", "service": "voidpoly", "msg": "获取事件列表", "extra": {"params": {"order": "createdAt", "ascending": "false", "limit": 2}}}
{"ts": "2025-11-23T07:31:45.841515Z", "level": "INFO", "event": "API.REQUEST.START", "event_code": "EVT-PM-002", "trace_id": "TRC-20251123073145-1ada77c00f91", "service": "voidpoly", "msg": "开始 API 请求", "extra": {"url": "https://gamma-api.polymarket.com/events", "params": {"order": "createdAt", "ascending": "false", "limit": 2}}}
{"ts": "2025-11-23T07:31:53.453787Z", "level": "INFO", "event": "API.REQUEST.SUCCESS", "event_code": "EVT-PM-003", "trace_id": "TRC-20251123073145-1ada77c00f91", "service": "voidpoly", "msg": "API 请求成功", "extra": {"url": "https://gamma-api.polymarket.com/events", "status_code": 200, "response_size": 11180}}
{"ts": "2025-11-23T07:31:53.453787Z", "level": "INFO", "event": "EVT-PM-006", "event_code": "EVT-PM-006", "trace_id": "TRC-20251123073145-1ada77c00f91", "service": "voidpoly", "msg": "事件列表获取完成", "extra": {"count": 2}}
{"ts": "2025-11-23T07:31:53.454795Z", "level": "DEBUG", "event": "EVENT.MARKS.ADDED", "event_code": "EVENT.MARKS.ADDED", "trace_id": "TRC-20251123073145-1ada77c00f91", "service": "voidpoly", "msg": "添加标签", "extra": {"mark": "test_mark", "event_id": "88192"}}
{"ts": "2025-11-23T07:31:53.454795Z", "level": "DEBUG", "event": "EVENT.MARKS.ADDED", "event_code": "EVENT.MARKS.ADDED", "trace_id": "TRC-20251123073145-1ada77c00f91", "service": "voidpoly", "msg": "添加标签", "extra": {"mark": "api_test", "event_id": "88192"}}
{"ts": "2025-11-23T07:31:53.455789Z", "level": "INFO", "event": "API.REQUEST.START", "event_code": "EVT-PM-002", "trace_id": "TRC-20251123073145-1ada77c00f91", "service": "voidpoly", "msg": "开始 API 请求", "extra": {"url": "https://gamma-api.polymarket.com/events/88192", "params": {}}}
{"ts": "2025-11-23T07:31:53.732056Z", "level": "INFO", "event": "API.REQUEST.SUCCESS", "event_code": "EVT-PM-003", "trace_id": "TRC-20251123073145-1ada77c00f91", "service": "voidpoly", "msg": "API 请求成功", "extra": {"url": "https://gamma-api.polymarket.com/events/88192", "status_code": 200, "response_size": 5602}}
{"ts": "2025-11-23T07:31:53.732056Z", "level": "INFO", "event": "API.EVENT.MARKETS", "event_code": "API.EVENT.MARKETS", "trace_id": "TRC-20251123073145-1ada77c00f91", "service": "voidpoly", "msg": "获取事件市场完成", "extra": {"event_id": "88192", "market_count": 1, "marks_propagated": false}}
{"ts": "2025-11-23T07:37:38.280542Z", "level": "INFO", "event": "EVT-1003", "event_code": "EVT-1003", "trace_id": "TRC-20251123073738-0a65a078b4b0", "service": "voidpoly", "msg": "全局事件注册完成", "extra": {"total_events": "50+", "total_errors": "30+"}}
{"ts": "2025-11-23T07:37:38.907418Z", "level": "DEBUG", "event": "MARKET.MARKS.ADDED", "event_code": "MARKET.MARKS.ADDED", "trace_id": "TRC-20251123073738-0a65a078b4b0", "service": "voidpoly", "msg": "添加标签", "extra": {"mark": "high_volume", "market_id": "test_market_1"}}
{"ts": "2025-11-23T07:37:38.907418Z", "level": "DEBUG", "event": "MARKET.MARKS.ADDED", "event_code": "MARKET.MARKS.ADDED", "trace_id": "TRC-20251123073738-0a65a078b4b0", "service": "voidpoly", "msg": "添加标签", "extra": {"mark": "crypto", "market_id": "test_market_1"}}
{"ts": "2025-11-23T07:37:38.908418Z", "level": "DEBUG", "event": "MARKET.MARKS.ADDED", "event_code": "MARKET.MARKS.ADDED", "trace_id": "TRC-20251123073738-0a65a078b4b0", "service": "voidpoly", "msg": "添加标签", "extra": {"mark": "trending", "market_id": "test_market_1"}}
{"ts": "2025-11-23T07:37:38.909055Z", "level": "DEBUG", "event": "MARKET.MARKS.REMOVED", "event_code": "MARKET.MARKS.REMOVED", "trace_id": "TRC-20251123073738-0a65a078b4b0", "service": "voidpoly", "msg": "移除标签", "extra": {"mark": "crypto", "market_id": "test_market_1"}}
{"ts": "2025-11-23T07:37:38.910021Z", "level": "DEBUG", "event": "MARKET.MARKS.NOT_FOUND", "event_code": "MARKET.MARKS.NOT_FOUND", "trace_id": "TRC-20251123073738-0a65a078b4b0", "service": "voidpoly", "msg": "标签不存在", "extra": {"mark": "nonexistent", "market_id": "test_market_1"}}
{"ts": "2025-11-23T07:37:38.911024Z", "level": "DEBUG", "event": "EVENT.MARKS.ADDED", "event_code": "EVENT.MARKS.ADDED", "trace_id": "TRC-20251123073738-0a65a078b4b0", "service": "voidpoly", "msg": "添加标签", "extra": {"mark": "important", "event_id": "test_event_1"}}
{"ts": "2025-11-23T07:37:38.911024Z", "level": "DEBUG", "event": "EVENT.MARKS.ADDED", "event_code": "EVENT.MARKS.ADDED", "trace_id": "TRC-20251123073738-0a65a078b4b0", "service": "voidpoly", "msg": "添加标签", "extra": {"mark": "crypto", "event_id": "test_event_1"}}
{"ts": "2025-11-23T07:37:38.912021Z", "level": "DEBUG", "event": "EVENT.MARKS.ADDED", "event_code": "EVENT.MARKS.ADDED", "trace_id": "TRC-20251123073738-0a65a078b4b0", "service": "voidpoly", "msg": "添加标签", "extra": {"mark": "high_priority", "event_id": "test_event_1"}}
{"ts": "2025-11-23T07:37:38.912021Z", "level": "DEBUG", "event": "EVENT.MARKS.REMOVED", "event_code": "EVENT.MARKS.REMOVED", "trace_id": "TRC-20251123073738-0a65a078b4b0", "service": "voidpoly", "msg": "移除标签", "extra": {"mark": "crypto", "event_id": "test_event_1"}}
{"ts": "2025-11-23T07:37:38.913019Z", "level": "DEBUG", "event": "EVENT.MARKS.ADDED", "event_code": "EVENT.MARKS.ADDED", "trace_id": "TRC-20251123073738-0a65a078b4b0", "service": "voidpoly", "msg": "添加标签", "extra": {"mark": "sports", "event_id": "test_event_2"}}
{"ts": "2025-11-23T07:37:38.914020Z", "level": "DEBUG", "event": "EVENT.MARKS.ADDED", "event_code": "EVENT.MARKS.ADDED", "trace_id": "TRC-20251123073738-0a65a078b4b0", "service": "voidpoly", "msg": "添加标签", "extra": {"mark": "high_volume", "event_id": "test_event_2"}}
{"ts": "2025-11-23T07:37:38.914020Z", "level": "DEBUG", "event": "EVENT.MARKS.ADDED", "event_code": "EVENT.MARKS.ADDED", "trace_id": "TRC-20251123073738-0a65a078b4b0", "service": "voidpoly", "msg": "添加标签", "extra": {"mark": "trending", "event_id": "test_event_2"}}
{"ts": "2025-11-23T07:37:38.915020Z", "level": "DEBUG", "event": "MARKET.MARKS.ADDED", "event_code": "MARKET.MARKS.ADDED", "trace_id": "TRC-20251123073738-0a65a078b4b0", "service": "voidpoly", "msg": "添加标签", "extra": {"mark": "sports", "market_id": "m1"}}
{"ts": "2025-11-23T07:37:38.915020Z", "level": "DEBUG", "event": "MARKET.MARKS.ADDED", "event_code": "MARKET.MARKS.ADDED", "trace_id": "TRC-20251123073738-0a65a078b4b0", "service": "voidpoly", "msg": "添加标签", "extra": {"mark": "trending", "market_id": "m1"}}
{"ts": "2025-11-23T07:37:38.916020Z", "level": "DEBUG", "event": "MARKET.MARKS.ADDED", "event_code": "MARKET.MARKS.ADDED", "trace_id": "TRC-20251123073738-0a65a078b4b0", "service": "voidpoly", "msg": "添加标签", "extra": {"mark": "high_volume", "market_id": "m1"}}
{"ts": "2025-11-23T07:37:38.916020Z", "level": "DEBUG", "event": "MARKET.MARKS.ADDED", "event_code": "MARKET.MARKS.ADDED", "trace_id": "TRC-20251123073738-0a65a078b4b0", "service": "voidpoly", "msg": "添加标签", "extra": {"mark": "sports", "market_id": "m2"}}
{"ts": "2025-11-23T07:37:38.916020Z", "level": "DEBUG", "event": "MARKET.MARKS.ADDED", "event_code": "MARKET.MARKS.ADDED", "trace_id": "TRC-20251123073738-0a65a078b4b0", "service": "voidpoly", "msg": "添加标签", "extra": {"mark": "trending", "market_id": "m2"}}
{"ts": "2025-11-23T07:37:38.917020Z", "level": "DEBUG", "event": "MARKET.MARKS.ADDED", "event_code": "MARKET.MARKS.ADDED", "trace_id": "TRC-20251123073738-0a65a078b4b0", "service": "voidpoly", "msg": "添加标签", "extra": {"mark": "high_volume", "market_id": "m2"}}
{"ts": "2025-11-23T07:37:38.917020Z", "level": "DEBUG", "event": "EVENT.MARKS.PROPAGATED", "event_code": "EVENT.MARKS.PROPAGATED", "trace_id": "TRC-20251123073738-0a65a078b4b0", "service": "voidpoly", "msg": "标签已传播到关联市场", "extra": {"event_id": "test_event_2", "marks_count": 3, "markets_count": 2}}
{"ts": "2025-11-23T07:37:38.918019Z", "level": "DEBUG", "event": "EVENT.MARKS.ADDED", "event_code": "EVENT.MARKS.ADDED", "trace_id": "TRC-20251123073738-0a65a078b4b0", "service": "voidpoly", "msg": "添加标签", "extra": {"mark": "crypto", "event_id": "test_event_3"}}
{"ts": "2025-11-23T07:37:38.919024Z", "level": "DEBUG", "event": "EVENT.MARKS.ADDED", "event_code": "EVENT.MARKS.ADDED", "trace_id": "TRC-20251123073738-0a65a078b4b0", "service": "voidpoly", "msg": "添加标签", "extra": {"mark": "important", "event_id": "test_event_3"}}
{"ts": "2025-11-23T07:37:38.919024Z", "level": "DEBUG", "event": "MARKET.MARKS.ADDED", "event_code": "MARKET.MARKS.ADDED", "trace_id": "TRC-20251123073738-0a65a078b4b0", "service": "voidpoly", "msg": "添加标签", "extra": {"mark": "important", "market_id": "m3"}}
{"ts": "2025-11-23T07:37:38.920020Z", "level": "DEBUG", "event": "MARKET.MARKS.ADDED", "event_code": "MARKET.MARKS.ADDED", "trace_id": "TRC-20251123073738-0a65a078b4b0", "service": "voidpoly", "msg": "添加标签", "extra": {"mark": "crypto", "market_id": "m3"}}
{"ts": "2025-11-23T07:37:38.920020Z", "level": "DEBUG", "event": "MARKET.MARKS.ADDED", "event_code": "MARKET.MARKS.ADDED", "trace_id": "TRC-20251123073738-0a65a078b4b0", "service": "voidpoly", "msg": "添加标签", "extra": {"mark": "important", "market_id": "m4"}}
{"ts": "2025-11-23T07:37:38.920020Z", "level": "DEBUG", "event": "MARKET.MARKS.ADDED", "event_code": "MARKET.MARKS.ADDED", "trace_id": "TRC-20251123073738-0a65a078b4b0", "service": "voidpoly", "msg": "添加标签", "extra": {"mark": "crypto", "market_id": "m4"}}
{"ts": "2025-11-23T07:37:38.921020Z", "level": "DEBUG", "event": "EVENT.MARKS.PROPAGATED", "event_code": "EVENT.MARKS.PROPAGATED", "trace_id": "TRC-20251123073738-0a65a078b4b0", "service": "voidpoly", "msg": "标签已传播到关联市场", "extra": {"event_id": "test_event_3", "marks_count": 2, "markets_count": 2}}
{"ts": "2025-11-23T07:37:38.923018Z", "level": "WARN", "event": "MARKET.MARKS.INVALID", "event_code": "MARKET.MARKS.INVALID", "trace_id": "TRC-20251123073738-0a65a078b4b0", "service": "voidpoly", "msg": "无效的标签", "extra": {"mark": "", "market_id": "test"}}
{"ts": "2025-11-23T07:37:38.923018Z", "level": "WARN", "event": "MARKET.MARKS.INVALID", "event_code": "MARKET.MARKS.INVALID", "trace_id": "TRC-20251123073738-0a65a078b4b0", "service": "voidpoly", "msg": "无效的标签", "extra": {"mark": null, "market_id": "test"}}
{"ts": "2025-11-23T07:37:38.923018Z", "level": "DEBUG", "event": "MARKET.MARKS.ADDED", "event_code": "MARKET.MARKS.ADDED", "trace_id": "TRC-20251123073738-0a65a078b4b0", "service": "voidpoly", "msg": "添加标签", "extra": {"mark": "duplicate", "market_id": "test"}}
{"ts": "2025-11-23T07:37:38.924021Z", "level": "DEBUG", "event": "MARKET.MARKS.ADDED", "event_code": "MARKET.MARKS.ADDED", "trace_id": "TRC-20251123073738-0a65a078b4b0", "service": "voidpoly", "msg": "添加标签", "extra": {"mark": "duplicate", "market_id": "test"}}
{"ts": "2025-11-23T07:37:38.924021Z", "level": "DEBUG", "event": "MARKET.MARKS.ADDED", "event_code": "MARKET.MARKS.ADDED", "trace_id": "TRC-20251123073738-0a65a078b4b0", "service": "voidpoly", "msg": "添加标签", "extra": {"mark": "  spaced  ", "market_id": "test"}}
{"ts": "2025-11-23T07:37:38.925022Z", "level": "INFO", "event": "API.CLIENT.INIT", "event_code": "EVT-PM-001", "trace_id": "TRC-20251123073738-0a65a078b4b0", "service": "voidpoly", "msg": "Polymarket Gamma API 客户端初始化完成", "extra": {"base_url": "https://gamma-api.polymarket.com", "timeout": 30, "proxy_enabled": false}}
{"ts": "2025-11-23T07:37:38.926019Z", "level": "INFO", "event": "API.EVENT.NEW", "event_code": "API.EVENT.NEW", "trace_id": "TRC-20251123073738-0a65a078b4b0", "service": "voidpoly", "msg": "获取新增事件"}
{"ts": "2025-11-23T07:37:38.926019Z", "level": "INFO", "event": "EVT-PM-006", "event_code": "EVT-PM-006", "trace_id": "TRC-20251123073738-0a65a078b4b0", "service": "voidpoly", "msg": "获取事件列表", "extra": {"params": {"order": "createdAt", "ascending": "false", "limit": 2}}}
{"ts": "2025-11-23T07:37:38.926019Z", "level": "INFO", "event": "API.REQUEST.START", "event_code": "EVT-PM-002", "trace_id": "TRC-20251123073738-0a65a078b4b0", "service": "voidpoly", "msg": "开始 API 请求", "extra": {"url": "https://gamma-api.polymarket.com/events", "params": {"order": "createdAt", "ascending": "false", "limit": 2}}}
{"ts": "2025-11-23T07:37:45.291890Z", "level": "INFO", "event": "API.REQUEST.SUCCESS", "event_code": "EVT-PM-003", "trace_id": "TRC-20251123073738-0a65a078b4b0", "service": "voidpoly", "msg": "API 请求成功", "extra": {"url": "https://gamma-api.polymarket.com/events", "status_code": 200, "response_size": 11180}}
{"ts": "2025-11-23T07:37:45.292873Z", "level": "INFO", "event": "EVT-PM-006", "event_code": "EVT-PM-006", "trace_id": "TRC-20251123073738-0a65a078b4b0", "service": "voidpoly", "msg": "事件列表获取完成", "extra": {"count": 2}}
{"ts": "2025-11-23T07:37:45.292873Z", "level": "DEBUG", "event": "EVENT.MARKS.ADDED", "event_code": "EVENT.MARKS.ADDED", "trace_id": "TRC-20251123073738-0a65a078b4b0", "service": "voidpoly", "msg": "添加标签", "extra": {"mark": "test_mark", "event_id": "88192"}}
{"ts": "2025-11-23T07:37:45.293874Z", "level": "DEBUG", "event": "EVENT.MARKS.ADDED", "event_code": "EVENT.MARKS.ADDED", "trace_id": "TRC-20251123073738-0a65a078b4b0", "service": "voidpoly", "msg": "添加标签", "extra": {"mark": "api_test", "event_id": "88192"}}
{"ts": "2025-11-23T07:37:45.293874Z", "level": "DEBUG", "event": "EVENT.MARKS.ADDED", "event_code": "EVENT.MARKS.ADDED", "trace_id": "TRC-20251123073738-0a65a078b4b0", "service": "voidpoly", "msg": "添加标签", "extra": {"mark": "important", "event_id": "88192"}}
{"ts": "2025-11-23T07:37:45.294876Z", "level": "DEBUG", "event": "MARKET.MARKS.ADDED", "event_code": "MARKET.MARKS.ADDED", "trace_id": "TRC-20251123073738-0a65a078b4b0", "service": "voidpoly", "msg": "添加标签", "extra": {"mark": "important", "market_id": "698076"}}
{"ts": "2025-11-23T07:37:45.294876Z", "level": "DEBUG", "event": "MARKET.MARKS.ADDED", "event_code": "MARKET.MARKS.ADDED", "trace_id": "TRC-20251123073738-0a65a078b4b0", "service": "voidpoly", "msg": "添加标签", "extra": {"mark": "api_test", "market_id": "698076"}}
{"ts": "2025-11-23T07:37:45.294876Z", "level": "DEBUG", "event": "MARKET.MARKS.ADDED", "event_code": "MARKET.MARKS.ADDED", "trace_id": "TRC-20251123073738-0a65a078b4b0", "service": "voidpoly", "msg": "添加标签", "extra": {"mark": "test_mark", "market_id": "698076"}}
{"ts": "2025-11-23T07:37:45.295873Z", "level": "DEBUG", "event": "EVENT.MARKS.PROPAGATED", "event_code": "EVENT.MARKS.PROPAGATED", "trace_id": "TRC-20251123073738-0a65a078b4b0", "service": "voidpoly", "msg": "标签已传播到关联市场", "extra": {"event_id": "88192", "marks_count": 3, "markets_count": 1}}
{"ts": "2025-11-23T07:37:45.296873Z", "level": "INFO", "event": "API.REQUEST.START", "event_code": "EVT-PM-002", "trace_id": "TRC-20251123073738-0a65a078b4b0", "service": "voidpoly", "msg": "开始 API 请求", "extra": {"url": "https://gamma-api.polymarket.com/events/88192", "params": {}}}
{"ts": "2025-11-23T07:37:45.587868Z", "level": "INFO", "event": "API.REQUEST.SUCCESS", "event_code": "EVT-PM-003", "trace_id": "TRC-20251123073738-0a65a078b4b0", "service": "voidpoly", "msg": "API 请求成功", "extra": {"url": "https://gamma-api.polymarket.com/events/88192", "status_code": 200, "response_size": 5605}}
{"ts": "2025-11-23T07:37:45.588432Z", "level": "INFO", "event": "API.EVENT.MARKETS", "event_code": "API.EVENT.MARKETS", "trace_id": "TRC-20251123073738-0a65a078b4b0", "service": "voidpoly", "msg": "获取事件市场完成", "extra": {"event_id": "88192", "market_count": 1, "marks_propagated": false}}
{"ts": "2025-11-23T07:38:45.111305Z", "level": "INFO", "event": "EVT-1003", "event_code": "EVT-1003", "trace_id": "TRC-20251123073845-b79e9c69ac5d", "service": "voidpoly", "msg": "全局事件注册完成", "extra": {"total_events": "50+", "total_errors": "30+"}}
{"ts": "2025-11-23T07:40:07.940351Z", "level": "INFO", "event": "API.CLIENT.INIT", "event_code": "EVT-PM-001", "trace_id": "TRC-20251123073845-b79e9c69ac5d", "service": "voidpoly", "msg": "Polymarket Gamma API 客户端初始化完成", "extra": {"base_url": "https://gamma-api.polymarket.com", "timeout": 30, "proxy_enabled": false}}
{"ts": "2025-11-23T07:40:07.940351Z", "level": "INFO", "event": "API.EVENT.NEW", "event_code": "API.EVENT.NEW", "trace_id": "TRC-20251123073845-b79e9c69ac5d", "service": "voidpoly", "msg": "获取新增事件"}
{"ts": "2025-11-23T07:40:07.941356Z", "level": "INFO", "event": "EVT-PM-006", "event_code": "EVT-PM-006", "trace_id": "TRC-20251123073845-b79e9c69ac5d", "service": "voidpoly", "msg": "获取事件列表", "extra": {"params": {"order": "createdAt", "ascending": "false", "limit": 10}}}
{"ts": "2025-11-23T07:40:07.941356Z", "level": "INFO", "event": "API.REQUEST.START", "event_code": "EVT-PM-002", "trace_id": "TRC-20251123073845-b79e9c69ac5d", "service": "voidpoly", "msg": "开始 API 请求", "extra": {"url": "https://gamma-api.polymarket.com/events", "params": {"order": "createdAt", "ascending": "false", "limit": 10}}}
{"ts": "2025-11-23T07:40:13.693596Z", "level": "INFO", "event": "API.REQUEST.SUCCESS", "event_code": "EVT-PM-003", "trace_id": "TRC-20251123073845-b79e9c69ac5d", "service": "voidpoly", "msg": "API 请求成功", "extra": {"url": "https://gamma-api.polymarket.com/events", "status_code": 200, "response_size": 57220}}
{"ts": "2025-11-23T07:40:13.694596Z", "level": "INFO", "event": "EVT-PM-006", "event_code": "EVT-PM-006", "trace_id": "TRC-20251123073845-b79e9c69ac5d", "service": "voidpoly", "msg": "事件列表获取完成", "extra": {"count": 10}}
{"ts": "2025-11-23T07:40:13.696353Z", "level": "INFO", "event": "FILTER.INIT", "event_code": "EVT-8001", "trace_id": "TRC-20251123073845-b79e9c69ac5d", "service": "voidpoly", "msg": "事件过滤器初始化完成", "extra": {"db_path": "backend/sys_configs/system_config.db"}}
{"ts": "2025-11-23T07:40:13.696353Z", "level": "INFO", "event": "FILTER.START", "event_code": "EVT-8002", "trace_id": "TRC-20251123073845-b79e9c69ac5d", "service": "voidpoly", "msg": "开始事件过滤流程", "extra": {"initial_count": 10}}
{"ts": "2025-11-23T07:40:13.704356Z", "level": "INFO", "event": "FILTER.TAG.COMPLETE", "event_code": "EVT-8022", "trace_id": "TRC-20251123073845-b79e9c69ac5d", "service": "voidpoly", "msg": "Tag 过滤完成", "extra": {"input_count": 10, "output_count": 10, "filtered_count": 0, "blacklist": ["china", "sports", "elections"]}}
{"ts": "2025-11-23T07:40:13.705371Z", "level": "DEBUG", "event": "FILTER.TITLE.SKIP", "event_code": "FILTER.TITLE.SKIP", "trace_id": "TRC-20251123073845-b79e9c69ac5d", "service": "voidpoly", "msg": "标题关键词黑名单为空，跳过过滤"}
{"ts": "2025-11-23T07:40:13.706368Z", "level": "DEBUG", "event": "FILTER.DESCRIPTION.SKIP", "event_code": "EVT-8033", "trace_id": "TRC-20251123073845-b79e9c69ac5d", "service": "voidpoly", "msg": "描述关键词黑名单为空，跳过过滤"}
{"ts": "2025-11-23T07:40:13.742016Z", "level": "INFO", "event": "FILTER.DATABASE.COMPLETE", "event_code": "EVT-8052", "trace_id": "TRC-20251123073845-b79e9c69ac5d", "service": "voidpoly", "msg": "数据库去重检查完成", "extra": {"input_count": 10, "output_count": 10, "filtered_count": 0}}
{"ts": "2025-11-23T07:40:14.349333Z", "level": "ERROR", "event": "EVT-8063", "event_code": "EVT-8063", "trace_id": "TRC-20251123073845-b79e9c69ac5d", "service": "voidpoly", "msg": "Coze AI调用失败", "error_code": "E-FILTER-005", "error_name": "FILTER_AI_ERROR", "extra": {"error": "code: 4101, msg: The token you entered is incorrect. Please double-check and try again. For more information, refer to https://coze.cn/docs/developer_guides/authentication, logid: 2025112315401168DE988D55695FE4E88C"}}
{"ts": "2025-11-23T07:40:14.414446Z", "level": "ERROR", "event": "EVT-8063", "event_code": "EVT-8063", "trace_id": "TRC-20251123073845-b79e9c69ac5d", "service": "voidpoly", "msg": "Coze AI调用失败", "error_code": "E-FILTER-005", "error_name": "FILTER_AI_ERROR", "extra": {"error": "code: 4101, msg: The token you entered is incorrect. Please double-check and try again. For more information, refer to https://coze.cn/docs/developer_guides/authentication, logid: 20251123154011D754A54865A32F102B70"}}
{"ts": "2025-11-23T07:40:14.471600Z", "level": "ERROR", "event": "EVT-8063", "event_code": "EVT-8063", "trace_id": "TRC-20251123073845-b79e9c69ac5d", "service": "voidpoly", "msg": "Coze AI调用失败", "error_code": "E-FILTER-005", "error_name": "FILTER_AI_ERROR", "extra": {"error": "code: 4101, msg: The token you entered is incorrect. Please double-check and try again. For more information, refer to https://coze.cn/docs/developer_guides/authentication, logid: 202511231540110D34D45C2739D0A0A32D"}}
{"ts": "2025-11-23T07:40:14.524965Z", "level": "ERROR", "event": "EVT-8063", "event_code": "EVT-8063", "trace_id": "TRC-20251123073845-b79e9c69ac5d", "service": "voidpoly", "msg": "Coze AI调用失败", "error_code": "E-FILTER-005", "error_name": "FILTER_AI_ERROR", "extra": {"error": "code: 4101, msg: The token you entered is incorrect. Please double-check and try again. For more information, refer to https://coze.cn/docs/developer_guides/authentication, logid: 20251123154011D8A3502DA43777CB64FA"}}
{"ts": "2025-11-23T07:40:14.574015Z", "level": "ERROR", "event": "EVT-8063", "event_code": "EVT-8063", "trace_id": "TRC-20251123073845-b79e9c69ac5d", "service": "voidpoly", "msg": "Coze AI调用失败", "error_code": "E-FILTER-005", "error_name": "FILTER_AI_ERROR", "extra": {"error": "code: 4101, msg: The token you entered is incorrect. Please double-check and try again. For more information, refer to https://coze.cn/docs/developer_guides/authentication, logid: 202511231540114F8170CE490AEE5E9E9C"}}
{"ts": "2025-11-23T07:40:14.623391Z", "level": "ERROR", "event": "EVT-8063", "event_code": "EVT-8063", "trace_id": "TRC-20251123073845-b79e9c69ac5d", "service": "voidpoly", "msg": "Coze AI调用失败", "error_code": "E-FILTER-005", "error_name": "FILTER_AI_ERROR", "extra": {"error": "code: 4101, msg: The token you entered is incorrect. Please double-check and try again. For more information, refer to https://coze.cn/docs/developer_guides/authentication, logid: 20251123154011F111DDA2B3FAC46C95F8"}}
{"ts": "2025-11-23T07:40:14.691038Z", "level": "ERROR", "event": "EVT-8063", "event_code": "EVT-8063", "trace_id": "TRC-20251123073845-b79e9c69ac5d", "service": "voidpoly", "msg": "Coze AI调用失败", "error_code": "E-FILTER-005", "error_name": "FILTER_AI_ERROR", "extra": {"error": "code: 4101, msg: The token you entered is incorrect. Please double-check and try again. For more information, refer to https://coze.cn/docs/developer_guides/authentication, logid: 20251123154011986E7CEC36AC81F699CA"}}
{"ts": "2025-11-23T07:40:14.758066Z", "level": "ERROR", "event": "EVT-8063", "event_code": "EVT-8063", "trace_id": "TRC-20251123073845-b79e9c69ac5d", "service": "voidpoly", "msg": "Coze AI调用失败", "error_code": "E-FILTER-005", "error_name": "FILTER_AI_ERROR", "extra": {"error": "code: 4101, msg: The token you entered is incorrect. Please double-check and try again. For more information, refer to https://coze.cn/docs/developer_guides/authentication, logid: 202511231540122F0104986CAF80D8098D"}}
{"ts": "2025-11-23T07:40:14.814258Z", "level": "ERROR", "event": "EVT-8063", "event_code": "EVT-8063", "trace_id": "TRC-20251123073845-b79e9c69ac5d", "service": "voidpoly", "msg": "Coze AI调用失败", "error_code": "E-FILTER-005", "error_name": "FILTER_AI_ERROR", "extra": {"error": "code: 4101, msg: The token you entered is incorrect. Please double-check and try again. For more information, refer to https://coze.cn/docs/developer_guides/authentication, logid: 202511231540120D34D45C2739D0A0A362"}}
{"ts": "2025-11-23T07:40:14.868316Z", "level": "ERROR", "event": "EVT-8063", "event_code": "EVT-8063", "trace_id": "TRC-20251123073845-b79e9c69ac5d", "service": "voidpoly", "msg": "Coze AI调用失败", "error_code": "E-FILTER-005", "error_name": "FILTER_AI_ERROR", "extra": {"error": "code: 4101, msg: The token you entered is incorrect. Please double-check and try again. For more information, refer to https://coze.cn/docs/developer_guides/authentication, logid: 20251123154012D8A3502DA43777CB6530"}}
{"ts": "2025-11-23T07:40:14.868316Z", "level": "INFO", "event": "FILTER.COMPLETE", "event_code": "EVT-8003", "trace_id": "TRC-20251123073845-b79e9c69ac5d", "service": "voidpoly", "msg": "事件过滤流程完成", "extra": {"initial_count": 10, "final_count": 10, "filtered_count": 0, "pass_rate": "100.00%"}}
{"ts": "2025-11-23T08:52:39.836523Z", "level": "INFO", "event": "EVT-1003", "event_code": "EVT-1003", "trace_id": "TRC-20251123085239-1661d83aea7f", "service": "voidpoly", "msg": "全局事件注册完成", "extra": {"total_events": "65+", "total_errors": "34+"}}
{"ts": "2025-11-23T08:52:39.839520Z", "level": "INFO", "event": "EVT-HC-001", "event_code": "EVT-HC-001", "trace_id": "TRC-20251123085239-1661d83aea7f", "service": "voidpoly", "msg": "健康检查器初始化完成", "extra": {"check_interval": 60, "endpoints_count": 3}}
{"ts": "2025-11-23T08:52:39.839520Z", "level": "INFO", "event": "EVT-HC-004", "event_code": "EVT-HC-004", "trace_id": "TRC-20251123085239-1661d83aea7f", "service": "voidpoly", "msg": "开始健康检查", "extra": {"endpoints_count": 3}}
{"ts": "2025-11-23T08:52:49.920904Z", "level": "WARN", "event": "EVT-HC-006", "event_code": "EVT-HC-006", "trace_id": "TRC-20251123085239-1661d83aea7f", "service": "voidpoly", "msg": "端点检查失败", "extra": {"endpoint_name": "Data API", "url": "https://data-api.polymarket.com/", "error_message": "请求超时（10秒）", "latency_ms": 10080.38}}
{"ts": "2025-11-23T08:52:49.921921Z", "level": "WARN", "event": "EVT-HC-006", "event_code": "EVT-HC-006", "trace_id": "TRC-20251123085239-1661d83aea7f", "service": "voidpoly", "msg": "端点检查失败", "extra": {"endpoint_name": "CLOB API", "url": "https://clob.polymarket.com/", "error_message": "连接错误: Cannot connect to host clob.polymarket.com:443 ssl:default [指定的网络名不再可用。]", "latency_ms": 367.64}}
{"ts": "2025-11-23T08:52:49.921921Z", "level": "WARN", "event": "EVT-HC-006", "event_code": "EVT-HC-006", "trace_id": "TRC-20251123085239-1661d83aea7f", "service": "voidpoly", "msg": "端点检查失败", "extra": {"endpoint_name": "Gamma API", "url": "https://gamma-api.polymarket.com/", "error_message": "请求超时（10秒）", "latency_ms": 10046.39}}
{"ts": "2025-11-23T08:52:49.922915Z", "level": "INFO", "event": "EVT-HC-007", "event_code": "EVT-HC-007", "trace_id": "TRC-20251123085239-1661d83aea7f", "service": "voidpoly", "msg": "健康检查完成", "extra": {"total_endpoints": 3, "success_count": 0, "failed_count": 3, "avg_latency_ms": 0}}
{"ts": "2025-11-23T08:52:49.924907Z", "level": "INFO", "event": "EVT-HC-013", "event_code": "EVT-HC-013", "trace_id": "TRC-20251123085239-1661d83aea7f", "service": "voidpoly", "msg": "健康检查器已启动", "extra": {"check_interval": 60}}
{"ts": "2025-11-23T08:52:49.924907Z", "level": "INFO", "event": "EVT-HC-008", "event_code": "EVT-HC-008", "trace_id": "TRC-20251123085239-1661d83aea7f", "service": "voidpoly", "msg": "定时健康检查循环启动", "extra": {"check_interval": 60}}
{"ts": "2025-11-23T08:52:49.925913Z", "level": "INFO", "event": "EVT-HC-004", "event_code": "EVT-HC-004", "trace_id": "TRC-20251123085239-1661d83aea7f", "service": "voidpoly", "msg": "开始健康检查", "extra": {"endpoints_count": 3}}
{"ts": "2025-11-23T08:52:59.938566Z", "level": "WARN", "event": "EVT-HC-006", "event_code": "EVT-HC-006", "trace_id": "TRC-20251123085239-1661d83aea7f", "service": "voidpoly", "msg": "端点检查失败", "extra": {"endpoint_name": "Data API", "url": "https://data-api.polymarket.com/", "error_message": "请求超时（10秒）", "latency_ms": 10012.65}}
{"ts": "2025-11-23T08:52:59.939572Z", "level": "WARN", "event": "EVT-HC-006", "event_code": "EVT-HC-006", "trace_id": "TRC-20251123085239-1661d83aea7f", "service": "voidpoly", "msg": "端点检查失败", "extra": {"endpoint_name": "CLOB API", "url": "https://clob.polymarket.com/", "error_message": "连接错误: Cannot connect to host clob.polymarket.com:443 ssl:default [指定的网络名不再可用。]", "latency_ms": 358.99}}
{"ts": "2025-11-23T08:52:59.940572Z", "level": "WARN", "event": "EVT-HC-006", "event_code": "EVT-HC-006", "trace_id": "TRC-20251123085239-1661d83aea7f", "service": "voidpoly", "msg": "端点检查失败", "extra": {"endpoint_name": "Gamma API", "url": "https://gamma-api.polymarket.com/", "error_message": "请求超时（10秒）", "latency_ms": 10011.65}}
{"ts": "2025-11-23T08:52:59.940572Z", "level": "INFO", "event": "EVT-HC-007", "event_code": "EVT-HC-007", "trace_id": "TRC-20251123085239-1661d83aea7f", "service": "voidpoly", "msg": "健康检查完成", "extra": {"total_endpoints": 3, "success_count": 0, "failed_count": 3, "avg_latency_ms": 0}}
{"ts": "2025-11-23T08:53:59.956206Z", "level": "INFO", "event": "EVT-HC-004", "event_code": "EVT-HC-004", "trace_id": "TRC-20251123085239-1661d83aea7f", "service": "voidpoly", "msg": "开始健康检查", "extra": {"endpoints_count": 3}}
{"ts": "2025-11-23T08:54:04.092106Z", "level": "INFO", "event": "EVT-HC-009", "event_code": "EVT-HC-009", "trace_id": "TRC-20251123085239-1661d83aea7f", "service": "voidpoly", "msg": "定时健康检查循环被取消"}
{"ts": "2025-11-23T08:54:04.093096Z", "level": "INFO", "event": "EVT-HC-011", "event_code": "EVT-HC-011", "trace_id": "TRC-20251123085239-1661d83aea7f", "service": "voidpoly", "msg": "定时健康检查循环已停止"}
{"ts": "2025-11-23T12:05:56.739806Z", "level": "INFO", "event": "EVT-1003", "event_code": "EVT-1003", "trace_id": "TRC-20251123120556-1f557029c4d4", "service": "voidpoly", "msg": "全局事件注册完成", "extra": {"total_events": "65+", "total_errors": "34+"}}
{"ts": "2025-11-23T12:06:13.225012Z", "level": "INFO", "event": "API.CLIENT.INIT", "event_code": "EVT-PM-001", "trace_id": "TRC-20251123120556-1f557029c4d4", "service": "voidpoly", "msg": "Polymarket Gamma API 客户端初始化完成", "extra": {"base_url": "https://gamma-api.polymarket.com", "timeout": 30, "proxy_enabled": false}}
{"ts": "2025-11-23T12:06:13.225012Z", "level": "INFO", "event": "API.MARKET.ACTIVE", "event_code": "API.MARKET.ACTIVE", "trace_id": "TRC-20251123120556-1f557029c4d4", "service": "voidpoly", "msg": "获取活跃市场"}
{"ts": "2025-11-23T12:06:13.225012Z", "level": "INFO", "event": "API.MARKET.FETCH", "event_code": "EVT-PM-005", "trace_id": "TRC-20251123120556-1f557029c4d4", "service": "voidpoly", "msg": "获取市场列表", "extra": {"params": {"limit": 1, "closed": "false"}}}
{"ts": "2025-11-23T12:06:13.226019Z", "level": "INFO", "event": "API.REQUEST.START", "event_code": "EVT-PM-002", "trace_id": "TRC-20251123120556-1f557029c4d4", "service": "voidpoly", "msg": "开始 API 请求", "extra": {"url": "https://gamma-api.polymarket.com/markets", "params": {"limit": 1, "closed": "false"}}}
{"ts": "2025-11-23T12:06:19.255629Z", "level": "INFO", "event": "API.REQUEST.SUCCESS", "event_code": "EVT-PM-003", "trace_id": "TRC-20251123120556-1f557029c4d4", "service": "voidpoly", "msg": "API 请求成功", "extra": {"url": "https://gamma-api.polymarket.com/markets", "status_code": 200, "response_size": 2958}}
{"ts": "2025-11-23T12:06:19.255629Z", "level": "INFO", "event": "API.MARKET.FETCH", "event_code": "EVT-PM-005", "trace_id": "TRC-20251123120556-1f557029c4d4", "service": "voidpoly", "msg": "市场列表获取完成", "extra": {"count": 1}}
{"ts": "2025-11-23T12:07:01.443186Z", "level": "INFO", "event": "API.CLIENT.INIT", "event_code": "EVT-PM-001", "trace_id": "TRC-20251123120556-1f557029c4d4", "service": "voidpoly", "msg": "Polymarket Gamma API 客户端初始化完成", "extra": {"base_url": "https://gamma-api.polymarket.com", "timeout": 30, "proxy_enabled": false}}
{"ts": "2025-11-23T12:07:01.444187Z", "level": "INFO", "event": "API.EVENT.NEW", "event_code": "API.EVENT.NEW", "trace_id": "TRC-20251123120556-1f557029c4d4", "service": "voidpoly", "msg": "获取新增事件"}
{"ts": "2025-11-23T12:07:01.444187Z", "level": "INFO", "event": "EVT-PM-006", "event_code": "EVT-PM-006", "trace_id": "TRC-20251123120556-1f557029c4d4", "service": "voidpoly", "msg": "获取事件列表", "extra": {"params": {"order": "createdAt", "ascending": "false", "limit": 1}}}
{"ts": "2025-11-23T12:07:01.445182Z", "level": "INFO", "event": "API.REQUEST.START", "event_code": "EVT-PM-002", "trace_id": "TRC-20251123120556-1f557029c4d4", "service": "voidpoly", "msg": "开始 API 请求", "extra": {"url": "https://gamma-api.polymarket.com/events", "params": {"order": "createdAt", "ascending": "false", "limit": 1}}}
{"ts": "2025-11-23T12:07:07.202151Z", "level": "INFO", "event": "API.REQUEST.SUCCESS", "event_code": "EVT-PM-003", "trace_id": "TRC-20251123120556-1f557029c4d4", "service": "voidpoly", "msg": "API 请求成功", "extra": {"url": "https://gamma-api.polymarket.com/events", "status_code": 200, "response_size": 5818}}
{"ts": "2025-11-23T12:07:07.202151Z", "level": "INFO", "event": "EVT-PM-006", "event_code": "EVT-PM-006", "trace_id": "TRC-20251123120556-1f557029c4d4", "service": "voidpoly", "msg": "事件列表获取完成", "extra": {"count": 1}}
{"ts": "2025-11-23T12:15:15.712778Z", "level": "INFO", "event": "API.CLIENT.INIT", "event_code": "EVT-PM-001", "trace_id": "TRC-20251123120556-1f557029c4d4", "service": "voidpoly", "msg": "Polymarket Gamma API 客户端初始化完成", "extra": {"base_url": "https://gamma-api.polymarket.com", "timeout": 30, "proxy_enabled": false}}
{"ts": "2025-11-23T12:16:25.976838Z", "level": "INFO", "event": "API.REQUEST.START", "event_code": "EVT-PM-002", "trace_id": "TRC-20251123120556-1f557029c4d4", "service": "voidpoly", "msg": "开始 API 请求", "extra": {"url": "https://gamma-api.polymarket.com/markets/slug/will-japanese-pm-apologize-for-china-comments-in-2025", "params": {}}}
{"ts": "2025-11-23T12:16:31.614107Z", "level": "INFO", "event": "API.REQUEST.SUCCESS", "event_code": "EVT-PM-003", "trace_id": "TRC-20251123120556-1f557029c4d4", "service": "voidpoly", "msg": "API 请求成功", "extra": {"url": "https://gamma-api.polymarket.com/markets/slug/will-japanese-pm-apologize-for-china-comments-in-2025", "status_code": 200, "response_size": 5135}}
{"ts": "2025-11-23T12:45:00.015430Z", "level": "INFO", "event": "EVT-1003", "event_code": "EVT-1003", "trace_id": "TRC-20251123124500-0b21906770e1", "service": "voidpoly", "msg": "全局事件注册完成", "extra": {"total_events": "65+", "total_errors": "34+"}}
{"ts": "2025-11-23T12:45:00.697058Z", "level": "INFO", "event": "AUTO_TRADE.CONFIG.TABLE_CREATED", "event_code": "AUTO_TRADE.CONFIG.TABLE_CREATED", "trace_id": "TRC-20251123124500-0b21906770e1", "service": "voidpoly", "msg": "自动交易配置表创建成功"}
{"ts": "2025-11-23T12:45:00.698058Z", "level": "INFO", "event": "AUTO_TRADE.CONFIG.INIT", "event_code": "AUTO_TRADE.CONFIG.INIT", "trace_id": "TRC-20251123124500-0b21906770e1", "service": "voidpoly", "msg": "自动交易配置管理器初始化"}
{"ts": "2025-11-23T12:45:00.699066Z", "level": "INFO", "event": "AUTO_TRADE.CONFIG.USE_DEFAULT", "event_code": "AUTO_TRADE.CONFIG.USE_DEFAULT", "trace_id": "TRC-20251123124500-0b21906770e1", "service": "voidpoly", "msg": "使用默认配置"}
{"ts": "2025-11-23T12:45:00.704060Z", "level": "INFO", "event": "AUTO_TRADE.CONFIG.SAVED", "event_code": "AUTO_TRADE.CONFIG.SAVED", "trace_id": "TRC-20251123124500-0b21906770e1", "service": "voidpoly", "msg": "配置保存成功", "extra": {"config_count": 18}}
{"ts": "2025-11-23T12:45:04.505815Z", "level": "INFO", "event": "AUTO_TRADE.INIT", "event_code": "EVT-AT-001", "trace_id": "TRC-20251123124500-0b21906770e1", "service": "voidpoly", "msg": "自动交易器初始化"}
{"ts": "2025-11-23T12:45:27.843731Z", "level": "INFO", "event": "AUTO_TRADE.ANALYZE_ORDERBOOK", "event_code": "EVT-AT-004", "trace_id": "TRC-20251123124500-0b21906770e1", "service": "voidpoly", "msg": "分析订单簿", "extra": {"token_id": "106822493332288979545624296323132357318038282484639526098575486650672393120833"}}
{"ts": "2025-11-23T12:45:27.844734Z", "level": "ERROR", "event": "AUTO_TRADE.ANALYZE_ORDERBOOK_ERROR", "event_code": "AUTO_TRADE.ANALYZE_ORDERBOOK_ERROR", "trace_id": "TRC-20251123124500-0b21906770e1", "service": "voidpoly", "msg": "订单簿分析失败", "error_code": "E-AT-003", "error_name": "ANALYZE_ORDERBOOK_ERROR", "extra": {"token_id": "106822493332288979545624296323132357318038282484639526098575486650672393120833", "error": "'NoneType' object has no attribute 'get_orderbook'"}}
{"ts": "2025-11-23T12:47:09.178982Z", "level": "INFO", "event": "EVT-1003", "event_code": "EVT-1003", "trace_id": "TRC-20251123124709-4c82caf96796", "service": "voidpoly", "msg": "全局事件注册完成", "extra": {"total_events": "65+", "total_errors": "34+"}}
{"ts": "2025-11-23T12:47:12.696408Z", "level": "INFO", "event": "EVT-1003", "event_code": "EVT-1003", "trace_id": "TRC-20251123124712-e38644b95bbf", "service": "voidpoly", "msg": "全局事件注册完成", "extra": {"total_events": "65+", "total_errors": "34+"}}
{"ts": "2025-11-23T12:47:12.704424Z", "level": "INFO", "event": "AUTO_TRADE.CONFIG.TABLE_CREATED", "event_code": "EVT-AT-020", "trace_id": "TRC-20251123124712-e38644b95bbf", "service": "voidpoly", "msg": "自动交易配置表创建成功"}
{"ts": "2025-11-23T12:47:12.705420Z", "level": "INFO", "event": "AUTO_TRADE.CONFIG.INIT", "event_code": "EVT-AT-014", "trace_id": "TRC-20251123124712-e38644b95bbf", "service": "voidpoly", "msg": "自动交易配置管理器初始化"}
{"ts": "2025-11-23T12:47:12.706412Z", "level": "INFO", "event": "AUTO_TRADE.CONFIG.LOADED", "event_code": "EVT-AT-015", "trace_id": "TRC-20251123124712-e38644b95bbf", "service": "voidpoly", "msg": "配置加载成功", "extra": {"config_count": 18}}
{"ts": "2025-11-23T12:47:59.621226Z", "level": "INFO", "event": "EVT-1003", "event_code": "EVT-1003", "trace_id": "TRC-20251123124759-dea40e431b50", "service": "voidpoly", "msg": "全局事件注册完成", "extra": {"total_events": "65+", "total_errors": "34+"}}
{"ts": "2025-11-23T12:47:59.630229Z", "level": "INFO", "event": "AUTO_TRADE.CONFIG.TABLE_CREATED", "event_code": "EVT-AT-020", "trace_id": "TRC-20251123124759-dea40e431b50", "service": "voidpoly", "msg": "自动交易配置表创建成功"}
{"ts": "2025-11-23T12:47:59.630229Z", "level": "INFO", "event": "AUTO_TRADE.CONFIG.INIT", "event_code": "EVT-AT-014", "trace_id": "TRC-20251123124759-dea40e431b50", "service": "voidpoly", "msg": "自动交易配置管理器初始化"}
{"ts": "2025-11-23T12:47:59.631224Z", "level": "INFO", "event": "AUTO_TRADE.CONFIG.LOADED", "event_code": "EVT-AT-015", "trace_id": "TRC-20251123124759-dea40e431b50", "service": "voidpoly", "msg": "配置加载成功", "extra": {"config_count": 18}}
{"ts": "2025-11-23T14:27:06.148279Z", "level": "INFO", "event": "EVT-1003", "event_code": "EVT-1003", "trace_id": "TRC-20251123142706-8af663d8505b", "service": "voidpoly", "msg": "全局事件注册完成", "extra": {"total_events": "65+", "total_errors": "34+"}}
{"ts": "2025-11-23T14:27:48.284187Z", "level": "INFO", "event": "EVT-1003", "event_code": "EVT-1003", "trace_id": "TRC-20251123142748-845671bb1721", "service": "voidpoly", "msg": "全局事件注册完成", "extra": {"total_events": "65+", "total_errors": "34+"}}
{"ts": "2025-11-23T14:27:50.424516Z", "level": "INFO", "event": "AUTO_TRADE.CONFIG.TABLE_CREATED", "event_code": "EVT-AT-020", "trace_id": "TRC-20251123142748-845671bb1721", "service": "voidpoly", "msg": "自动交易配置表创建成功"}
{"ts": "2025-11-23T14:27:50.424516Z", "level": "INFO", "event": "AUTO_TRADE.CONFIG.INIT", "event_code": "EVT-AT-014", "trace_id": "TRC-20251123142748-845671bb1721", "service": "voidpoly", "msg": "自动交易配置管理器初始化"}
{"ts": "2025-11-23T14:27:50.425514Z", "level": "INFO", "event": "AUTO_TRADE.CONFIG.LOADED", "event_code": "EVT-AT-015", "trace_id": "TRC-20251123142748-845671bb1721", "service": "voidpoly", "msg": "配置加载成功", "extra": {"config_count": 18}}
{"ts": "2025-11-23T14:29:48.001335Z", "level": "INFO", "event": "EVT-1003", "event_code": "EVT-1003", "trace_id": "TRC-20251123142948-b7093fa1ca2c", "service": "voidpoly", "msg": "全局事件注册完成", "extra": {"total_events": "65+", "total_errors": "34+"}}
{"ts": "2025-11-23T14:49:21.947994Z", "level": "INFO", "event": "EVT-1003", "event_code": "EVT-1003", "trace_id": "TRC-20251123144921-8ac18bb7abe7", "service": "voidpoly", "msg": "全局事件注册完成", "extra": {"total_events": "65+", "total_errors": "34+"}}
{"ts": "2025-11-23T14:50:52.444851Z", "level": "INFO", "event": "EVT-1003", "event_code": "EVT-1003", "trace_id": "TRC-20251123145052-79b2c228e1af", "service": "voidpoly", "msg": "全局事件注册完成", "extra": {"total_events": "65+", "total_errors": "34+"}}
{"ts": "2025-11-23T14:51:18.576983Z", "level": "INFO", "event": "EVT-1003", "event_code": "EVT-1003", "trace_id": "TRC-20251123145118-c842713ac0c8", "service": "voidpoly", "msg": "全局事件注册完成", "extra": {"total_events": "65+", "total_errors": "34+"}}
{"ts": "2025-11-23T14:51:18.582986Z", "level": "INFO", "event": "API.SERVER.START", "event_code": "API.SERVER.START", "trace_id": "TRC-20251123145118-c842713ac0c8", "service": "voidpoly", "msg": "API 服务器启动", "extra": {"host": "0.0.0.0", "port": 5000}}
{"ts": "2025-11-23T14:51:19.071290Z", "level": "INFO", "event": "EVT-1003", "event_code": "EVT-1003", "trace_id": "TRC-20251123145119-3607a8255574", "service": "voidpoly", "msg": "全局事件注册完成", "extra": {"total_events": "65+", "total_errors": "34+"}}
{"ts": "2025-11-23T14:51:19.076292Z", "level": "INFO", "event": "API.SERVER.START", "event_code": "API.SERVER.START", "trace_id": "TRC-20251123145119-3607a8255574", "service": "voidpoly", "msg": "API 服务器启动", "extra": {"host": "0.0.0.0", "port": 5000}}
{"ts": "2025-11-23T14:55:41.185618Z", "level": "INFO", "event": "EVT-1003", "event_code": "EVT-1003", "trace_id": "TRC-20251123145541-180658c5e223", "service": "voidpoly", "msg": "全局事件注册完成", "extra": {"total_events": "65+", "total_errors": "34+"}}
{"ts": "2025-11-23T14:55:41.190612Z", "level": "INFO", "event": "API.SERVER.START", "event_code": "API.SERVER.START", "trace_id": "TRC-20251123145541-180658c5e223", "service": "voidpoly", "msg": "API 服务器启动", "extra": {"host": "0.0.0.0", "port": 5000}}
{"ts": "2025-11-23T14:55:41.596212Z", "level": "INFO", "event": "EVT-1003", "event_code": "EVT-1003", "trace_id": "TRC-20251123145541-d0788ff83d64", "service": "voidpoly", "msg": "全局事件注册完成", "extra": {"total_events": "65+", "total_errors": "34+"}}
{"ts": "2025-11-23T14:55:41.601210Z", "level": "INFO", "event": "API.SERVER.START", "event_code": "API.SERVER.START", "trace_id": "TRC-20251123145541-d0788ff83d64", "service": "voidpoly", "msg": "API 服务器启动", "extra": {"host": "0.0.0.0", "port": 5000}}
{"ts": "2025-11-23T15:00:00.862080Z", "level": "INFO", "event": "EVT-1003", "event_code": "EVT-1003", "trace_id": "TRC-20251123150000-d06a0343e659", "service": "voidpoly", "msg": "全局事件注册完成", "extra": {"total_events": "65+", "total_errors": "34+"}}
{"ts": "2025-11-23T15:00:00.868068Z", "level": "INFO", "event": "API.SERVER.START", "event_code": "API.SERVER.START", "trace_id": "TRC-20251123150000-d06a0343e659", "service": "voidpoly", "msg": "API 服务器启动", "extra": {"host": "0.0.0.0", "port": 5000}}
{"ts": "2025-11-23T15:02:38.158691Z", "level": "WARN", "event": "AUTH.LOGIN.FAILED", "event_code": "AUTH.LOGIN.FAILED", "trace_id": "TRC-20251123150238-2649861bb2ba", "service": "voidpoly", "msg": "登录失败", "extra": {"username": "voidfun", "ip": "127.0.0.1"}}
{"ts": "2025-11-23T15:02:52.283354Z", "level": "INFO", "event": "AUTH.LOGIN.SUCCESS", "event_code": "AUTH.LOGIN.SUCCESS", "trace_id": "TRC-20251123150252-f352caca63c0", "service": "voidpoly", "msg": "登录成功", "extra": {"username": "admin", "role": "admin", "ip": "127.0.0.1"}}
{"ts": "2025-11-23T15:18:41.321695Z", "level": "INFO", "event": "EVT-1003", "event_code": "EVT-1003", "trace_id": "TRC-20251123151841-6a063b20320b", "service": "voidpoly", "msg": "全局事件注册完成", "extra": {"total_events": "65+", "total_errors": "34+"}}
{"ts": "2025-11-23T15:18:41.328768Z", "level": "INFO", "event": "API.SERVER.START", "event_code": "API.SERVER.START", "trace_id": "TRC-20251123151841-6a063b20320b", "service": "voidpoly", "msg": "API 服务器启动", "extra": {"host": "0.0.0.0", "port": 5000}}
{"ts": "2025-11-23T15:18:52.692918Z", "level": "INFO", "event": "EVT-1003", "event_code": "EVT-1003", "trace_id": "TRC-20251123151852-9b6c7d46f4b4", "service": "voidpoly", "msg": "全局事件注册完成", "extra": {"total_events": "65+", "total_errors": "34+"}}
{"ts": "2025-11-23T15:18:52.726250Z", "level": "INFO", "event": "API.SERVER.START", "event_code": "API.SERVER.START", "trace_id": "TRC-20251123151852-9b6c7d46f4b4", "service": "voidpoly", "msg": "API 服务器启动", "extra": {"host": "0.0.0.0", "port": 5000}}
{"ts": "2025-11-23T15:19:05.849858Z", "level": "INFO", "event": "EVT-1003", "event_code": "EVT-1003", "trace_id": "TRC-20251123151905-b1eec16227dc", "service": "voidpoly", "msg": "全局事件注册完成", "extra": {"total_events": "65+", "total_errors": "34+"}}
{"ts": "2025-11-23T15:19:05.867860Z", "level": "INFO", "event": "API.SERVER.START", "event_code": "API.SERVER.START", "trace_id": "TRC-20251123151905-b1eec16227dc", "service": "voidpoly", "msg": "API 服务器启动", "extra": {"host": "0.0.0.0", "port": 5000}}
{"ts": "2025-11-23T15:19:35.417998Z", "level": "INFO", "event": "EVT-1003", "event_code": "EVT-1003", "trace_id": "TRC-20251123151935-7009137f4e1f", "service": "voidpoly", "msg": "全局事件注册完成", "extra": {"total_events": "65+", "total_errors": "34+"}}
{"ts": "2025-11-23T15:19:35.437577Z", "level": "INFO", "event": "API.SERVER.START", "event_code": "API.SERVER.START", "trace_id": "TRC-20251123151935-7009137f4e1f", "service": "voidpoly", "msg": "API 服务器启动", "extra": {"host": "0.0.0.0", "port": 5000}}
{"ts": "2025-11-23T15:19:49.423972Z", "level": "INFO", "event": "EVT-1003", "event_code": "EVT-1003", "trace_id": "TRC-20251123151949-a2a3c86192c9", "service": "voidpoly", "msg": "全局事件注册完成", "extra": {"total_events": "65+", "total_errors": "34+"}}
{"ts": "2025-11-23T15:19:49.444434Z", "level": "INFO", "event": "API.SERVER.START", "event_code": "API.SERVER.START", "trace_id": "TRC-20251123151949-a2a3c86192c9", "service": "voidpoly", "msg": "API 服务器启动", "extra": {"host": "0.0.0.0", "port": 5000}}
{"ts": "2025-11-23T15:28:31.853149Z", "level": "INFO", "event": "EVT-1003", "event_code": "EVT-1003", "trace_id": "TRC-20251123152831-7973da539618", "service": "voidpoly", "msg": "全局事件注册完成", "extra": {"total_events": "65+", "total_errors": "34+"}}
{"ts": "2025-11-23T15:28:31.874129Z", "level": "INFO", "event": "API.SERVER.START", "event_code": "API.SERVER.START", "trace_id": "TRC-20251123152831-7973da539618", "service": "voidpoly", "msg": "API 服务器启动", "extra": {"host": "0.0.0.0", "port": 5000}}
{"ts": "2025-11-23T15:29:12.700059Z", "level": "INFO", "event": "AUTH.LOGOUT.SUCCESS", "event_code": "AUTH.LOGOUT.SUCCESS", "trace_id": "TRC-20251123152912-638e39ccacce", "service": "voidpoly", "msg": "登出成功", "extra": {"username": "admin"}}
{"ts": "2025-11-23T15:29:14.753418Z", "level": "WARN", "event": "AUTH.LOGIN.FAILED", "event_code": "AUTH.LOGIN.FAILED", "trace_id": "TRC-20251123152914-8f761dc3bfd6", "service": "voidpoly", "msg": "登录失败", "extra": {"username": "voidfun", "ip": "127.0.0.1"}}
{"ts": "2025-11-23T15:29:21.652784Z", "level": "INFO", "event": "AUTH.LOGIN.SUCCESS", "event_code": "AUTH.LOGIN.SUCCESS", "trace_id": "TRC-20251123152921-6b32a53635a5", "service": "voidpoly", "msg": "登录成功", "extra": {"username": "admin", "role": "admin", "ip": "127.0.0.1"}}
{"ts": "2025-11-23T15:37:46.209630Z", "level": "INFO", "event": "EVT-1003", "event_code": "EVT-1003", "trace_id": "TRC-20251123153746-84783013456b", "service": "voidpoly", "msg": "全局事件注册完成", "extra": {"total_events": "65+", "total_errors": "34+"}}
{"ts": "2025-11-23T15:37:46.228610Z", "level": "INFO", "event": "API.SERVER.START", "event_code": "API.SERVER.START", "trace_id": "TRC-20251123153746-84783013456b", "service": "voidpoly", "msg": "API 服务器启动", "extra": {"host": "0.0.0.0", "port": 5000}}
{"ts": "2025-11-23T15:37:49.280757Z", "level": "INFO", "event": "EVT-1003", "event_code": "EVT-1003", "trace_id": "TRC-20251123153749-64de6cea4ed1", "service": "voidpoly", "msg": "全局事件注册完成", "extra": {"total_events": "65+", "total_errors": "34+"}}
{"ts": "2025-11-23T15:37:49.299684Z", "level": "INFO", "event": "API.SERVER.START", "event_code": "API.SERVER.START", "trace_id": "TRC-20251123153749-64de6cea4ed1", "service": "voidpoly", "msg": "API 服务器启动", "extra": {"host": "0.0.0.0", "port": 5000}}
{"ts": "2025-11-23T15:44:29.549924Z", "level": "INFO", "event": "EVT-1003", "event_code": "EVT-1003", "trace_id": "TRC-20251123154429-25a7b3eb3bae", "service": "voidpoly", "msg": "全局事件注册完成", "extra": {"total_events": "65+", "total_errors": "34+"}}
{"ts": "2025-11-23T15:44:29.568934Z", "level": "INFO", "event": "API.SERVER.START", "event_code": "API.SERVER.START", "trace_id": "TRC-20251123154429-25a7b3eb3bae", "service": "voidpoly", "msg": "API 服务器启动", "extra": {"host": "0.0.0.0", "port": 5000}}
{"ts": "2025-11-23T15:45:11.357402Z", "level": "INFO", "event": "EVT-1003", "event_code": "EVT-1003", "trace_id": "TRC-20251123154511-b7ec51b76cf5", "service": "voidpoly", "msg": "全局事件注册完成", "extra": {"total_events": "65+", "total_errors": "34+"}}
{"ts": "2025-11-23T15:45:11.377695Z", "level": "INFO", "event": "API.SERVER.START", "event_code": "API.SERVER.START", "trace_id": "TRC-20251123154511-b7ec51b76cf5", "service": "voidpoly", "msg": "API 服务器启动", "extra": {"host": "0.0.0.0", "port": 5000}}
{"ts": "2025-11-23T16:43:13.096117Z", "level": "INFO", "event": "EVT-1003", "event_code": "EVT-1003", "trace_id": "TRC-20251123164313-e38a8ef67d07", "service": "voidpoly", "msg": "全局事件注册完成", "extra": {"total_events": "65+", "total_errors": "34+"}}
{"ts": "2025-11-23T16:43:13.118118Z", "level": "INFO", "event": "API.SERVER.START", "event_code": "API.SERVER.START", "trace_id": "TRC-20251123164313-e38a8ef67d07", "service": "voidpoly", "msg": "API 服务器启动", "extra": {"host": "0.0.0.0", "port": 5000}}
{"ts": "2025-11-23T16:59:19.167311Z", "level": "INFO", "event": "EVT-1003", "event_code": "EVT-1003", "trace_id": "TRC-20251123165919-36468a0b0584", "service": "voidpoly", "msg": "全局事件注册完成", "extra": {"total_events": "70+", "total_errors": "39+"}}
{"ts": "2025-11-23T16:59:19.820509Z", "level": "INFO", "event": "POSITION.LISTEN.ADD_START", "event_code": "EVT-PL-001", "trace_id": "TRC-20251123165919-36468a0b0584", "service": "voidpoly", "msg": "开始添加持仓监听", "extra": {"market_id": "0x1234567890abcdef", "buy_price": 0.65, "buy_side": "YES", "marks": "AI预测概率0.75, Kelly建议投入$500"}}
{"ts": "2025-11-23T16:59:19.824505Z", "level": "INFO", "event": "POSITION.LISTEN.ADD_SUCCESS", "event_code": "EVT-PL-002", "trace_id": "TRC-20251123165919-36468a0b0584", "service": "voidpoly", "msg": "持仓监听添加成功", "extra": {"market_id": "0x1234567890abcdef", "buy_price": 0.65, "buy_side": "YES"}}
{"ts": "2025-11-23T16:59:19.825508Z", "level": "INFO", "event": "POSITION.LISTEN.ADD_START", "event_code": "EVT-PL-001", "trace_id": "TRC-20251123165919-36468a0b0584", "service": "voidpoly", "msg": "开始添加持仓监听", "extra": {"market_id": "0xabcdef1234567890", "buy_price": 0.42, "buy_side": "NO", "marks": "低风险市场, 预期收益15%"}}
{"ts": "2025-11-23T16:59:19.829504Z", "level": "INFO", "event": "POSITION.LISTEN.ADD_SUCCESS", "event_code": "EVT-PL-002", "trace_id": "TRC-20251123165919-36468a0b0584", "service": "voidpoly", "msg": "持仓监听添加成功", "extra": {"market_id": "0xabcdef1234567890", "buy_price": 0.42, "buy_side": "NO"}}
{"ts": "2025-11-23T16:59:19.831506Z", "level": "INFO", "event": "POSITION.LISTEN.ADD_START", "event_code": "EVT-PL-001", "trace_id": "TRC-20251123165919-36468a0b0584", "service": "voidpoly", "msg": "开始添加持仓监听", "extra": {"market_id": "0x9876543210fedcba", "buy_price": 0.58, "buy_side": "YES", "marks": "高流动性市场"}}
{"ts": "2025-11-23T16:59:19.834503Z", "level": "INFO", "event": "POSITION.LISTEN.ADD_SUCCESS", "event_code": "EVT-PL-002", "trace_id": "TRC-20251123165919-36468a0b0584", "service": "voidpoly", "msg": "持仓监听添加成功", "extra": {"market_id": "0x9876543210fedcba", "buy_price": 0.58, "buy_side": "YES"}}
{"ts": "2025-11-23T16:59:19.851507Z", "level": "ERROR", "event": "POSITION.LISTEN.INVALID_PARAM", "event_code": "POSITION.LISTEN.INVALID_PARAM", "trace_id": "TRC-20251123165919-36468a0b0584", "service": "voidpoly", "msg": "buy_side必须是'YES'或'NO', 当前值: INVALID", "error_code": "E-POSITION-002", "error_name": "INVALID_BUY_SIDE", "extra": {"buy_side": "INVALID"}}
{"ts": "2025-11-23T16:59:19.852506Z", "level": "ERROR", "event": "POSITION.LISTEN.INVALID_PARAM", "event_code": "POSITION.LISTEN.INVALID_PARAM", "trace_id": "TRC-20251123165919-36468a0b0584", "service": "voidpoly", "msg": "buy_price必须在0到1之间, 当前值: 1.5", "error_code": "E-POSITION-003", "error_name": "INVALID_BUY_PRICE", "extra": {"buy_price": 1.5}}
{"ts": "2025-11-23T16:59:19.852506Z", "level": "ERROR", "event": "POSITION.LISTEN.INVALID_PARAM", "event_code": "POSITION.LISTEN.INVALID_PARAM", "trace_id": "TRC-20251123165919-36468a0b0584", "service": "voidpoly", "msg": "market_id不能为空", "error_code": "E-POSITION-001", "error_name": "INVALID_MARKET_ID"}
{"ts": "2025-11-24T16:05:56.367002Z", "level": "INFO", "event": "EVT-1003", "event_code": "EVT-1003", "trace_id": "TRC-20251124160556-9c707b93e1e4", "service": "voidpoly", "msg": "全局事件注册完成", "extra": {"total_events": "70+", "total_errors": "39+"}}
{"ts": "2025-11-24T16:05:56.400793Z", "level": "INFO", "event": "API.SERVER.START", "event_code": "API.SERVER.START", "trace_id": "TRC-20251124160556-9c707b93e1e4", "service": "voidpoly", "msg": "API 服务器启动", "extra": {"host": "0.0.0.0", "port": 5000}}
{"ts": "2025-11-24T16:05:56.850311Z", "level": "INFO", "event": "EVT-1003", "event_code": "EVT-1003", "trace_id": "TRC-20251124160556-7ed6157c18c5", "service": "voidpoly", "msg": "全局事件注册完成", "extra": {"total_events": "70+", "total_errors": "39+"}}
{"ts": "2025-11-24T16:05:56.875307Z", "level": "INFO", "event": "API.SERVER.START", "event_code": "API.SERVER.START", "trace_id": "TRC-20251124160556-7ed6157c18c5", "service": "voidpoly", "msg": "API 服务器启动", "extra": {"host": "0.0.0.0", "port": 5000}}
{"ts": "2025-11-24T16:06:06.954421Z", "level": "WARN", "event": "AUTH.LOGIN.FAILED", "event_code": "AUTH.LOGIN.FAILED", "trace_id": "TRC-20251124160606-6167ce472273", "service": "voidpoly", "msg": "登录失败", "extra": {"username": "voidfun", "ip": "127.0.0.1"}}
{"ts": "2025-11-24T16:06:16.349325Z", "level": "INFO", "event": "AUTH.LOGIN.SUCCESS", "event_code": "AUTH.LOGIN.SUCCESS", "trace_id": "TRC-20251124160616-7368b6a7f5b6", "service": "voidpoly", "msg": "登录成功", "extra": {"username": "admin", "role": "admin", "ip": "127.0.0.1"}}
{"ts": "2025-11-24T16:06:58.386506Z", "level": "ERROR", "event": "DB.DATA.ERROR", "event_code": "DB.DATA.ERROR", "trace_id": "TRC-20251124160658-b45a6919017b", "service": "voidpoly", "msg": "获取表数据失败", "error_code": "E-API-009", "extra": {"error": "no such column: id", "table": "sqlite_sequence"}}
{"ts": "2025-11-24T16:07:04.968181Z", "level": "ERROR", "event": "DB.DATA.ERROR", "event_code": "DB.DATA.ERROR", "trace_id": "TRC-20251124160704-5a10095b4335", "service": "voidpoly", "msg": "获取表数据失败", "error_code": "E-API-009", "extra": {"error": "no such column: id", "table": "sqlite_sequence"}}
{"ts": "2025-11-24T16:12:26.325190Z", "level": "INFO", "event": "EVT-1003", "event_code": "EVT-1003", "trace_id": "TRC-20251124161226-9222ccec6a28", "service": "voidpoly", "msg": "全局事件注册完成", "extra": {"total_events": "70+", "total_errors": "39+"}}
{"ts": "2025-11-24T16:12:26.349172Z", "level": "INFO", "event": "API.SERVER.START", "event_code": "API.SERVER.START", "trace_id": "TRC-20251124161226-9222ccec6a28", "service": "voidpoly", "msg": "API 服务器启动", "extra": {"host": "0.0.0.0", "port": 5000}}
{"ts": "2025-11-24T16:16:03.544260Z", "level": "INFO", "event": "EVT-1003", "event_code": "EVT-1003", "trace_id": "TRC-20251124161603-0a05f2c18cd6", "service": "voidpoly", "msg": "全局事件注册完成", "extra": {"total_events": "70+", "total_errors": "39+"}}
{"ts": "2025-11-24T16:16:53.302607Z", "level": "INFO", "event": "API.CLIENT.INIT", "event_code": "EVT-PM-001", "trace_id": "TRC-20251124161603-0a05f2c18cd6", "service": "voidpoly", "msg": "Polymarket Gamma API 客户端初始化完成", "extra": {"base_url": "https://gamma-api.polymarket.com", "timeout": 30, "proxy_enabled": false}}
{"ts": "2025-11-24T16:16:53.302607Z", "level": "INFO", "event": "API.EVENT.NEW", "event_code": "API.EVENT.NEW", "trace_id": "TRC-20251124161603-0a05f2c18cd6", "service": "voidpoly", "msg": "获取新增事件"}
{"ts": "2025-11-24T16:16:53.303616Z", "level": "INFO", "event": "EVT-PM-006", "event_code": "EVT-PM-006", "trace_id": "TRC-20251124161603-0a05f2c18cd6", "service": "voidpoly", "msg": "获取事件列表", "extra": {"params": {"order": "createdAt", "ascending": "false", "limit": 5}}}
{"ts": "2025-11-24T16:16:53.303616Z", "level": "INFO", "event": "API.REQUEST.START", "event_code": "EVT-PM-002", "trace_id": "TRC-20251124161603-0a05f2c18cd6", "service": "voidpoly", "msg": "开始 API 请求", "extra": {"url": "https://gamma-api.polymarket.com/events", "params": {"order": "createdAt", "ascending": "false", "limit": 5}}}
{"ts": "2025-11-24T16:16:59.084917Z", "level": "INFO", "event": "API.REQUEST.SUCCESS", "event_code": "EVT-PM-003", "trace_id": "TRC-20251124161603-0a05f2c18cd6", "service": "voidpoly", "msg": "API 请求成功", "extra": {"url": "https://gamma-api.polymarket.com/events", "status_code": 200, "response_size": 29953}}
{"ts": "2025-11-24T16:16:59.086462Z", "level": "INFO", "event": "EVT-PM-006", "event_code": "EVT-PM-006", "trace_id": "TRC-20251124161603-0a05f2c18cd6", "service": "voidpoly", "msg": "事件列表获取完成", "extra": {"count": 5}}
{"ts": "2025-11-24T17:10:37.713035Z", "level": "INFO", "event": "EVT-1003", "event_code": "EVT-1003", "trace_id": "TRC-20251124171037-384038e9453b", "service": "voidpoly", "msg": "全局事件注册完成", "extra": {"total_events": "70+", "total_errors": "39+"}}
{"ts": "2025-11-24T17:11:16.417768Z", "level": "INFO", "event": "API.CLIENT.INIT", "event_code": "EVT-PM-001", "trace_id": "TRC-20251124171037-384038e9453b", "service": "voidpoly", "msg": "Polymarket Gamma API 客户端初始化完成", "extra": {"base_url": "https://gamma-api.polymarket.com", "timeout": 30, "proxy_enabled": false}}
{"ts": "2025-11-24T17:11:16.417768Z", "level": "INFO", "event": "API.EVENT.BETTER", "event_code": "API.EVENT.BETTER", "trace_id": "TRC-20251124171037-384038e9453b", "service": "voidpoly", "msg": "获取优质事件"}
{"ts": "2025-11-24T17:11:16.418774Z", "level": "INFO", "event": "API.EVENT.BETTER", "event_code": "API.EVENT.BETTER", "trace_id": "TRC-20251124171037-384038e9453b", "service": "voidpoly", "msg": "获取优质事件列表", "extra": {"params": {"order": "createdAt", "ascending": "false"}}}
{"ts": "2025-11-24T17:11:16.418774Z", "level": "INFO", "event": "API.REQUEST.START", "event_code": "EVT-PM-002", "trace_id": "TRC-20251124171037-384038e9453b", "service": "voidpoly", "msg": "开始 API 请求", "extra": {"url": "https://gamma-api.polymarket.com/events", "params": [["order", "createdAt"], ["ascending", "false"], ["exclude_tag_id", "102127"], ["exclude_tag_id", "1"], ["exclude_tag_id", "102134"], ["exclude_tag_id", "1312"], ["exclude_tag_id", "1013"], ["exclude_tag_id", "21"], ["exclude_tag_id", "102169"], ["exclude_tag_id", "235"], ["exclude_tag_id", "972"]]}}
{"ts": "2025-11-24T17:11:22.729114Z", "level": "INFO", "event": "API.REQUEST.SUCCESS", "event_code": "EVT-PM-003", "trace_id": "TRC-20251124171037-384038e9453b", "service": "voidpoly", "msg": "API 请求成功", "extra": {"url": "https://gamma-api.polymarket.com/events", "status_code": 200, "response_size": 543284}}
{"ts": "2025-11-24T17:11:22.736124Z", "level": "INFO", "event": "API.EVENT.BETTER", "event_code": "API.EVENT.BETTER", "trace_id": "TRC-20251124171037-384038e9453b", "service": "voidpoly", "msg": "优质事件列表获取完成", "extra": {"count": 20}}
{"ts": "2025-11-24T17:11:29.513804Z", "level": "INFO", "event": "API.CLIENT.INIT", "event_code": "EVT-PM-001", "trace_id": "TRC-20251124171037-384038e9453b", "service": "voidpoly", "msg": "Polymarket Gamma API 客户端初始化完成", "extra": {"base_url": "https://gamma-api.polymarket.com", "timeout": 30, "proxy_enabled": false}}
{"ts": "2025-11-24T17:11:29.513804Z", "level": "INFO", "event": "API.EVENT.BETTER", "event_code": "API.EVENT.BETTER", "trace_id": "TRC-20251124171037-384038e9453b", "service": "voidpoly", "msg": "获取优质事件"}
{"ts": "2025-11-24T17:11:29.513804Z", "level": "INFO", "event": "API.EVENT.BETTER", "event_code": "API.EVENT.BETTER", "trace_id": "TRC-20251124171037-384038e9453b", "service": "voidpoly", "msg": "获取优质事件列表", "extra": {"params": {"order": "createdAt", "ascending": "false"}}}
{"ts": "2025-11-24T17:11:29.514795Z", "level": "INFO", "event": "API.REQUEST.START", "event_code": "EVT-PM-002", "trace_id": "TRC-20251124171037-384038e9453b", "service": "voidpoly", "msg": "开始 API 请求", "extra": {"url": "https://gamma-api.polymarket.com/events", "params": [["order", "createdAt"], ["ascending", "false"], ["exclude_tag_id", "102127"], ["exclude_tag_id", "1"], ["exclude_tag_id", "102134"], ["exclude_tag_id", "1312"], ["exclude_tag_id", "1013"], ["exclude_tag_id", "21"], ["exclude_tag_id", "102169"], ["exclude_tag_id", "235"], ["exclude_tag_id", "972"]]}}
{"ts": "2025-11-24T17:11:35.754237Z", "level": "INFO", "event": "API.REQUEST.SUCCESS", "event_code": "EVT-PM-003", "trace_id": "TRC-20251124171037-384038e9453b", "service": "voidpoly", "msg": "API 请求成功", "extra": {"url": "https://gamma-api.polymarket.com/events", "status_code": 200, "response_size": 543284}}
{"ts": "2025-11-24T17:11:35.759650Z", "level": "INFO", "event": "API.EVENT.BETTER", "event_code": "API.EVENT.BETTER", "trace_id": "TRC-20251124171037-384038e9453b", "service": "voidpoly", "msg": "优质事件列表获取完成", "extra": {"count": 20}}
{"ts": "2025-11-24T17:20:22.736296Z", "level": "INFO", "event": "API.CLIENT.INIT", "event_code": "EVT-PM-001", "trace_id": "TRC-20251124171037-384038e9453b", "service": "voidpoly", "msg": "Polymarket Gamma API 客户端初始化完成", "extra": {"base_url": "https://gamma-api.polymarket.com", "timeout": 30, "proxy_enabled": false}}
{"ts": "2025-11-24T17:20:22.737285Z", "level": "INFO", "event": "API.REQUEST.START", "event_code": "EVT-PM-002", "trace_id": "TRC-20251124171037-384038e9453b", "service": "voidpoly", "msg": "开始 API 请求", "extra": {"url": "https://gamma-api.polymarket.com/events/slug/what-will-trump-say-at-the-thanksgiving-turkey-pardon-on-tuesday-936", "params": {}}}
{"ts": "2025-11-24T17:20:28.634314Z", "level": "INFO", "event": "API.REQUEST.SUCCESS", "event_code": "EVT-PM-003", "trace_id": "TRC-20251124171037-384038e9453b", "service": "voidpoly", "msg": "API 请求成功", "extra": {"url": "https://gamma-api.polymarket.com/events/slug/what-will-trump-say-at-the-thanksgiving-turkey-pardon-on-tuesday-936", "status_code": 200, "response_size": 90834}}
{"ts": "2025-11-24T17:20:43.754409Z", "level": "INFO", "event": "API.CLIENT.INIT", "event_code": "EVT-PM-001", "trace_id": "TRC-20251124171037-384038e9453b", "service": "voidpoly", "msg": "Polymarket Gamma API 客户端初始化完成", "extra": {"base_url": "https://gamma-api.polymarket.com", "timeout": 30, "proxy_enabled": false}}
{"ts": "2025-11-24T17:20:43.754409Z", "level": "INFO", "event": "API.REQUEST.START", "event_code": "EVT-PM-002", "trace_id": "TRC-20251124171037-384038e9453b", "service": "voidpoly", "msg": "开始 API 请求", "extra": {"url": "https://gamma-api.polymarket.com/events/slug/what-will-trump-say-at-the-thanksgiving-turkey-pardon-on-tuesday-936", "params": {}}}
{"ts": "2025-11-24T17:20:49.758486Z", "level": "INFO", "event": "API.REQUEST.SUCCESS", "event_code": "EVT-PM-003", "trace_id": "TRC-20251124171037-384038e9453b", "service": "voidpoly", "msg": "API 请求成功", "extra": {"url": "https://gamma-api.polymarket.com/events/slug/what-will-trump-say-at-the-thanksgiving-turkey-pardon-on-tuesday-936", "status_code": 200, "response_size": 90834}}
{"ts": "2025-11-25T15:00:50.299614Z", "level": "INFO", "event": "EVT-1003", "event_code": "EVT-1003", "trace_id": "TRC-20251125150050-5dbabdf60504", "service": "voidpoly", "msg": "全局事件注册完成", "extra": {"total_events": "70+", "total_errors": "39+"}}
{"ts": "2025-11-25T15:01:19.781714Z", "level": "INFO", "event": "API.CLIENT.INIT", "event_code": "EVT-PM-001", "trace_id": "TRC-20251125150050-5dbabdf60504", "service": "voidpoly", "msg": "Polymarket Gamma API 客户端初始化完成", "extra": {"base_url": "https://gamma-api.polymarket.com", "timeout": 30, "proxy_enabled": false}}
{"ts": "2025-11-25T15:01:19.782718Z", "level": "INFO", "event": "API.REQUEST.START", "event_code": "EVT-PM-002", "trace_id": "TRC-20251125150050-5dbabdf60504", "service": "voidpoly", "msg": "开始 API 请求", "extra": {"url": "https://gamma-api.polymarket.com/events/slug/what-will-trump-say-at-the-thanksgiving-turkey-pardon-on-tuesday-936", "params": {}}}
{"ts": "2025-11-25T15:01:20.779070Z", "level": "INFO", "event": "API.REQUEST.SUCCESS", "event_code": "EVT-PM-003", "trace_id": "TRC-20251125150050-5dbabdf60504", "service": "voidpoly", "msg": "API 请求成功", "extra": {"url": "https://gamma-api.polymarket.com/events/slug/what-will-trump-say-at-the-thanksgiving-turkey-pardon-on-tuesday-936", "status_code": 200, "response_size": 97370}}
{"ts": "2025-11-25T15:02:38.944107Z", "level": "INFO", "event": "EVT-1003", "event_code": "EVT-1003", "trace_id": "TRC-20251125150238-4f1049c2c054", "service": "voidpoly", "msg": "全局事件注册完成", "extra": {"total_events": "70+", "total_errors": "39+"}}
{"ts": "2025-11-25T15:02:41.974739Z", "level": "INFO", "event": "API.CLIENT.INIT", "event_code": "EVT-PM-001", "trace_id": "TRC-20251125150238-4f1049c2c054", "service": "voidpoly", "msg": "Polymarket Gamma API 客户端初始化完成", "extra": {"base_url": "https://gamma-api.polymarket.com", "timeout": 30, "proxy_enabled": false}}
{"ts": "2025-11-25T15:02:41.975742Z", "level": "INFO", "event": "API.REQUEST.START", "event_code": "EVT-PM-002", "trace_id": "TRC-20251125150238-4f1049c2c054", "service": "voidpoly", "msg": "开始 API 请求", "extra": {"url": "https://gamma-api.polymarket.com/events/slug/what-will-trump-say-at-the-thanksgiving-turkey-pardon-on-tuesday-936", "params": {}}}
{"ts": "2025-11-25T15:02:43.214224Z", "level": "INFO", "event": "API.REQUEST.SUCCESS", "event_code": "EVT-PM-003", "trace_id": "TRC-20251125150238-4f1049c2c054", "service": "voidpoly", "msg": "API 请求成功", "extra": {"url": "https://gamma-api.polymarket.com/events/slug/what-will-trump-say-at-the-thanksgiving-turkey-pardon-on-tuesday-936", "status_code": 200, "response_size": 97370}}
{"ts": "2025-11-25T15:04:09.166566Z", "level": "INFO", "event": "EVT-1003", "event_code": "EVT-1003", "trace_id": "TRC-20251125150409-8ccaba7510a9", "service": "voidpoly", "msg": "全局事件注册完成", "extra": {"total_events": "70+", "total_errors": "39+"}}
{"ts": "2025-11-25T15:04:11.938189Z", "level": "INFO", "event": "API.CLIENT.INIT", "event_code": "EVT-PM-001", "trace_id": "TRC-20251125150409-8ccaba7510a9", "service": "voidpoly", "msg": "Polymarket Gamma API 客户端初始化完成", "extra": {"base_url": "https://gamma-api.polymarket.com", "timeout": 30, "proxy_enabled": false}}
{"ts": "2025-11-25T15:04:11.939194Z", "level": "INFO", "event": "API.REQUEST.START", "event_code": "EVT-PM-002", "trace_id": "TRC-20251125150409-8ccaba7510a9", "service": "voidpoly", "msg": "开始 API 请求", "extra": {"url": "https://gamma-api.polymarket.com/events/slug/what-will-trump-say-at-the-thanksgiving-turkey-pardon-on-tuesday-936", "params": {}}}
{"ts": "2025-11-25T15:04:12.838974Z", "level": "INFO", "event": "API.REQUEST.SUCCESS", "event_code": "EVT-PM-003", "trace_id": "TRC-20251125150409-8ccaba7510a9", "service": "voidpoly", "msg": "API 请求成功", "extra": {"url": "https://gamma-api.polymarket.com/events/slug/what-will-trump-say-at-the-thanksgiving-turkey-pardon-on-tuesday-936", "status_code": 200, "response_size": 97370}}
{"ts": "2025-11-25T15:04:36.417512Z", "level": "INFO", "event": "EVT-1003", "event_code": "EVT-1003", "trace_id": "TRC-20251125150436-8857fed790fa", "service": "voidpoly", "msg": "全局事件注册完成", "extra": {"total_events": "70+", "total_errors": "39+"}}
{"ts": "2025-11-25T15:04:39.068281Z", "level": "INFO", "event": "API.CLIENT.INIT", "event_code": "EVT-PM-001", "trace_id": "TRC-20251125150436-8857fed790fa", "service": "voidpoly", "msg": "Polymarket Gamma API 客户端初始化完成", "extra": {"base_url": "https://gamma-api.polymarket.com", "timeout": 30, "proxy_enabled": false}}
{"ts": "2025-11-25T15:04:39.069279Z", "level": "INFO", "event": "API.REQUEST.START", "event_code": "EVT-PM-002", "trace_id": "TRC-20251125150436-8857fed790fa", "service": "voidpoly", "msg": "开始 API 请求", "extra": {"url": "https://gamma-api.polymarket.com/events/slug/what-will-trump-say-at-the-thanksgiving-turkey-pardon-on-tuesday-936", "params": {}}}
{"ts": "2025-11-25T15:04:40.050770Z", "level": "INFO", "event": "API.REQUEST.SUCCESS", "event_code": "EVT-PM-003", "trace_id": "TRC-20251125150436-8857fed790fa", "service": "voidpoly", "msg": "API 请求成功", "extra": {"url": "https://gamma-api.polymarket.com/events/slug/what-will-trump-say-at-the-thanksgiving-turkey-pardon-on-tuesday-936", "status_code": 200, "response_size": 97370}}
{"ts": "2025-11-25T15:04:44.603279Z", "level": "INFO", "event": "API.CLIENT.INIT", "event_code": "EVT-PM-001", "trace_id": "TRC-20251125150436-8857fed790fa", "service": "voidpoly", "msg": "Polymarket Gamma API 客户端初始化完成", "extra": {"base_url": "https://gamma-api.polymarket.com", "timeout": 30, "proxy_enabled": false}}
{"ts": "2025-11-25T15:04:44.603279Z", "level": "INFO", "event": "API.REQUEST.START", "event_code": "EVT-PM-002", "trace_id": "TRC-20251125150436-8857fed790fa", "service": "voidpoly", "msg": "开始 API 请求", "extra": {"url": "https://gamma-api.polymarket.com/events/slug/what-will-trump-say-at-the-thanksgiving-turkey-pardon-on-tuesday-936", "params": {}}}
{"ts": "2025-11-25T15:04:45.757331Z", "level": "INFO", "event": "API.REQUEST.SUCCESS", "event_code": "EVT-PM-003", "trace_id": "TRC-20251125150436-8857fed790fa", "service": "voidpoly", "msg": "API 请求成功", "extra": {"url": "https://gamma-api.polymarket.com/events/slug/what-will-trump-say-at-the-thanksgiving-turkey-pardon-on-tuesday-936", "status_code": 200, "response_size": 97370}}
{"ts": "2025-11-25T15:05:14.939012Z", "level": "INFO", "event": "EVT-1003", "event_code": "EVT-1003", "trace_id": "TRC-20251125150514-b2e16153dcb9", "service": "voidpoly", "msg": "全局事件注册完成", "extra": {"total_events": "70+", "total_errors": "39+"}}
{"ts": "2025-11-25T15:05:17.634710Z", "level": "INFO", "event": "API.CLIENT.INIT", "event_code": "EVT-PM-001", "trace_id": "TRC-20251125150514-b2e16153dcb9", "service": "voidpoly", "msg": "Polymarket Gamma API 客户端初始化完成", "extra": {"base_url": "https://gamma-api.polymarket.com", "timeout": 30, "proxy_enabled": false}}
{"ts": "2025-11-25T15:05:17.634710Z", "level": "INFO", "event": "API.REQUEST.START", "event_code": "EVT-PM-002", "trace_id": "TRC-20251125150514-b2e16153dcb9", "service": "voidpoly", "msg": "开始 API 请求", "extra": {"url": "https://gamma-api.polymarket.com/events/slug/what-will-trump-say-at-the-thanksgiving-turkey-pardon-on-tuesday-936", "params": {}}}
{"ts": "2025-11-25T15:05:18.533204Z", "level": "INFO", "event": "API.REQUEST.SUCCESS", "event_code": "EVT-PM-003", "trace_id": "TRC-20251125150514-b2e16153dcb9", "service": "voidpoly", "msg": "API 请求成功", "extra": {"url": "https://gamma-api.polymarket.com/events/slug/what-will-trump-say-at-the-thanksgiving-turkey-pardon-on-tuesday-936", "status_code": 200, "response_size": 97370}}
{"ts": "2025-11-25T15:06:05.042004Z", "level": "INFO", "event": "EVT-1003", "event_code": "EVT-1003", "trace_id": "TRC-20251125150605-bc1f397b29b1", "service": "voidpoly", "msg": "全局事件注册完成", "extra": {"total_events": "70+", "total_errors": "39+"}}
{"ts": "2025-11-25T15:06:11.002929Z", "level": "INFO", "event": "API.CLIENT.INIT", "event_code": "EVT-PM-001", "trace_id": "TRC-20251125150605-bc1f397b29b1", "service": "voidpoly", "msg": "Polymarket Gamma API 客户端初始化完成", "extra": {"base_url": "https://gamma-api.polymarket.com", "timeout": 30, "proxy_enabled": false}}
{"ts": "2025-11-25T15:06:11.002929Z", "level": "INFO", "event": "API.REQUEST.START", "event_code": "EVT-PM-002", "trace_id": "TRC-20251125150605-bc1f397b29b1", "service": "voidpoly", "msg": "开始 API 请求", "extra": {"url": "https://gamma-api.polymarket.com/events/slug/what-will-trump-say-at-the-thanksgiving-turkey-pardon-on-tuesday-936", "params": {}}}
{"ts": "2025-11-25T15:06:12.096175Z", "level": "INFO", "event": "API.REQUEST.SUCCESS", "event_code": "EVT-PM-003", "trace_id": "TRC-20251125150605-bc1f397b29b1", "service": "voidpoly", "msg": "API 请求成功", "extra": {"url": "https://gamma-api.polymarket.com/events/slug/what-will-trump-say-at-the-thanksgiving-turkey-pardon-on-tuesday-936", "status_code": 200, "response_size": 97370}}
{"ts": "2025-11-25T15:07:02.433052Z", "level": "INFO", "event": "EVT-1003", "event_code": "EVT-1003", "trace_id": "TRC-20251125150702-59ea5fc8465f", "service": "voidpoly", "msg": "全局事件注册完成", "extra": {"total_events": "70+", "total_errors": "39+"}}
{"ts": "2025-11-25T15:07:05.721172Z", "level": "INFO", "event": "API.CLIENT.INIT", "event_code": "EVT-PM-001", "trace_id": "TRC-20251125150702-59ea5fc8465f", "service": "voidpoly", "msg": "Polymarket Gamma API 客户端初始化完成", "extra": {"base_url": "https://gamma-api.polymarket.com", "timeout": 30, "proxy_enabled": false}}
{"ts": "2025-11-25T15:07:05.722175Z", "level": "INFO", "event": "API.REQUEST.START", "event_code": "EVT-PM-002", "trace_id": "TRC-20251125150702-59ea5fc8465f", "service": "voidpoly", "msg": "开始 API 请求", "extra": {"url": "https://gamma-api.polymarket.com/events/slug/what-will-trump-say-at-the-thanksgiving-turkey-pardon-on-tuesday-936", "params": {}}}
{"ts": "2025-11-25T15:07:06.738748Z", "level": "INFO", "event": "API.REQUEST.SUCCESS", "event_code": "EVT-PM-003", "trace_id": "TRC-20251125150702-59ea5fc8465f", "service": "voidpoly", "msg": "API 请求成功", "extra": {"url": "https://gamma-api.polymarket.com/events/slug/what-will-trump-say-at-the-thanksgiving-turkey-pardon-on-tuesday-936", "status_code": 200, "response_size": 97370}}
{"ts": "2025-11-25T15:27:51.933896Z", "level": "INFO", "event": "EVT-1003", "event_code": "EVT-1003", "trace_id": "TRC-20251125152751-9e1c855f3c2c", "service": "voidpoly", "msg": "全局事件注册完成", "extra": {"total_events": "70+", "total_errors": "39+"}}
{"ts": "2025-11-25T15:27:51.959776Z", "level": "INFO", "event": "API.SERVER.START", "event_code": "API.SERVER.START", "trace_id": "TRC-20251125152751-9e1c855f3c2c", "service": "voidpoly", "msg": "API 服务器启动", "extra": {"host": "0.0.0.0", "port": 5000}}
{"ts": "2025-11-25T15:27:52.371944Z", "level": "INFO", "event": "EVT-1003", "event_code": "EVT-1003", "trace_id": "TRC-20251125152752-36bf8c6b2fb8", "service": "voidpoly", "msg": "全局事件注册完成", "extra": {"total_events": "70+", "total_errors": "39+"}}
{"ts": "2025-11-25T15:27:52.400958Z", "level": "INFO", "event": "API.SERVER.START", "event_code": "API.SERVER.START", "trace_id": "TRC-20251125152752-36bf8c6b2fb8", "service": "voidpoly", "msg": "API 服务器启动", "extra": {"host": "0.0.0.0", "port": 5000}}
{"ts": "2025-11-25T15:28:06.699088Z", "level": "INFO", "event": "API.CLIENT.INIT", "event_code": "EVT-PM-001", "trace_id": "TRC-20251125152806-a8cfef5b1e5d", "service": "voidpoly", "msg": "Polymarket Gamma API 客户端初始化完成", "extra": {"base_url": "https://gamma-api.polymarket.com", "timeout": 30, "proxy_enabled": false}}
{"ts": "2025-11-25T15:28:06.700089Z", "level": "INFO", "event": "API.REQUEST.START", "event_code": "EVT-PM-002", "trace_id": "TRC-20251125152806-a8cfef5b1e5d", "service": "voidpoly", "msg": "开始 API 请求", "extra": {"url": "https://gamma-api.polymarket.com/events/slug/will-zohran-mamdani-praise-donald-trump-on-friday", "params": {}}}
{"ts": "2025-11-25T15:28:07.430370Z", "level": "INFO", "event": "API.REQUEST.SUCCESS", "event_code": "EVT-PM-003", "trace_id": "TRC-20251125152806-a8cfef5b1e5d", "service": "voidpoly", "msg": "API 请求成功", "extra": {"url": "https://gamma-api.polymarket.com/events/slug/will-zohran-mamdani-praise-donald-trump-on-friday", "status_code": 200, "response_size": 7299}}
{"ts": "2025-11-25T15:28:07.431372Z", "level": "INFO", "event": "API.POLYMARKET.EVENT.GET", "event_code": "API.POLYMARKET.EVENT.GET", "trace_id": "TRC-20251125152806-a8cfef5b1e5d", "service": "voidpoly", "msg": "获取事件成功", "extra": {"slug": "will-zohran-mamdani-praise-donald-trump-on-friday", "event_id": "86247", "user": "admin"}}
{"ts": "2025-11-25T15:28:22.792007Z", "level": "INFO", "event": "API.CLIENT.INIT", "event_code": "EVT-PM-001", "trace_id": "TRC-20251125152822-53c169ec956a", "service": "voidpoly", "msg": "Polymarket Gamma API 客户端初始化完成", "extra": {"base_url": "https://gamma-api.polymarket.com", "timeout": 30, "proxy_enabled": false}}
{"ts": "2025-11-25T15:28:22.793015Z", "level": "INFO", "event": "API.REQUEST.START", "event_code": "EVT-PM-002", "trace_id": "TRC-20251125152822-53c169ec956a", "service": "voidpoly", "msg": "开始 API 请求", "extra": {"url": "https://gamma-api.polymarket.com/events/slug/will-zohran-mamdani-praise-donald-trump-on-friday", "params": {}}}
{"ts": "2025-11-25T15:28:23.556232Z", "level": "INFO", "event": "API.REQUEST.SUCCESS", "event_code": "EVT-PM-003", "trace_id": "TRC-20251125152822-53c169ec956a", "service": "voidpoly", "msg": "API 请求成功", "extra": {"url": "https://gamma-api.polymarket.com/events/slug/will-zohran-mamdani-praise-donald-trump-on-friday", "status_code": 200, "response_size": 7299}}
{"ts": "2025-11-25T15:28:23.556748Z", "level": "INFO", "event": "API.POLYMARKET.EVENT.GET", "event_code": "API.POLYMARKET.EVENT.GET", "trace_id": "TRC-20251125152822-53c169ec956a", "service": "voidpoly", "msg": "获取事件成功", "extra": {"slug": "will-zohran-mamdani-praise-donald-trump-on-friday", "event_id": "86247", "user": "admin"}}
{"ts": "2025-11-25T15:33:14.898316Z", "level": "INFO", "event": "API.CLIENT.INIT", "event_code": "EVT-PM-001", "trace_id": "TRC-20251125153314-4d9a60668199", "service": "voidpoly", "msg": "Polymarket Gamma API 客户端初始化完成", "extra": {"base_url": "https://gamma-api.polymarket.com", "timeout": 30, "proxy_enabled": false}}
{"ts": "2025-11-25T15:33:14.899319Z", "level": "INFO", "event": "API.REQUEST.START", "event_code": "EVT-PM-002", "trace_id": "TRC-20251125153314-4d9a60668199", "service": "voidpoly", "msg": "开始 API 请求", "extra": {"url": "https://gamma-api.polymarket.com/events/slug/will-zohran-mamdani-praise-donald-trump-on-friday", "params": {}}}
{"ts": "2025-11-25T15:33:16.085061Z", "level": "INFO", "event": "API.REQUEST.SUCCESS", "event_code": "EVT-PM-003", "trace_id": "TRC-20251125153314-4d9a60668199", "service": "voidpoly", "msg": "API 请求成功", "extra": {"url": "https://gamma-api.polymarket.com/events/slug/will-zohran-mamdani-praise-donald-trump-on-friday", "status_code": 200, "response_size": 7296}}
{"ts": "2025-11-25T15:33:16.086061Z", "level": "INFO", "event": "API.POLYMARKET.EVENT.GET", "event_code": "API.POLYMARKET.EVENT.GET", "trace_id": "TRC-20251125153314-4d9a60668199", "service": "voidpoly", "msg": "获取事件成功", "extra": {"slug": "will-zohran-mamdani-praise-donald-trump-on-friday", "event_id": "86247", "user": "admin"}}
{"ts": "2025-11-25T15:34:11.072763Z", "level": "INFO", "event": "API.CLIENT.INIT", "event_code": "EVT-PM-001", "trace_id": "TRC-20251125153411-7e73627e3b25", "service": "voidpoly", "msg": "Polymarket Gamma API 客户端初始化完成", "extra": {"base_url": "https://gamma-api.polymarket.com", "timeout": 30, "proxy_enabled": false}}
{"ts": "2025-11-25T15:34:11.073762Z", "level": "INFO", "event": "API.REQUEST.START", "event_code": "EVT-PM-002", "trace_id": "TRC-20251125153411-7e73627e3b25", "service": "voidpoly", "msg": "开始 API 请求", "extra": {"url": "https://gamma-api.polymarket.com/markets/slug/will-zohran-mamdani-praise-donald-trump-on-friday", "params": {}}}
{"ts": "2025-11-25T15:34:11.328084Z", "level": "ERROR", "event": "API.REQUEST.ERROR", "event_code": "EVT-PM-004", "trace_id": "TRC-20251125153411-7e73627e3b25", "service": "voidpoly", "msg": "网络请求异常: HTTPSConnectionPool(host='gamma-api.polymarket.com', port=443): Max retries exceeded with url: /markets/slug/will-zohran-mamdani-praise-donald-trump-on-friday (Caused by SSLError(SSLEOFError(8, '[SSL: UNEXPECTED_EOF_WHILE_READING] EOF occurred in violation of protocol (_ssl.c:1006)')))", "error_code": "E-PM-001", "error_name": "HTTP_ERROR", "extra": {"url": "https://gamma-api.polymarket.com/markets/slug/will-zohran-mamdani-praise-donald-trump-on-friday", "exception": "HTTPSConnectionPool(host='gamma-api.polymarket.com', port=443): Max retries exceeded with url: /markets/slug/will-zohran-mamdani-praise-donald-trump-on-friday (Caused by SSLError(SSLEOFError(8, '[SSL: UNEXPECTED_EOF_WHILE_READING] EOF occurred in violation of protocol (_ssl.c:1006)')))"}}
{"ts": "2025-11-25T15:34:11.329090Z", "level": "ERROR", "event": "API.POLYMARKET.MARKET.ERROR", "event_code": "API.POLYMARKET.MARKET.ERROR", "trace_id": "TRC-20251125153411-7e73627e3b25", "service": "voidpoly", "msg": "获取市场失败", "error_code": "E-API-014", "extra": {"error": "HTTPSConnectionPool(host='gamma-api.polymarket.com', port=443): Max retries exceeded with url: /markets/slug/will-zohran-mamdani-praise-donald-trump-on-friday (Caused by SSLError(SSLEOFError(8, '[SSL: UNEXPECTED_EOF_WHILE_READING] EOF occurred in violation of protocol (_ssl.c:1006)')))", "slug": "will-zohran-mamdani-praise-donald-trump-on-friday"}}
{"ts": "2025-11-25T15:34:16.608239Z", "level": "INFO", "event": "API.CLIENT.INIT", "event_code": "EVT-PM-001", "trace_id": "TRC-20251125153416-8837dfe7f081", "service": "voidpoly", "msg": "Polymarket Gamma API 客户端初始化完成", "extra": {"base_url": "https://gamma-api.polymarket.com", "timeout": 30, "proxy_enabled": false}}
{"ts": "2025-11-25T15:34:16.608239Z", "level": "INFO", "event": "API.REQUEST.START", "event_code": "EVT-PM-002", "trace_id": "TRC-20251125153416-8837dfe7f081", "service": "voidpoly", "msg": "开始 API 请求", "extra": {"url": "https://gamma-api.polymarket.com/markets/slug/will-zohran-mamdani-praise-donald-trump-on-friday", "params": {}}}
{"ts": "2025-11-25T15:34:17.279837Z", "level": "INFO", "event": "API.REQUEST.SUCCESS", "event_code": "EVT-PM-003", "trace_id": "TRC-20251125153416-8837dfe7f081", "service": "voidpoly", "msg": "API 请求成功", "extra": {"url": "https://gamma-api.polymarket.com/markets/slug/will-zohran-mamdani-praise-donald-trump-on-friday", "status_code": 200, "response_size": 6530}}
{"ts": "2025-11-25T15:34:17.280792Z", "level": "INFO", "event": "API.POLYMARKET.MARKET.GET", "event_code": "API.POLYMARKET.MARKET.GET", "trace_id": "TRC-20251125153416-8837dfe7f081", "service": "voidpoly", "msg": "获取市场成功", "extra": {"slug": "will-zohran-mamdani-praise-donald-trump-on-friday", "market_id": "693226", "user": "admin"}}
{"ts": "2025-11-25T15:35:24.520906Z", "level": "INFO", "event": "API.CLIENT.INIT", "event_code": "EVT-PM-001", "trace_id": "TRC-20251125153524-416ff1ed916c", "service": "voidpoly", "msg": "Polymarket Gamma API 客户端初始化完成", "extra": {"base_url": "https://gamma-api.polymarket.com", "timeout": 30, "proxy_enabled": false}}
{"ts": "2025-11-25T15:35:24.521907Z", "level": "INFO", "event": "API.REQUEST.START", "event_code": "EVT-PM-002", "trace_id": "TRC-20251125153524-416ff1ed916c", "service": "voidpoly", "msg": "开始 API 请求", "extra": {"url": "https://gamma-api.polymarket.com/events/slug/will-zohran-mamdani-praise-donald-trump-on-friday", "params": {}}}
{"ts": "2025-11-25T15:35:25.220165Z", "level": "INFO", "event": "API.REQUEST.SUCCESS", "event_code": "EVT-PM-003", "trace_id": "TRC-20251125153524-416ff1ed916c", "service": "voidpoly", "msg": "API 请求成功", "extra": {"url": "https://gamma-api.polymarket.com/events/slug/will-zohran-mamdani-praise-donald-trump-on-friday", "status_code": 200, "response_size": 7296}}
{"ts": "2025-11-25T15:35:25.220560Z", "level": "INFO", "event": "API.POLYMARKET.EVENT.GET", "event_code": "API.POLYMARKET.EVENT.GET", "trace_id": "TRC-20251125153524-416ff1ed916c", "service": "voidpoly", "msg": "获取事件成功", "extra": {"slug": "will-zohran-mamdani-praise-donald-trump-on-friday", "event_id": "86247", "user": "admin"}}
{"ts": "2025-11-25T15:36:36.089583Z", "level": "INFO", "event": "API.CLIENT.INIT", "event_code": "EVT-PM-001", "trace_id": "TRC-20251125153636-367fefb5cef5", "service": "voidpoly", "msg": "Polymarket Gamma API 客户端初始化完成", "extra": {"base_url": "https://gamma-api.polymarket.com", "timeout": 30, "proxy_enabled": false}}
{"ts": "2025-11-25T15:36:36.090592Z", "level": "INFO", "event": "API.REQUEST.START", "event_code": "EVT-PM-002", "trace_id": "TRC-20251125153636-367fefb5cef5", "service": "voidpoly", "msg": "开始 API 请求", "extra": {"url": "https://gamma-api.polymarket.com/events/slug/will-zohran-mamdani-praise-donald-trump-on-friday", "params": {}}}
{"ts": "2025-11-25T15:36:36.856646Z", "level": "INFO", "event": "API.REQUEST.SUCCESS", "event_code": "EVT-PM-003", "trace_id": "TRC-20251125153636-367fefb5cef5", "service": "voidpoly", "msg": "API 请求成功", "extra": {"url": "https://gamma-api.polymarket.com/events/slug/will-zohran-mamdani-praise-donald-trump-on-friday", "status_code": 200, "response_size": 7296}}
{"ts": "2025-11-25T15:36:36.857668Z", "level": "INFO", "event": "API.POLYMARKET.EVENT.GET", "event_code": "API.POLYMARKET.EVENT.GET", "trace_id": "TRC-20251125153636-367fefb5cef5", "service": "voidpoly", "msg": "获取事件成功", "extra": {"slug": "will-zohran-mamdani-praise-donald-trump-on-friday", "event_id": "86247", "user": "admin"}}
{"ts": "2025-11-25T15:37:21.238524Z", "level": "INFO", "event": "EVT-1003", "event_code": "EVT-1003", "trace_id": "TRC-20251125153721-eaaabd897b93", "service": "voidpoly", "msg": "全局事件注册完成", "extra": {"total_events": "70+", "total_errors": "39+"}}
{"ts": "2025-11-25T15:37:21.267516Z", "level": "INFO", "event": "API.SERVER.START", "event_code": "API.SERVER.START", "trace_id": "TRC-20251125153721-eaaabd897b93", "service": "voidpoly", "msg": "API 服务器启动", "extra": {"host": "0.0.0.0", "port": 5000}}
{"ts": "2025-11-25T15:40:49.009984Z", "level": "INFO", "event": "API.CLIENT.INIT", "event_code": "EVT-PM-001", "trace_id": "TRC-20251125154049-20655c7c62ff", "service": "voidpoly", "msg": "Polymarket Gamma API 客户端初始化完成", "extra": {"base_url": "https://gamma-api.polymarket.com", "timeout": 30, "proxy_enabled": false}}
{"ts": "2025-11-25T15:40:49.009984Z", "level": "INFO", "event": "API.REQUEST.START", "event_code": "EVT-PM-002", "trace_id": "TRC-20251125154049-20655c7c62ff", "service": "voidpoly", "msg": "开始 API 请求", "extra": {"url": "https://gamma-api.polymarket.com/events/slug/what-will-trump-say-at-the-thanksgiving-turkey-pardon-on-tuesday-936", "params": {}}}
{"ts": "2025-11-25T15:40:49.977157Z", "level": "INFO", "event": "API.REQUEST.SUCCESS", "event_code": "EVT-PM-003", "trace_id": "TRC-20251125154049-20655c7c62ff", "service": "voidpoly", "msg": "API 请求成功", "extra": {"url": "https://gamma-api.polymarket.com/events/slug/what-will-trump-say-at-the-thanksgiving-turkey-pardon-on-tuesday-936", "status_code": 200, "response_size": 97371}}
{"ts": "2025-11-25T15:40:49.979155Z", "level": "INFO", "event": "API.POLYMARKET.EVENT.GET", "event_code": "API.POLYMARKET.EVENT.GET", "trace_id": "TRC-20251125154049-20655c7c62ff", "service": "voidpoly", "msg": "获取事件成功", "extra": {"slug": "what-will-trump-say-at-the-thanksgiving-turkey-pardon-on-tuesday-936", "event_id": "88673", "user": "admin"}}
{"ts": "2025-11-25T15:51:37.247279Z", "level": "INFO", "event": "EVT-1003", "event_code": "EVT-1003", "trace_id": "TRC-20251125155137-1a3cc6dcea50", "service": "voidpoly", "msg": "全局事件注册完成", "extra": {"total_events": "70+", "total_errors": "39+"}}
{"ts": "2025-11-25T15:51:37.310262Z", "level": "INFO", "event": "API.SERVER.START", "event_code": "API.SERVER.START", "trace_id": "TRC-20251125155137-1a3cc6dcea50", "service": "voidpoly", "msg": "API 服务器启动", "extra": {"host": "0.0.0.0", "port": 5000}}
{"ts": "2025-11-25T15:51:37.841158Z", "level": "INFO", "event": "EVT-1003", "event_code": "EVT-1003", "trace_id": "TRC-20251125155137-3f8c668615cc", "service": "voidpoly", "msg": "全局事件注册完成", "extra": {"total_events": "70+", "total_errors": "39+"}}
{"ts": "2025-11-25T15:51:37.880792Z", "level": "INFO", "event": "API.SERVER.START", "event_code": "API.SERVER.START", "trace_id": "TRC-20251125155137-3f8c668615cc", "service": "voidpoly", "msg": "API 服务器启动", "extra": {"host": "0.0.0.0", "port": 5000}}
{"ts": "2025-11-25T15:51:46.989452Z", "level": "INFO", "event": "EVT-1003", "event_code": "EVT-1003", "trace_id": "TRC-20251125155146-a522b1047945", "service": "voidpoly", "msg": "全局事件注册完成", "extra": {"total_events": "70+", "total_errors": "39+"}}
{"ts": "2025-11-25T15:51:47.025448Z", "level": "INFO", "event": "API.SERVER.START", "event_code": "API.SERVER.START", "trace_id": "TRC-20251125155146-a522b1047945", "service": "voidpoly", "msg": "API 服务器启动", "extra": {"host": "0.0.0.0", "port": 5000}}
{"ts": "2025-11-25T15:51:47.499626Z", "level": "INFO", "event": "EVT-1003", "event_code": "EVT-1003", "trace_id": "TRC-20251125155147-06e861aa0703", "service": "voidpoly", "msg": "全局事件注册完成", "extra": {"total_events": "70+", "total_errors": "39+"}}
{"ts": "2025-11-25T15:51:47.536613Z", "level": "INFO", "event": "API.SERVER.START", "event_code": "API.SERVER.START", "trace_id": "TRC-20251125155147-06e861aa0703", "service": "voidpoly", "msg": "API 服务器启动", "extra": {"host": "0.0.0.0", "port": 5000}}
{"ts": "2025-11-25T16:28:15.627690Z", "level": "WARN", "event": "AUTH.LOGIN.FAILED", "event_code": "AUTH.LOGIN.FAILED", "trace_id": "TRC-20251125162815-9def633a75cf", "service": "voidpoly", "msg": "登录失败", "extra": {"username": "voidfun", "ip": "127.0.0.1"}}
{"ts": "2025-11-25T16:28:24.005959Z", "level": "INFO", "event": "AUTH.LOGIN.SUCCESS", "event_code": "AUTH.LOGIN.SUCCESS", "trace_id": "TRC-20251125162824-6bea08cc4a03", "service": "voidpoly", "msg": "登录成功", "extra": {"username": "admin", "role": "admin", "ip": "127.0.0.1"}}
{"ts": "2025-11-25T17:42:25.560128Z", "level": "INFO", "event": "TOKEN.REFRESHER.TABLE_INIT", "event_code": "TOKEN.REFRESHER.TABLE_INIT", "trace_id": "TRC-20251125174225-e5447665adc8", "service": "TokenRefresher", "msg": "Token 刷新管理器数据库表初始化成功"}
{"ts": "2025-11-25T17:42:25.566127Z", "level": "INFO", "event": "TOKEN.REFRESHER.THREAD_STARTED", "event_code": "TOKEN.REFRESHER.THREAD_STARTED", "trace_id": "TRC-20251125174225-6c9ed1e01690", "service": "TokenRefresher", "msg": "Token 检查线程已启动", "extra": {"check_interval_minutes": 10}}
{"ts": "2025-11-25T17:42:25.566127Z", "level": "INFO", "event": "TOKEN.REFRESHER.STARTED", "event_code": "TOKEN.REFRESHER.STARTED", "trace_id": "TRC-20251125174225-e5447665adc8", "service": "TokenRefresher", "msg": "Token 刷新管理器已启动"}
{"ts": "2025-11-25T17:42:25.567133Z", "level": "INFO", "event": "TOKEN.REFRESHER.INIT", "event_code": "TOKEN.REFRESHER.INIT", "trace_id": "TRC-20251125174225-e5447665adc8", "service": "TokenRefresher", "msg": "Token 刷新管理器初始化完成", "extra": {"check_interval_minutes": 10, "auto_start": true}}
{"ts": "2025-11-25T17:44:46.939826Z", "level": "INFO", "event": "TOKEN.REFRESHER.TABLE_INIT", "event_code": "TOKEN.REFRESHER.TABLE_INIT", "trace_id": "TRC-20251125174225-e5447665adc8", "service": "TokenRefresher", "msg": "Token 刷新管理器数据库表初始化成功"}
{"ts": "2025-11-25T17:44:46.940808Z", "level": "INFO", "event": "TOKEN.REFRESHER.THREAD_STARTED", "event_code": "TOKEN.REFRESHER.THREAD_STARTED", "trace_id": "TRC-20251125174446-685126a7957a", "service": "TokenRefresher", "msg": "Token 检查线程已启动", "extra": {"check_interval_minutes": 10}}
{"ts": "2025-11-25T17:44:46.940808Z", "level": "INFO", "event": "TOKEN.REFRESHER.STARTED", "event_code": "TOKEN.REFRESHER.STARTED", "trace_id": "TRC-20251125174225-e5447665adc8", "service": "TokenRefresher", "msg": "Token 刷新管理器已启动"}
{"ts": "2025-11-25T17:44:46.941816Z", "level": "INFO", "event": "TOKEN.REFRESHER.INIT", "event_code": "TOKEN.REFRESHER.INIT", "trace_id": "TRC-20251125174225-e5447665adc8", "service": "TokenRefresher", "msg": "Token 刷新管理器初始化完成", "extra": {"check_interval_minutes": 10, "auto_start": true}}
{"ts": "2025-11-25T17:44:46.947835Z", "level": "WARN", "event": "TOKEN.REFRESHER.TOKEN_EXPIRED_MANUAL", "event_code": "TOKEN.REFRESHER.TOKEN_EXPIRED_MANUAL", "trace_id": "TRC-20251125174225-e5447665adc8", "service": "TokenRefresher", "msg": "Token 已被手动标记为过期", "extra": {"token_type": "auth_token"}}
{"ts": "2025-11-25T17:44:46.948837Z", "level": "ERROR", "event": "TOKEN.REFRESHER.TOKEN_EXPIRED", "event_code": "TOKEN.REFRESHER.TOKEN_EXPIRED", "trace_id": "TRC-20251125174225-e5447665adc8", "service": "TokenRefresher", "msg": "Token 已被手动标记为过期: 认证 Token", "error_code": "E-TOKEN-001", "extra": {"token_type": "auth_token", "description": "认证 Token", "manual_expire": true}}
{"ts": "2025-11-25T17:48:24.093497Z", "level": "INFO", "event": "TOKEN.REFRESHER.TABLE_INIT", "event_code": "TOKEN.REFRESHER.TABLE_INIT", "trace_id": "TRC-20251125174225-e5447665adc8", "service": "TokenRefresher", "msg": "Token 刷新管理器数据库表初始化成功"}
{"ts": "2025-11-25T17:48:24.094495Z", "level": "INFO", "event": "TOKEN.REFRESHER.THREAD_STARTED", "event_code": "TOKEN.REFRESHER.THREAD_STARTED", "trace_id": "TRC-20251125174824-58c807825b49", "service": "TokenRefresher", "msg": "Token 检查线程已启动", "extra": {"check_interval_minutes": 10}}
{"ts": "2025-11-25T17:48:24.094495Z", "level": "INFO", "event": "TOKEN.REFRESHER.STARTED", "event_code": "TOKEN.REFRESHER.STARTED", "trace_id": "TRC-20251125174225-e5447665adc8", "service": "TokenRefresher", "msg": "Token 刷新管理器已启动"}
{"ts": "2025-11-25T17:48:24.095491Z", "level": "INFO", "event": "TOKEN.REFRESHER.INIT", "event_code": "TOKEN.REFRESHER.INIT", "trace_id": "TRC-20251125174225-e5447665adc8", "service": "TokenRefresher", "msg": "Token 刷新管理器初始化完成", "extra": {"check_interval_minutes": 10, "auto_start": true}}
{"ts": "2025-11-25T17:48:24.095491Z", "level": "WARN", "event": "TOKEN.REFRESHER.TOKEN_EXPIRED_MANUAL", "event_code": "TOKEN.REFRESHER.TOKEN_EXPIRED_MANUAL", "trace_id": "TRC-20251125174225-e5447665adc8", "service": "TokenRefresher", "msg": "Token 已被手动标记为过期", "extra": {"token_type": "auth_token"}}
{"ts": "2025-11-25T17:48:24.096489Z", "level": "ERROR", "event": "TOKEN.REFRESHER.TOKEN_EXPIRED", "event_code": "TOKEN.REFRESHER.TOKEN_EXPIRED", "trace_id": "TRC-20251125174225-e5447665adc8", "service": "TokenRefresher", "msg": "Token 已被手动标记为过期: 认证 Token", "error_code": "E-TOKEN-001", "extra": {"token_type": "auth_token", "description": "认证 Token", "manual_expire": true}}
{"ts": "2025-11-25T17:54:57.764121Z", "level": "INFO", "event": "EVT-1003", "event_code": "EVT-1003", "trace_id": "TRC-20251125175457-24270462cf06", "service": "voidpoly", "msg": "全局事件注册完成", "extra": {"total_events": "70+", "total_errors": "39+"}}
{"ts": "2025-11-25T17:54:57.793116Z", "level": "INFO", "event": "TOKEN.REFRESHER.TABLE_INIT", "event_code": "TOKEN.REFRESHER.TABLE_INIT", "trace_id": "TRC-20251125175457-24270462cf06", "service": "voidpoly", "msg": "Token 刷新管理器数据库表初始化成功"}
{"ts": "2025-11-25T17:54:57.794115Z", "level": "INFO", "event": "TOKEN.REFRESHER.THREAD_STARTED", "event_code": "TOKEN.REFRESHER.THREAD_STARTED", "trace_id": "TRC-20251125175457-2ff47a2a7594", "service": "voidpoly", "msg": "Token 检查线程已启动", "extra": {"check_interval_minutes": 10}}
{"ts": "2025-11-25T17:54:57.794115Z", "level": "INFO", "event": "TOKEN.REFRESHER.STARTED", "event_code": "TOKEN.REFRESHER.STARTED", "trace_id": "TRC-20251125175457-24270462cf06", "service": "voidpoly", "msg": "Token 刷新管理器已启动"}
{"ts": "2025-11-25T17:54:57.795140Z", "level": "INFO", "event": "TOKEN.REFRESHER.INIT", "event_code": "TOKEN.REFRESHER.INIT", "trace_id": "TRC-20251125175457-24270462cf06", "service": "voidpoly", "msg": "Token 刷新管理器初始化完成", "extra": {"check_interval_minutes": 10, "auto_start": true}}
{"ts": "2025-11-25T17:54:57.811124Z", "level": "INFO", "event": "API.SERVER.START", "event_code": "API.SERVER.START", "trace_id": "TRC-20251125175457-24270462cf06", "service": "voidpoly", "msg": "API 服务器启动", "extra": {"host": "0.0.0.0", "port": 5000}}
{"ts": "2025-11-25T17:54:58.339004Z", "level": "INFO", "event": "EVT-1003", "event_code": "EVT-1003", "trace_id": "TRC-20251125175458-617d6d70a0ed", "service": "voidpoly", "msg": "全局事件注册完成", "extra": {"total_events": "70+", "total_errors": "39+"}}
{"ts": "2025-11-25T17:54:58.362993Z", "level": "INFO", "event": "TOKEN.REFRESHER.TABLE_INIT", "event_code": "TOKEN.REFRESHER.TABLE_INIT", "trace_id": "TRC-20251125175458-617d6d70a0ed", "service": "voidpoly", "msg": "Token 刷新管理器数据库表初始化成功"}
{"ts": "2025-11-25T17:54:58.365007Z", "level": "INFO", "event": "TOKEN.REFRESHER.THREAD_STARTED", "event_code": "TOKEN.REFRESHER.THREAD_STARTED", "trace_id": "TRC-20251125175458-03d1ba7a8780", "service": "voidpoly", "msg": "Token 检查线程已启动", "extra": {"check_interval_minutes": 10}}
{"ts": "2025-11-25T17:54:58.365007Z", "level": "INFO", "event": "TOKEN.REFRESHER.STARTED", "event_code": "TOKEN.REFRESHER.STARTED", "trace_id": "TRC-20251125175458-617d6d70a0ed", "service": "voidpoly", "msg": "Token 刷新管理器已启动"}
{"ts": "2025-11-25T17:54:58.365996Z", "level": "INFO", "event": "TOKEN.REFRESHER.INIT", "event_code": "TOKEN.REFRESHER.INIT", "trace_id": "TRC-20251125175458-617d6d70a0ed", "service": "voidpoly", "msg": "Token 刷新管理器初始化完成", "extra": {"check_interval_minutes": 10, "auto_start": true}}
{"ts": "2025-11-25T17:54:58.383007Z", "level": "INFO", "event": "API.SERVER.START", "event_code": "API.SERVER.START", "trace_id": "TRC-20251125175458-617d6d70a0ed", "service": "voidpoly", "msg": "API 服务器启动", "extra": {"host": "0.0.0.0", "port": 5000}}
{"ts": "2025-11-25T17:55:02.965348Z", "level": "INFO", "event": "TOKEN.API.STATUS.GET", "event_code": "TOKEN.API.STATUS.GET", "trace_id": "TRC-20251125175502-a8cca3383974", "service": "voidpoly", "msg": "获取 Token 状态", "extra": {"user": "admin", "token_count": 0}}
{"ts": "2025-11-25T17:55:06.292330Z", "level": "INFO", "event": "TOKEN.API.STATUS.GET", "event_code": "TOKEN.API.STATUS.GET", "trace_id": "TRC-20251125175506-4a1d2992845c", "service": "voidpoly", "msg": "获取 Token 状态", "extra": {"user": "admin", "token_count": 0}}
{"ts": "2025-11-25T17:55:07.671175Z", "level": "INFO", "event": "TOKEN.API.CHECK", "event_code": "TOKEN.API.CHECK", "trace_id": "TRC-20251125175507-25d3122d6229", "service": "voidpoly", "msg": "手动检查 Token 状态", "extra": {"user": "admin", "result": {}}}
{"ts": "2025-11-25T17:55:07.983328Z", "level": "INFO", "event": "TOKEN.API.STATUS.GET", "event_code": "TOKEN.API.STATUS.GET", "trace_id": "TRC-20251125175507-dc07080ceb28", "service": "voidpoly", "msg": "获取 Token 状态", "extra": {"user": "admin", "token_count": 0}}
{"ts": "2025-11-25T17:55:10.431933Z", "level": "INFO", "event": "TOKEN.API.STATUS.GET", "event_code": "TOKEN.API.STATUS.GET", "trace_id": "TRC-20251125175510-9f75be80d631", "service": "voidpoly", "msg": "获取 Token 状态", "extra": {"user": "admin", "token_count": 0}}
{"ts": "2025-11-25T17:55:26.123990Z", "level": "ERROR", "event": "DB.DATA.ERROR", "event_code": "DB.DATA.ERROR", "trace_id": "TRC-20251125175526-f707a0374b25", "service": "voidpoly", "msg": "获取表数据失败", "error_code": "E-API-009", "extra": {"error": "no such column: id", "table": "token_configs"}}
{"ts": "2025-11-25T17:55:32.208095Z", "level": "ERROR", "event": "DB.DATA.ERROR", "event_code": "DB.DATA.ERROR", "trace_id": "TRC-20251125175532-c5adf3794cd6", "service": "voidpoly", "msg": "获取表数据失败", "error_code": "E-API-009", "extra": {"error": "no such column: id", "table": "token_refresher_config"}}
{"ts": "2025-11-25T17:55:36.968717Z", "level": "ERROR", "event": "DB.DATA.ERROR", "event_code": "DB.DATA.ERROR", "trace_id": "TRC-20251125175536-4e6a1fff0526", "service": "voidpoly", "msg": "获取表数据失败", "error_code": "E-API-009", "extra": {"error": "no such column: id", "table": "token_status"}}
{"ts": "2025-11-25T17:55:45.600544Z", "level": "ERROR", "event": "DB.DATA.ERROR", "event_code": "DB.DATA.ERROR", "trace_id": "TRC-20251125175545-fa7fc678574f", "service": "voidpoly", "msg": "获取表数据失败", "error_code": "E-API-009", "extra": {"error": "no such column: id", "table": "sqlite_sequence"}}
{"ts": "2025-11-25T17:55:46.877021Z", "level": "ERROR", "event": "DB.DATA.ERROR", "event_code": "DB.DATA.ERROR", "trace_id": "TRC-20251125175546-32515725a850", "service": "voidpoly", "msg": "获取表数据失败", "error_code": "E-API-009", "extra": {"error": "no such column: id", "table": "token_configs"}}
{"ts": "2025-11-25T17:55:48.463509Z", "level": "ERROR", "event": "DB.DATA.ERROR", "event_code": "DB.DATA.ERROR", "trace_id": "TRC-20251125175548-fd5ad60cb8aa", "service": "voidpoly", "msg": "获取表数据失败", "error_code": "E-API-009", "extra": {"error": "no such column: id", "table": "token_refresher_config"}}
{"ts": "2025-11-25T17:55:51.826037Z", "level": "ERROR", "event": "DB.DATA.ERROR", "event_code": "DB.DATA.ERROR", "trace_id": "TRC-20251125175551-79241eb0d2ba", "service": "voidpoly", "msg": "获取表数据失败", "error_code": "E-API-009", "extra": {"error": "no such column: id", "table": "token_status"}}
{"ts": "2025-11-25T17:55:54.900351Z", "level": "ERROR", "event": "DB.DATA.ERROR", "event_code": "DB.DATA.ERROR", "trace_id": "TRC-20251125175554-4f8dcc7866ea", "service": "voidpoly", "msg": "获取表数据失败", "error_code": "E-API-009", "extra": {"error": "no such column: id", "table": "token_configs"}}
{"ts": "2025-11-25T17:55:58.115218Z", "level": "ERROR", "event": "DB.DATA.ERROR", "event_code": "DB.DATA.ERROR", "trace_id": "TRC-20251125175558-9b57d46c873f", "service": "voidpoly", "msg": "获取表数据失败", "error_code": "E-API-009", "extra": {"error": "no such column: id", "table": "token_refresher_config"}}
{"ts": "2025-11-25T17:56:00.154190Z", "level": "ERROR", "event": "DB.DATA.ERROR", "event_code": "DB.DATA.ERROR", "trace_id": "TRC-20251125175600-52a438884484", "service": "voidpoly", "msg": "获取表数据失败", "error_code": "E-API-009", "extra": {"error": "no such column: id", "table": "sqlite_sequence"}}
{"ts": "2025-11-25T17:56:21.824900Z", "level": "INFO", "event": "TOKEN.API.STATUS.GET", "event_code": "TOKEN.API.STATUS.GET", "trace_id": "TRC-20251125175621-d3ce99faf32c", "service": "voidpoly", "msg": "获取 Token 状态", "extra": {"user": "admin", "token_count": 0}}
{"ts": "2025-11-25T17:56:37.503095Z", "level": "ERROR", "event": "DB.DATA.ERROR", "event_code": "DB.DATA.ERROR", "trace_id": "TRC-20251125175637-6037b87dc793", "service": "voidpoly", "msg": "获取表数据失败", "error_code": "E-API-009", "extra": {"error": "no such column: id", "table": "token_configs"}}
{"ts": "2025-11-25T17:58:40.462292Z", "level": "INFO", "event": "EVT-1003", "event_code": "EVT-1003", "trace_id": "TRC-20251125175840-53bcd96ace52", "service": "voidpoly", "msg": "全局事件注册完成", "extra": {"total_events": "70+", "total_errors": "39+"}}
{"ts": "2025-11-25T17:58:40.491471Z", "level": "INFO", "event": "TOKEN.REFRESHER.TABLE_INIT", "event_code": "TOKEN.REFRESHER.TABLE_INIT", "trace_id": "TRC-20251125175840-53bcd96ace52", "service": "voidpoly", "msg": "Token 刷新管理器数据库表初始化成功"}
{"ts": "2025-11-25T17:58:40.493462Z", "level": "INFO", "event": "TOKEN.REFRESHER.THREAD_STARTED", "event_code": "TOKEN.REFRESHER.THREAD_STARTED", "trace_id": "TRC-20251125175840-8cdec7a6a890", "service": "voidpoly", "msg": "Token 检查线程已启动", "extra": {"check_interval_minutes": 10}}
{"ts": "2025-11-25T17:58:40.493462Z", "level": "INFO", "event": "TOKEN.REFRESHER.STARTED", "event_code": "TOKEN.REFRESHER.STARTED", "trace_id": "TRC-20251125175840-53bcd96ace52", "service": "voidpoly", "msg": "Token 刷新管理器已启动"}
{"ts": "2025-11-25T17:58:40.494463Z", "level": "INFO", "event": "TOKEN.REFRESHER.INIT", "event_code": "TOKEN.REFRESHER.INIT", "trace_id": "TRC-20251125175840-53bcd96ace52", "service": "voidpoly", "msg": "Token 刷新管理器初始化完成", "extra": {"check_interval_minutes": 10, "auto_start": true}}
{"ts": "2025-11-25T17:58:40.510483Z", "level": "INFO", "event": "API.SERVER.START", "event_code": "API.SERVER.START", "trace_id": "TRC-20251125175840-53bcd96ace52", "service": "voidpoly", "msg": "API 服务器启动", "extra": {"host": "0.0.0.0", "port": 5000}}
{"ts": "2025-11-25T18:00:48.607404Z", "level": "INFO", "event": "TOKEN.API.STATUS.GET", "event_code": "TOKEN.API.STATUS.GET", "trace_id": "TRC-20251125180048-8cb0f7a083a0", "service": "voidpoly", "msg": "获取 Token 状态", "extra": {"user": "admin", "token_count": 0}}
{"ts": "2025-11-25T18:00:50.814521Z", "level": "INFO", "event": "TOKEN.API.STATUS.GET", "event_code": "TOKEN.API.STATUS.GET", "trace_id": "TRC-20251125180050-93de0074f7c9", "service": "voidpoly", "msg": "获取 Token 状态", "extra": {"user": "admin", "token_count": 0}}
{"ts": "2025-11-25T18:00:52.401122Z", "level": "INFO", "event": "TOKEN.API.CHECK", "event_code": "TOKEN.API.CHECK", "trace_id": "TRC-20251125180052-e3a4fab33e6c", "service": "voidpoly", "msg": "手动检查 Token 状态", "extra": {"user": "admin", "result": {}}}
{"ts": "2025-11-25T18:00:52.448283Z", "level": "INFO", "event": "TOKEN.API.STATUS.GET", "event_code": "TOKEN.API.STATUS.GET", "trace_id": "TRC-20251125180052-f6656d45d9cf", "service": "voidpoly", "msg": "获取 Token 状态", "extra": {"user": "admin", "token_count": 0}}
{"ts": "2025-11-25T18:01:08.684283Z", "level": "INFO", "event": "EVT-1003", "event_code": "EVT-1003", "trace_id": "TRC-20251125180108-659b182c37f1", "service": "voidpoly", "msg": "全局事件注册完成", "extra": {"total_events": "70+", "total_errors": "39+"}}
{"ts": "2025-11-25T18:01:08.707295Z", "level": "INFO", "event": "TOKEN.REFRESHER.TABLE_INIT", "event_code": "TOKEN.REFRESHER.TABLE_INIT", "trace_id": "TRC-20251125180108-659b182c37f1", "service": "voidpoly", "msg": "Token 刷新管理器数据库表初始化成功"}
{"ts": "2025-11-25T18:01:08.718831Z", "level": "INFO", "event": "TOKEN.REFRESHER.THREAD_STARTED", "event_code": "TOKEN.REFRESHER.THREAD_STARTED", "trace_id": "TRC-20251125180108-405126946b08", "service": "voidpoly", "msg": "Token 检查线程已启动", "extra": {"check_interval_minutes": 10}}
{"ts": "2025-11-25T18:01:08.718831Z", "level": "INFO", "event": "TOKEN.REFRESHER.STARTED", "event_code": "TOKEN.REFRESHER.STARTED", "trace_id": "TRC-20251125180108-659b182c37f1", "service": "voidpoly", "msg": "Token 刷新管理器已启动"}
{"ts": "2025-11-25T18:01:08.719831Z", "level": "INFO", "event": "TOKEN.REFRESHER.INIT", "event_code": "TOKEN.REFRESHER.INIT", "trace_id": "TRC-20251125180108-659b182c37f1", "service": "voidpoly", "msg": "Token 刷新管理器初始化完成", "extra": {"check_interval_minutes": 10, "auto_start": true}}
{"ts": "2025-11-25T18:01:08.743828Z", "level": "INFO", "event": "API.SERVER.START", "event_code": "API.SERVER.START", "trace_id": "TRC-20251125180108-659b182c37f1", "service": "voidpoly", "msg": "API 服务器启动", "extra": {"host": "0.0.0.0", "port": 5000}}
{"ts": "2025-11-25T18:01:08.767819Z", "level": "INFO", "event": "TOKEN.REFRESHER.CHECK_COMPLETED", "event_code": "TOKEN.REFRESHER.CHECK_COMPLETED", "trace_id": "TRC-20251125180108-405126946b08", "service": "voidpoly", "msg": "Token 过期检查完成", "extra": {"total_tokens": 3, "expired_tokens": 3}}
{"ts": "2025-11-25T18:04:53.063666Z", "level": "INFO", "event": "TOKEN.REFRESHER.TABLE_INIT", "event_code": "TOKEN.REFRESHER.TABLE_INIT", "trace_id": "TRC-20251125180453-1ce6891490f8", "service": "TokenRefresher", "msg": "Token 刷新管理器数据库表初始化成功"}
{"ts": "2025-11-25T18:04:53.065651Z", "level": "INFO", "event": "TOKEN.REFRESHER.THREAD_STARTED", "event_code": "TOKEN.REFRESHER.THREAD_STARTED", "trace_id": "TRC-20251125180453-012a88c54219", "service": "TokenRefresher", "msg": "Token 检查线程已启动", "extra": {"check_interval_minutes": 10}}
{"ts": "2025-11-25T18:04:53.065651Z", "level": "INFO", "event": "TOKEN.REFRESHER.STARTED", "event_code": "TOKEN.REFRESHER.STARTED", "trace_id": "TRC-20251125180453-1ce6891490f8", "service": "TokenRefresher", "msg": "Token 刷新管理器已启动"}
{"ts": "2025-11-25T18:04:53.066649Z", "level": "INFO", "event": "TOKEN.REFRESHER.INIT", "event_code": "TOKEN.REFRESHER.INIT", "trace_id": "TRC-20251125180453-1ce6891490f8", "service": "TokenRefresher", "msg": "Token 刷新管理器初始化完成", "extra": {"check_interval_minutes": 10, "auto_start": true}}
{"ts": "2025-11-25T18:04:53.129319Z", "level": "INFO", "event": "TOKEN.REFRESHER.CHECK_COMPLETED", "event_code": "TOKEN.REFRESHER.CHECK_COMPLETED", "trace_id": "TRC-20251125180453-012a88c54219", "service": "TokenRefresher", "msg": "Token 过期检查完成", "extra": {"total_tokens": 3, "expired_tokens": 3}}
{"ts": "2025-11-25T18:05:13.287727Z", "level": "INFO", "event": "EVT-1003", "event_code": "EVT-1003", "trace_id": "TRC-20251125180513-270787f7c5cd", "service": "voidpoly", "msg": "全局事件注册完成", "extra": {"total_events": "70+", "total_errors": "39+"}}
{"ts": "2025-11-25T18:05:13.313716Z", "level": "INFO", "event": "TOKEN.REFRESHER.TABLE_INIT", "event_code": "TOKEN.REFRESHER.TABLE_INIT", "trace_id": "TRC-20251125180513-270787f7c5cd", "service": "voidpoly", "msg": "Token 刷新管理器数据库表初始化成功"}
{"ts": "2025-11-25T18:05:13.315708Z", "level": "INFO", "event": "TOKEN.REFRESHER.THREAD_STARTED", "event_code": "TOKEN.REFRESHER.THREAD_STARTED", "trace_id": "TRC-20251125180513-30dac5af5bbc", "service": "voidpoly", "msg": "Token 检查线程已启动", "extra": {"check_interval_minutes": 10}}
{"ts": "2025-11-25T18:05:13.315708Z", "level": "INFO", "event": "TOKEN.REFRESHER.STARTED", "event_code": "TOKEN.REFRESHER.STARTED", "trace_id": "TRC-20251125180513-270787f7c5cd", "service": "voidpoly", "msg": "Token 刷新管理器已启动"}
{"ts": "2025-11-25T18:05:13.316714Z", "level": "INFO", "event": "TOKEN.REFRESHER.INIT", "event_code": "TOKEN.REFRESHER.INIT", "trace_id": "TRC-20251125180513-270787f7c5cd", "service": "voidpoly", "msg": "Token 刷新管理器初始化完成", "extra": {"check_interval_minutes": 10, "auto_start": true}}
{"ts": "2025-11-25T18:05:13.347767Z", "level": "INFO", "event": "TOKEN.REFRESHER.CHECK_COMPLETED", "event_code": "TOKEN.REFRESHER.CHECK_COMPLETED", "trace_id": "TRC-20251125180513-30dac5af5bbc", "service": "voidpoly", "msg": "Token 过期检查完成", "extra": {"total_tokens": 3, "expired_tokens": 3}}
{"ts": "2025-11-25T18:05:13.360768Z", "level": "INFO", "event": "API.SERVER.START", "event_code": "API.SERVER.START", "trace_id": "TRC-20251125180513-270787f7c5cd", "service": "voidpoly", "msg": "API 服务器启动", "extra": {"host": "0.0.0.0", "port": 5000}}
{"ts": "2025-11-25T18:05:13.799905Z", "level": "INFO", "event": "EVT-1003", "event_code": "EVT-1003", "trace_id": "TRC-20251125180513-b5d1fcd89dbc", "service": "voidpoly", "msg": "全局事件注册完成", "extra": {"total_events": "70+", "total_errors": "39+"}}
{"ts": "2025-11-25T18:05:13.821897Z", "level": "INFO", "event": "TOKEN.REFRESHER.TABLE_INIT", "event_code": "TOKEN.REFRESHER.TABLE_INIT", "trace_id": "TRC-20251125180513-b5d1fcd89dbc", "service": "voidpoly", "msg": "Token 刷新管理器数据库表初始化成功"}
{"ts": "2025-11-25T18:05:13.823888Z", "level": "INFO", "event": "TOKEN.REFRESHER.THREAD_STARTED", "event_code": "TOKEN.REFRESHER.THREAD_STARTED", "trace_id": "TRC-20251125180513-675abc36bfec", "service": "voidpoly", "msg": "Token 检查线程已启动", "extra": {"check_interval_minutes": 10}}
{"ts": "2025-11-25T18:05:13.823888Z", "level": "INFO", "event": "TOKEN.REFRESHER.STARTED", "event_code": "TOKEN.REFRESHER.STARTED", "trace_id": "TRC-20251125180513-b5d1fcd89dbc", "service": "voidpoly", "msg": "Token 刷新管理器已启动"}
{"ts": "2025-11-25T18:05:13.824887Z", "level": "INFO", "event": "TOKEN.REFRESHER.INIT", "event_code": "TOKEN.REFRESHER.INIT", "trace_id": "TRC-20251125180513-b5d1fcd89dbc", "service": "voidpoly", "msg": "Token 刷新管理器初始化完成", "extra": {"check_interval_minutes": 10, "auto_start": true}}
{"ts": "2025-11-25T18:05:13.825883Z", "level": "INFO", "event": "TOKEN.REFRESHER.CHECK_COMPLETED", "event_code": "TOKEN.REFRESHER.CHECK_COMPLETED", "trace_id": "TRC-20251125180513-675abc36bfec", "service": "voidpoly", "msg": "Token 过期检查完成", "extra": {"total_tokens": 3, "expired_tokens": 3}}
{"ts": "2025-11-25T18:05:13.841085Z", "level": "INFO", "event": "API.SERVER.START", "event_code": "API.SERVER.START", "trace_id": "TRC-20251125180513-b5d1fcd89dbc", "service": "voidpoly", "msg": "API 服务器启动", "extra": {"host": "0.0.0.0", "port": 5000}}
{"ts": "2025-11-25T18:05:20.854871Z", "level": "INFO", "event": "TOKEN.API.STATUS.GET", "event_code": "TOKEN.API.STATUS.GET", "trace_id": "TRC-20251125180520-8fdce22585b3", "service": "voidpoly", "msg": "获取 Token 状态", "extra": {"user": "admin", "token_count": 3}}
{"ts": "2025-11-25T18:05:33.999009Z", "level": "INFO", "event": "TOKEN.API.STATUS.GET", "event_code": "TOKEN.API.STATUS.GET", "trace_id": "TRC-20251125180533-052cffd58063", "service": "voidpoly", "msg": "获取 Token 状态", "extra": {"user": "admin", "token_count": 3}}
{"ts": "2025-11-25T18:08:34.846815Z", "level": "INFO", "event": "TOKEN.API.STATUS.GET", "event_code": "TOKEN.API.STATUS.GET", "trace_id": "TRC-20251125180834-0427149b6d98", "service": "voidpoly", "msg": "获取 Token 状态", "extra": {"user": "admin", "token_count": 3}}
{"ts": "2025-11-25T18:09:04.331581Z", "level": "INFO", "event": "TOKEN.API.STATUS.GET", "event_code": "TOKEN.API.STATUS.GET", "trace_id": "TRC-20251125180904-0d1be5c45d4b", "service": "voidpoly", "msg": "获取 Token 状态", "extra": {"user": "admin", "token_count": 3}}
{"ts": "2025-11-25T18:09:04.595100Z", "level": "INFO", "event": "TOKEN.API.STATUS.GET", "event_code": "TOKEN.API.STATUS.GET", "trace_id": "TRC-20251125180904-e522a9975b19", "service": "voidpoly", "msg": "获取 Token 状态", "extra": {"user": "admin", "token_count": 3}}
{"ts": "2025-11-25T18:09:21.439887Z", "level": "INFO", "event": "TOKEN.API.STATUS.GET", "event_code": "TOKEN.API.STATUS.GET", "trace_id": "TRC-20251125180921-3d1c46738a5b", "service": "voidpoly", "msg": "获取 Token 状态", "extra": {"user": "admin", "token_count": 3}}
{"ts": "2025-11-25T18:12:10.755450Z", "level": "INFO", "event": "TOKEN.API.STATUS.GET", "event_code": "TOKEN.API.STATUS.GET", "trace_id": "TRC-20251125181210-c10c10936043", "service": "voidpoly", "msg": "获取 Token 状态", "extra": {"user": "admin", "token_count": 3}}
{"ts": "2025-11-25T18:12:44.971258Z", "level": "INFO", "event": "TOKEN.REFRESHER.TOKEN_UPDATED", "event_code": "TOKEN.REFRESHER.TOKEN_UPDATED", "trace_id": "TRC-20251125181244-0e5b182893db", "service": "voidpoly", "msg": "Token 信息已更新", "extra": {"token_type": "auth_token", "expires_at": "2025-12-03T02:12:44.918772", "has_value": true}}
{"ts": "2025-11-25T18:12:44.972254Z", "level": "INFO", "event": "TOKEN.API.UPDATE", "event_code": "TOKEN.API.UPDATE", "trace_id": "TRC-20251125181244-0e5b182893db", "service": "voidpoly", "msg": "更新 Token 成功", "extra": {"user": "admin", "token_type": "auth_token", "has_value": true, "has_expires_at": false}}
{"ts": "2025-11-25T18:12:45.184065Z", "level": "INFO", "event": "TOKEN.REFRESHER.TOKEN_UPDATED", "event_code": "TOKEN.REFRESHER.TOKEN_UPDATED", "trace_id": "TRC-20251125181245-40ba9186bcf9", "service": "voidpoly", "msg": "Token 信息已更新", "extra": {"token_type": "access_token", "expires_at": "2025-11-27T02:12:45.180080", "has_value": true}}
{"ts": "2025-11-25T18:12:45.185065Z", "level": "INFO", "event": "TOKEN.API.UPDATE", "event_code": "TOKEN.API.UPDATE", "trace_id": "TRC-20251125181245-40ba9186bcf9", "service": "voidpoly", "msg": "更新 Token 成功", "extra": {"user": "admin", "token_type": "access_token", "has_value": true, "has_expires_at": false}}
{"ts": "2025-11-25T18:12:45.502262Z", "level": "INFO", "event": "TOKEN.API.STATUS.GET", "event_code": "TOKEN.API.STATUS.GET", "trace_id": "TRC-20251125181245-72027de26497", "service": "voidpoly", "msg": "获取 Token 状态", "extra": {"user": "admin", "token_count": 3}}
{"ts": "2025-11-25T18:13:13.854870Z", "level": "INFO", "event": "EVT-1003", "event_code": "EVT-1003", "trace_id": "TRC-20251125181313-748050c61967", "service": "voidpoly", "msg": "全局事件注册完成", "extra": {"total_events": "70+", "total_errors": "39+"}}
{"ts": "2025-11-25T18:13:13.882936Z", "level": "INFO", "event": "TOKEN.REFRESHER.TABLE_INIT", "event_code": "TOKEN.REFRESHER.TABLE_INIT", "trace_id": "TRC-20251125181313-748050c61967", "service": "voidpoly", "msg": "Token 刷新管理器数据库表初始化成功"}
{"ts": "2025-11-25T18:13:13.884937Z", "level": "INFO", "event": "TOKEN.REFRESHER.THREAD_STARTED", "event_code": "TOKEN.REFRESHER.THREAD_STARTED", "trace_id": "TRC-20251125181313-eec7cc6ff965", "service": "voidpoly", "msg": "Token 检查线程已启动", "extra": {"check_interval_minutes": 10}}
{"ts": "2025-11-25T18:13:13.885940Z", "level": "INFO", "event": "TOKEN.REFRESHER.STARTED", "event_code": "TOKEN.REFRESHER.STARTED", "trace_id": "TRC-20251125181313-748050c61967", "service": "voidpoly", "msg": "Token 刷新管理器已启动"}
{"ts": "2025-11-25T18:13:13.886942Z", "level": "INFO", "event": "TOKEN.REFRESHER.INIT", "event_code": "TOKEN.REFRESHER.INIT", "trace_id": "TRC-20251125181313-748050c61967", "service": "voidpoly", "msg": "Token 刷新管理器初始化完成", "extra": {"check_interval_minutes": 10, "auto_start": true}}
{"ts": "2025-11-25T18:13:13.916984Z", "level": "INFO", "event": "TOKEN.REFRESHER.CHECK_COMPLETED", "event_code": "TOKEN.REFRESHER.CHECK_COMPLETED", "trace_id": "TRC-20251125181313-eec7cc6ff965", "service": "voidpoly", "msg": "Token 过期检查完成", "extra": {"total_tokens": 3, "expired_tokens": 1}}
{"ts": "2025-11-25T18:13:13.930422Z", "level": "INFO", "event": "API.SERVER.START", "event_code": "API.SERVER.START", "trace_id": "TRC-20251125181313-748050c61967", "service": "voidpoly", "msg": "API 服务器启动", "extra": {"host": "0.0.0.0", "port": 5000}}
{"ts": "2025-11-25T18:13:18.919388Z", "level": "INFO", "event": "TOKEN.REFRESHER.TOKEN_UPDATED", "event_code": "TOKEN.REFRESHER.TOKEN_UPDATED", "trace_id": "TRC-20251125181318-70b47b598435", "service": "voidpoly", "msg": "Token 信息已更新", "extra": {"token_type": "coze_token", "expires_at": "2025-12-26T02:13:18.909848", "has_value": true}}
{"ts": "2025-11-25T18:13:18.919388Z", "level": "INFO", "event": "TOKEN.API.UPDATE", "event_code": "TOKEN.API.UPDATE", "trace_id": "TRC-20251125181318-70b47b598435", "service": "voidpoly", "msg": "更新 Token 成功", "extra": {"user": "admin", "token_type": "coze_token", "has_value": true, "has_expires_at": false}}
{"ts": "2025-11-25T18:13:19.236827Z", "level": "INFO", "event": "TOKEN.API.STATUS.GET", "event_code": "TOKEN.API.STATUS.GET", "trace_id": "TRC-20251125181319-e0744d3ba0d4", "service": "voidpoly", "msg": "获取 Token 状态", "extra": {"user": "admin", "token_count": 3}}
{"ts": "2025-11-25T18:13:21.613007Z", "level": "INFO", "event": "TOKEN.REFRESHER.CHECK_COMPLETED", "event_code": "TOKEN.REFRESHER.CHECK_COMPLETED", "trace_id": "TRC-20251125181321-cc2b10b23cbb", "service": "voidpoly", "msg": "Token 过期检查完成", "extra": {"total_tokens": 3, "expired_tokens": 0}}
{"ts": "2025-11-25T18:13:21.614017Z", "level": "INFO", "event": "TOKEN.API.CHECK", "event_code": "TOKEN.API.CHECK", "trace_id": "TRC-20251125181321-cc2b10b23cbb", "service": "voidpoly", "msg": "手动检查 Token 状态", "extra": {"user": "admin", "result": {"coze_token": false, "auth_token": false, "access_token": false}}}
{"ts": "2025-11-25T18:13:21.842346Z", "level": "INFO", "event": "TOKEN.API.STATUS.GET", "event_code": "TOKEN.API.STATUS.GET", "trace_id": "TRC-20251125181321-ff6b078543b2", "service": "voidpoly", "msg": "获取 Token 状态", "extra": {"user": "admin", "token_count": 3}}
{"ts": "2025-11-25T18:13:23.423047Z", "level": "INFO", "event": "TOKEN.REFRESHER.CHECK_COMPLETED", "event_code": "TOKEN.REFRESHER.CHECK_COMPLETED", "trace_id": "TRC-20251125181323-8d3bcbda2f67", "service": "voidpoly", "msg": "Token 过期检查完成", "extra": {"total_tokens": 3, "expired_tokens": 0}}
{"ts": "2025-11-25T18:13:23.424048Z", "level": "INFO", "event": "TOKEN.API.CHECK", "event_code": "TOKEN.API.CHECK", "trace_id": "TRC-20251125181323-8d3bcbda2f67", "service": "voidpoly", "msg": "手动检查 Token 状态", "extra": {"user": "admin", "result": {"coze_token": false, "auth_token": false, "access_token": false}}}
{"ts": "2025-11-25T18:13:23.738344Z", "level": "INFO", "event": "TOKEN.API.STATUS.GET", "event_code": "TOKEN.API.STATUS.GET", "trace_id": "TRC-20251125181323-ed76c06a09af", "service": "voidpoly", "msg": "获取 Token 状态", "extra": {"user": "admin", "token_count": 3}}
{"ts": "2025-11-25T18:13:24.021126Z", "level": "INFO", "event": "TOKEN.REFRESHER.CHECK_COMPLETED", "event_code": "TOKEN.REFRESHER.CHECK_COMPLETED", "trace_id": "TRC-20251125181324-12af7c8503bc", "service": "voidpoly", "msg": "Token 过期检查完成", "extra": {"total_tokens": 3, "expired_tokens": 0}}
{"ts": "2025-11-25T18:13:24.021126Z", "level": "INFO", "event": "TOKEN.API.CHECK", "event_code": "TOKEN.API.CHECK", "trace_id": "TRC-20251125181324-12af7c8503bc", "service": "voidpoly", "msg": "手动检查 Token 状态", "extra": {"user": "admin", "result": {"coze_token": false, "auth_token": false, "access_token": false}}}
{"ts": "2025-11-25T18:13:24.344911Z", "level": "INFO", "event": "TOKEN.API.STATUS.GET", "event_code": "TOKEN.API.STATUS.GET", "trace_id": "TRC-20251125181324-7d0fd386324b", "service": "voidpoly", "msg": "获取 Token 状态", "extra": {"user": "admin", "token_count": 3}}
{"ts": "2025-11-25T18:13:34.095062Z", "level": "WARN", "event": "TOKEN.REFRESHER.TOKEN_EXPIRED_MANUAL", "event_code": "TOKEN.REFRESHER.TOKEN_EXPIRED_MANUAL", "trace_id": "TRC-20251125181334-3cf90e8e4d59", "service": "voidpoly", "msg": "Token 已被手动标记为过期", "extra": {"token_type": "access_token"}}
{"ts": "2025-11-25T18:13:34.095828Z", "level": "ERROR", "event": "TOKEN.REFRESHER.TOKEN_EXPIRED", "event_code": "TOKEN.REFRESHER.TOKEN_EXPIRED", "trace_id": "TRC-20251125181334-3cf90e8e4d59", "service": "voidpoly", "msg": "Token 已被手动标记为过期: 访问 Token", "error_code": "E-TOKEN-001", "extra": {"token_type": "access_token", "description": "访问 Token", "manual_expire": true}}
{"ts": "2025-11-25T18:13:34.095828Z", "level": "WARN", "event": "TOKEN.API.EXPIRE", "event_code": "TOKEN.API.EXPIRE", "trace_id": "TRC-20251125181334-3cf90e8e4d59", "service": "voidpoly", "msg": "手动标记 Token 为过期", "extra": {"user": "admin", "token_type": "access_token"}}
{"ts": "2025-11-25T18:13:34.412392Z", "level": "INFO", "event": "TOKEN.API.STATUS.GET", "event_code": "TOKEN.API.STATUS.GET", "trace_id": "TRC-20251125181334-380e852ce658", "service": "voidpoly", "msg": "获取 Token 状态", "extra": {"user": "admin", "token_count": 3}}
{"ts": "2025-11-25T18:13:51.233180Z", "level": "INFO", "event": "EVT-1003", "event_code": "EVT-1003", "trace_id": "TRC-20251125181351-76bcc5cdc84b", "service": "voidpoly", "msg": "全局事件注册完成", "extra": {"total_events": "70+", "total_errors": "39+"}}
{"ts": "2025-11-25T18:13:51.259190Z", "level": "INFO", "event": "TOKEN.REFRESHER.TABLE_INIT", "event_code": "TOKEN.REFRESHER.TABLE_INIT", "trace_id": "TRC-20251125181351-76bcc5cdc84b", "service": "voidpoly", "msg": "Token 刷新管理器数据库表初始化成功"}
{"ts": "2025-11-25T18:13:51.261171Z", "level": "INFO", "event": "TOKEN.REFRESHER.THREAD_STARTED", "event_code": "TOKEN.REFRESHER.THREAD_STARTED", "trace_id": "TRC-20251125181351-530d29861478", "service": "voidpoly", "msg": "Token 检查线程已启动", "extra": {"check_interval_minutes": 10}}
{"ts": "2025-11-25T18:13:51.261171Z", "level": "INFO", "event": "TOKEN.REFRESHER.STARTED", "event_code": "TOKEN.REFRESHER.STARTED", "trace_id": "TRC-20251125181351-76bcc5cdc84b", "service": "voidpoly", "msg": "Token 刷新管理器已启动"}
{"ts": "2025-11-25T18:13:51.262171Z", "level": "INFO", "event": "TOKEN.REFRESHER.INIT", "event_code": "TOKEN.REFRESHER.INIT", "trace_id": "TRC-20251125181351-76bcc5cdc84b", "service": "voidpoly", "msg": "Token 刷新管理器初始化完成", "extra": {"check_interval_minutes": 10, "auto_start": true}}
{"ts": "2025-11-25T18:13:51.286231Z", "level": "INFO", "event": "TOKEN.REFRESHER.CHECK_COMPLETED", "event_code": "TOKEN.REFRESHER.CHECK_COMPLETED", "trace_id": "TRC-20251125181351-530d29861478", "service": "voidpoly", "msg": "Token 过期检查完成", "extra": {"total_tokens": 3, "expired_tokens": 1}}
{"ts": "2025-11-25T18:13:51.291231Z", "level": "INFO", "event": "API.SERVER.START", "event_code": "API.SERVER.START", "trace_id": "TRC-20251125181351-76bcc5cdc84b", "service": "voidpoly", "msg": "API 服务器启动", "extra": {"host": "0.0.0.0", "port": 5000}}
{"ts": "2025-11-26T14:51:19.386043Z", "level": "INFO", "event": "EVT-1003", "event_code": "EVT-1003", "trace_id": "TRC-20251126145119-d846308a28ed", "service": "voidpoly", "msg": "全局事件注册完成", "extra": {"total_events": "70+", "total_errors": "39+"}}
{"ts": "2025-11-26T14:51:19.414050Z", "level": "INFO", "event": "TOKEN.REFRESHER.TABLE_INIT", "event_code": "TOKEN.REFRESHER.TABLE_INIT", "trace_id": "TRC-20251126145119-d846308a28ed", "service": "voidpoly", "msg": "Token 刷新管理器数据库表初始化成功"}
{"ts": "2025-11-26T14:51:19.416051Z", "level": "INFO", "event": "TOKEN.REFRESHER.THREAD_STARTED", "event_code": "TOKEN.REFRESHER.THREAD_STARTED", "trace_id": "TRC-20251126145119-4f89c70a4b78", "service": "voidpoly", "msg": "Token 检查线程已启动", "extra": {"check_interval_minutes": 10}}
{"ts": "2025-11-26T14:51:19.416051Z", "level": "INFO", "event": "TOKEN.REFRESHER.STARTED", "event_code": "TOKEN.REFRESHER.STARTED", "trace_id": "TRC-20251126145119-d846308a28ed", "service": "voidpoly", "msg": "Token 刷新管理器已启动"}
{"ts": "2025-11-26T14:51:19.416051Z", "level": "INFO", "event": "TOKEN.REFRESHER.INIT", "event_code": "TOKEN.REFRESHER.INIT", "trace_id": "TRC-20251126145119-d846308a28ed", "service": "voidpoly", "msg": "Token 刷新管理器初始化完成", "extra": {"check_interval_minutes": 10, "auto_start": true}}
{"ts": "2025-11-26T14:51:19.441049Z", "level": "INFO", "event": "TOKEN.REFRESHER.CHECK_COMPLETED", "event_code": "TOKEN.REFRESHER.CHECK_COMPLETED", "trace_id": "TRC-20251126145119-4f89c70a4b78", "service": "voidpoly", "msg": "Token 过期检查完成", "extra": {"total_tokens": 3, "expired_tokens": 1}}
{"ts": "2025-11-26T14:51:19.455099Z", "level": "INFO", "event": "API.SERVER.START", "event_code": "API.SERVER.START", "trace_id": "TRC-20251126145119-d846308a28ed", "service": "voidpoly", "msg": "API 服务器启动", "extra": {"host": "0.0.0.0", "port": 5000}}
{"ts": "2025-11-26T14:51:29.602708Z", "level": "INFO", "event": "TOKEN.REFRESHER.CHECK_COMPLETED", "event_code": "TOKEN.REFRESHER.CHECK_COMPLETED", "trace_id": "TRC-20251125180513-30dac5af5bbc", "service": "voidpoly", "msg": "Token 过期检查完成", "extra": {"total_tokens": 3, "expired_tokens": 1}}
{"ts": "2025-11-26T14:53:40.421906Z", "level": "INFO", "event": "TOKEN.API.STATUS.GET", "event_code": "TOKEN.API.STATUS.GET", "trace_id": "TRC-20251126145340-be9ca9d41d40", "service": "voidpoly", "msg": "获取 Token 状态", "extra": {"user": "admin", "token_count": 3}}
{"ts": "2025-11-26T14:55:06.577455Z", "level": "INFO", "event": "TOKEN.API.STATUS.GET", "event_code": "TOKEN.API.STATUS.GET", "trace_id": "TRC-20251126145506-925258055137", "service": "voidpoly", "msg": "获取 Token 状态", "extra": {"user": "admin", "token_count": 3}}
{"ts": "2025-11-26T15:00:21.545700Z", "level": "INFO", "event": "EVT-1003", "event_code": "EVT-1003", "trace_id": "TRC-20251126150021-ba856d7f9a1c", "service": "voidpoly", "msg": "全局事件注册完成", "extra": {"total_events": "70+", "total_errors": "39+"}}
{"ts": "2025-11-26T15:00:21.567702Z", "level": "INFO", "event": "TOKEN.REFRESHER.TABLE_INIT", "event_code": "TOKEN.REFRESHER.TABLE_INIT", "trace_id": "TRC-20251126150021-ba856d7f9a1c", "service": "voidpoly", "msg": "Token 刷新管理器数据库表初始化成功"}
{"ts": "2025-11-26T15:00:21.569701Z", "level": "INFO", "event": "TOKEN.REFRESHER.THREAD_STARTED", "event_code": "TOKEN.REFRESHER.THREAD_STARTED", "trace_id": "TRC-20251126150021-3780410ff4d7", "service": "voidpoly", "msg": "Token 检查线程已启动", "extra": {"check_interval_minutes": 10}}
{"ts": "2025-11-26T15:00:21.569701Z", "level": "INFO", "event": "TOKEN.REFRESHER.STARTED", "event_code": "TOKEN.REFRESHER.STARTED", "trace_id": "TRC-20251126150021-ba856d7f9a1c", "service": "voidpoly", "msg": "Token 刷新管理器已启动"}
{"ts": "2025-11-26T15:00:21.570705Z", "level": "INFO", "event": "TOKEN.REFRESHER.INIT", "event_code": "TOKEN.REFRESHER.INIT", "trace_id": "TRC-20251126150021-ba856d7f9a1c", "service": "voidpoly", "msg": "Token 刷新管理器初始化完成", "extra": {"check_interval_minutes": 10, "auto_start": true}}
{"ts": "2025-11-26T15:00:21.594696Z", "level": "INFO", "event": "TOKEN.REFRESHER.CHECK_COMPLETED", "event_code": "TOKEN.REFRESHER.CHECK_COMPLETED", "trace_id": "TRC-20251126150021-3780410ff4d7", "service": "voidpoly", "msg": "Token 过期检查完成", "extra": {"total_tokens": 3, "expired_tokens": 1}}
{"ts": "2025-11-26T15:00:21.604696Z", "level": "INFO", "event": "API.SERVER.START", "event_code": "API.SERVER.START", "trace_id": "TRC-20251126150021-ba856d7f9a1c", "service": "voidpoly", "msg": "API 服务器启动", "extra": {"host": "0.0.0.0", "port": 5000}}
